image,class,confidence,x_min,y_min,x_max,y_max
DamageCon1.png,DAMAGE - HOLE,0.21694253385066986,486.74786376953125,217.6566925048828,537.8713989257812,313.6230163574219
DamageCon1.png,DENT,0.1346564143896103,356.5367736816406,223.1399383544922,395.2667541503906,284.6087951660156
DamageCon1.png,DAMAGE - HOLE,0.12325107306241989,398.6735534667969,293.53936767578125,445.7738342285156,352.1831970214844
DamageCon1.png,DAMAGE - HOLE,0.09888172894716263,393.3345642089844,272.6919860839844,450.9404296875,368.7491149902344
DamageCon1.png,DAMAGE - HOLE,0.09176524728536606,383.1064453125,218.9153289794922,453.30029296875,364.7169494628906
DamageCon1.png,DAMAGE - HOLE,0.08151418715715408,468.8744812011719,213.9527587890625,548.324462890625,320.1080017089844
DamageCon1.png,DENT,0.05999878793954849,757.7952270507812,306.2666931152344,791.9440307617188,370.8526916503906
DamageCon1.png,DENT,0.05856411159038544,349.9362487792969,211.063232421875,399.2564697265625,290.4911804199219
DamageCon1.png,DENT,0.05154072865843773,698.6318359375,120.4998779296875,766.1336059570312,344.2452087402344
DamageCon1.png,DAMAGE - HOLE,0.04904353991150856,352.3950500488281,207.62637329101562,406.6918640136719,306.9115905761719
DamageCon1.png,DENT,0.043257683515548706,564.4769897460938,407.9849548339844,628.8974609375,469.2749938964844
DamageCon1.png,DENT,0.042241327464580536,697.0359497070312,211.6031951904297,774.3570556640625,358.6607360839844
DamageCon1.png,DENT,0.04143930599093437,702.4268188476562,222.213134765625,749.982666015625,325.827392578125
DamageCon1.png,DAMAGE - HOLE,0.04041258245706558,397.5434265136719,288.2038269042969,456.4109802246094,355.6696472167969
DamageCon1.png,DAMAGE - HOLE,0.040017854422330856,348.8053283691406,215.7018585205078,394.496826171875,291.5361328125
DamageCon1.png,DENT,0.03957303613424301,698.1717529296875,221.12588500976562,753.6473388671875,358.6376953125
DamageCon1.png,DENT,0.03950458765029907,727.4695434570312,127.3321762084961,765.0386962890625,192.33181762695312
DamageCon1.png,DENT,0.03689413517713547,698.4041137695312,200.7224578857422,766.0714721679688,326.0285339355469
DamageCon1.png,DENT,0.03334810584783554,736.9849243164062,231.45298767089844,798.1195678710938,381.3675231933594
DamageCon1.png,DENT,0.03051951341331005,560.7307739257812,391.8698425292969,634.1700439453125,475.8688659667969
DamageCon1.png,DENT,0.02799738571047783,751.2852783203125,292.341064453125,798.5839233398438,373.858154296875
DamageCon1.png,DENT,0.027884606271982193,695.0958862304688,160.22886657714844,757.9411010742188,338.7056579589844
DamageCon1.png,DAMAGE - RUST,0.025881174951791763,856.6502075195312,145.5128173828125,901.0177612304688,386.0388488769531
DamageCon1.png,DAMAGE - HOLE,0.024899760261178017,462.356689453125,217.59410095214844,546.845458984375,348.23980712890625
DamageCon1.png,DAMAGE - RUST,0.024377016350626945,968.6889038085938,146.06289672851562,1004.1361694335938,362.03790283203125
DamageCon1.png,DAMAGE - HOLE,0.023436058312654495,482.88580322265625,200.80740356445312,541.1242065429688,321.7137145996094
DamageCon1.png,DAMAGE - HOLE,0.021035440266132355,477.51416015625,188.1912078857422,558.7890014648438,320.6684265136719
DamageCon1.png,DENT,0.01815389283001423,715.8825073242188,107.078857421875,770.3766479492188,314.9745788574219
DamageCon1.png,DENT,0.017961835488677025,342.0851745605469,205.7294464111328,415.4655456542969,343.660888671875
DamageCon1.png,DENT,0.016078898683190346,746.1044311523438,274.8088073730469,793.3316040039062,438.22998046875
DamageCon1.png,DENT,0.015003032982349396,340.8963317871094,205.3164520263672,397.50787353515625,298.61383056640625
DamageCon1.png,DENT,0.01439887285232544,481.7917175292969,198.13633728027344,556.9042358398438,321.9466857910156
DamageCon1.png,DAMAGE - RUST,0.013821032829582691,479.6598205566406,156.3599090576172,543.9510498046875,477.35406494140625
DamageCon1.png,DENT,0.012807406485080719,367.1085510253906,190.2727813720703,480.5268249511719,347.7000427246094
DamageCon1.png,DENT,0.012749400921165943,345.9408264160156,207.78636169433594,440.1752014160156,341.5790710449219
DamageCon1.png,DENT,0.01259471196681261,87.1898422241211,371.6888732910156,126.29741668701172,424.67333984375
DamageCon1.png,DENT,0.012356624938547611,448.2685546875,197.16015625,538.3663940429688,353.7443542480469
DamageCon1.png,DENT,0.012011582963168621,692.7504272460938,212.5283660888672,750.0158081054688,337.9820861816406
DamageCon1.png,DENT,0.011890917085111141,699.68505859375,220.36782836914062,794.9109497070312,370.0932312011719
DamageCon1.png,DENT,0.011472229845821857,433.5390319824219,184.2489471435547,541.7090454101562,378.4727478027344
DamageCon1.png,DENT,0.011375333182513714,337.9788513183594,140.9886932373047,432.794189453125,339.6155090332031
DamageCon1.png,DENT,0.011102158576250076,349.417236328125,49.03774642944336,425.1925964355469,325.7645568847656
DamageCon1.png,DENT,0.011051388457417488,748.8447265625,291.6769104003906,792.416015625,401.6770935058594
DamageCon1.png,DAMAGE - RUST,0.010780930519104004,849.8226928710938,147.92808532714844,884.3451538085938,427.34429931640625
DamageCon1.png,DENT,0.010315780527889729,484.35089111328125,191.09117126464844,540.0838012695312,349.4676818847656
DamageCon1.png,DAMAGE - RUST,0.009898199699819088,551.1139526367188,54.68098068237305,591.7030639648438,277.1002502441406
DamageCon1.png,DENT,0.009797601960599422,341.3407897949219,177.74327087402344,420.9032897949219,316.8377380371094
DamageCon1.png,DAMAGE - HOLE,0.009692645631730556,480.46435546875,122.91289520263672,553.8368530273438,329.3787536621094
DamageCon1.png,DAMAGE - RUST,0.009687045589089394,378.44921875,0.0,432.0016174316406,400.2424011230469
DamageCon1.png,DAMAGE - RUST,0.00962918158620596,0.0,233.56021118164062,50.742916107177734,510.1155700683594
DamageCon1.png,DAMAGE - RUST,0.009217876009643078,0.0,0.0,58.53738021850586,488.1759948730469
DamageCon1.png,DAMAGE - RUST,0.009100056253373623,854.6857299804688,154.6208953857422,893.8908081054688,421.3454284667969
DamageCon1.png,DAMAGE - RUST,0.008723011240363121,0.0,17.488378524780273,43.56113815307617,503.1250915527344
DamageCon1.png,DENT,0.008701606653630733,560.8170166015625,398.1217346191406,671.3171997070312,465.9693908691406
DamageCon1.png,DENT,0.008628863841295242,684.599609375,87.96443176269531,788.2390747070312,372.0800476074219
DamageCon1.png,DAMAGE - RUST,0.008226156234741211,850.978515625,133.08384704589844,886.298828125,279.00689697265625
DamageCon1.png,DENT,0.007851400412619114,694.0214233398438,133.4529266357422,763.0247192382812,203.72976684570312
DamageCon1.png,DENT,0.007147998083382845,468.98388671875,173.0462188720703,573.3469848632812,360.5351257324219
DamageCon1.png,DAMAGE - RUST,0.0071082040667533875,361.0947265625,5.757763862609863,448.1392517089844,376.1695861816406
DamageCon1.png,DENT,0.00698636332526803,79.78475952148438,354.73590087890625,150.62705993652344,540.2274169921875
DamageCon1.png,DENT,0.006890042219310999,394.2251281738281,229.89907836914062,470.8231506347656,370.878173828125
DamageCon1.png,DAMAGE - RUST,0.006729312241077423,441.1874084472656,426.6634216308594,644.8681030273438,500.8075866699219
DamageCon1.png,DENT,0.006206754595041275,531.2083129882812,397.8013610839844,636.80126953125,488.82208251953125
DamageCon1.png,DAMAGE - DEFRAME,0.0061819301918148994,845.24658203125,124.4651870727539,953.5358276367188,388.8726501464844
DamageCon1.png,DENT,0.005997699685394764,717.2074584960938,108.1371078491211,772.8192138671875,210.2633819580078
DamageCon1.png,DAMAGE - RUST,0.0058893486857414246,850.7919311523438,134.24191284179688,884.90869140625,354.3876037597656
DamageCon1.png,DENT,0.0058446722105145454,419.7689514160156,211.00927734375,533.3907470703125,349.27862548828125
DamageCon1.png,DAMAGE - RUST,0.005707941949367523,859.54931640625,136.9728546142578,901.5624389648438,283.33795166015625
DamageCon1.png,DAMAGE - RUST,0.005697435699403286,550.3787231445312,33.2230224609375,595.2828369140625,329.7541809082031
DamageCon1.png,DAMAGE - RUST,0.005667967721819878,863.2449340820312,144.75241088867188,898.7648315429688,316.9479064941406
DamageCon1.png,DENT,0.005599458701908588,658.7719116210938,77.89936828613281,770.1707153320312,374.9678649902344
DamageCon1.png,DAMAGE - HOLE,0.005528077017515898,486.204833984375,45.88483810424805,577.4376831054688,268.56414794921875
DamageCon1.png,DENT,0.005511777475476265,85.93346405029297,461.09942626953125,141.9149627685547,537.5258178710938
DamageCon1.png,DENT,0.0054674772545695305,125.4753189086914,203.8125,205.7758026123047,261.2738342285156
DamageCon1.png,DAMAGE - RUST,0.005406809505075216,852.7906494140625,116.8783187866211,910.8370971679688,262.269775390625
DamageCon1.png,DENT,0.005302362609654665,472.8278503417969,37.626708984375,573.1980590820312,352.0322265625
DamageCon1.png,DENT,0.005255968775600195,684.2301635742188,226.70059204101562,793.4852294921875,434.32421875
DamageCon1.png,DENT,0.005244463216513395,333.75177001953125,197.018798828125,389.90557861328125,329.8514099121094
DamageCon1.png,DENT,0.004995453637093306,65.3843765258789,282.0672302246094,154.0514678955078,543.2621459960938
DamageCon1.png,DENT,0.004894803278148174,80.19654846191406,446.3926696777344,172.8270721435547,540.8312377929688
DamageCon1.png,DAMAGE - RUST,0.004799713380634785,385.06201171875,0.1116943359375,420.4327697753906,225.7425994873047
DamageCon1.png,DAMAGE - RUST,0.004754685331135988,955.0824584960938,138.555419921875,1005.6527709960938,286.9812927246094
DamageCon1.png,DAMAGE - RUST,0.004685499239712954,381.97979736328125,4.828125,423.44268798828125,290.0907287597656
DamageCon1.png,DAMAGE - RUST,0.004681733436882496,173.82373046875,41.0854606628418,230.3253631591797,418.787109375
DamageCon1.png,DAMAGE - RUST,0.004612640477716923,489.090576171875,416.0341796875,634.6090698242188,497.68994140625
DamageCon1.png,DAMAGE - RUST,0.004517033696174622,383.07989501953125,179.2375946044922,446.5049743652344,455.88995361328125
DamageCon1.png,DAMAGE - RUST,0.004496407229453325,0.01459350623190403,10.12677001953125,53.78915023803711,384.1205139160156
DamageCon1.png,DAMAGE - RUST,0.004486963618546724,383.726806640625,227.11045837402344,460.9046325683594,438.8094177246094
DamageCon1.png,DAMAGE - RUST,0.004472607281059027,856.6403198242188,194.368408203125,890.4628295898438,392.46246337890625
DamageCon1.png,DAMAGE - RUST,0.004391266964375973,470.90313720703125,159.84197998046875,560.9929809570312,492.6261901855469
DamageCon1.png,DENT,0.00432791281491518,74.29986572265625,336.9372253417969,134.06719970703125,529.1150512695312
DamageCon1.png,DAMAGE - RUST,0.004301952663809061,384.55517578125,0.901196300983429,435.783203125,259.5320739746094
DamageCon1.png,DENT,0.004256955347955227,482.1475524902344,419.0851135253906,644.4775390625,495.751220703125
DamageCon1.png,DENT,0.004157805349677801,112.2292709350586,183.05482482910156,213.4666748046875,276.1227111816406
DamageCon1.png,DENT,0.00410253694280982,465.3482971191406,112.84465789794922,578.8563232421875,374.9029235839844
DamageCon1.png,DAMAGE - RUST,0.004097871482372284,852.0025634765625,182.2174835205078,880.7517700195312,400.1905212402344
DamageCon1.png,DAMAGE - RUST,0.004027277696877718,0.21722106635570526,313.0914001464844,38.52843475341797,493.4937438964844
DamageCon1.png,DAMAGE - RUST,0.0039450060576200485,844.7286987304688,115.7276840209961,889.0964965820312,231.30186462402344
DamageCon1.png,DENT,0.0039156232960522175,401.6778869628906,224.54673767089844,510.4286804199219,355.215087890625
DamageCon1.png,DENT,0.003880854696035385,80.62796783447266,402.7525329589844,201.4692840576172,538.2667846679688
DamageCon1.png,DENT,0.0038331171963363886,361.7597351074219,117.19571685791016,482.65484619140625,342.16436767578125
DamageCon1.png,DAMAGE - RUST,0.0038201261777430773,172.1839599609375,162.97544860839844,221.47105407714844,465.0108947753906
DamageCon1.png,DENT,0.003818193916231394,708.35888671875,238.815673828125,825.9960327148438,428.19122314453125
DamageCon1.png,DAMAGE - DEFRAME,0.003813439281657338,338.76275634765625,28.188770294189453,440.9305114746094,349.2401428222656
DamageCon1.png,DENT,0.0038093042094260454,386.0714416503906,201.404052734375,469.47174072265625,460.05792236328125
DamageCon1.png,DENT,0.0038011539727449417,296.1678771972656,67.9961929321289,417.7404479980469,347.9959411621094
DamageCon1.png,DENT,0.0037999642081558704,362.04364013671875,177.32821655273438,501.68896484375,451.88232421875
DamageCon1.png,DENT,0.0037857703864574432,558.6172485351562,159.65249633789062,590.443115234375,310.6258850097656
DamageCon1.png,DAMAGE - RUST,0.003729217918589711,870.298828125,160.7008819580078,919.7332153320312,231.48477172851562
DamageCon1.png,DAMAGE - RUST,0.0037287697196006775,0.0,107.9212875366211,53.48092269897461,561.0563354492188
DamageCon1.png,DAMAGE - DEFRAME,0.0037248393055051565,357.5215759277344,24.552661895751953,484.5057678222656,356.33905029296875
DamageCon1.png,DENT,0.003702593734487891,741.44189453125,375.1232604980469,777.5846557617188,441.6672058105469
DamageCon1.png,DAMAGE - RUST,0.00368592981249094,333.90673828125,0.0,460.8563537597656,383.8123474121094
DamageCon1.png,DENT,0.0036693525034934282,269.8385925292969,69.7065200805664,305.8821105957031,142.97813415527344
DamageCon1.png,DAMAGE - RUST,0.003650219179689884,271.47515869140625,67.79517364501953,305.0702819824219,137.34214782714844
DamageCon1.png,DENT,0.003602433716878295,176.32554626464844,405.75958251953125,213.381103515625,477.9299011230469
DamageCon1.png,DENT,0.003528573550283909,69.3909683227539,425.7315368652344,149.3145751953125,541.0095825195312
DamageCon1.png,DAMAGE - RUST,0.0035280068404972553,388.61395263671875,1.1800049543380737,430.7469787597656,191.1226043701172
DamageCon1.png,DENT,0.0034944091457873583,178.51004028320312,409.4747009277344,212.9322052001953,457.73565673828125
DamageCon1.png,DAMAGE - RUST,0.003462587483227253,0.0,4.6849365234375,53.5236930847168,245.0745086669922
DamageCon1.png,DENT,0.0034288184251636267,394.7286071777344,180.76170349121094,565.7809448242188,476.7038269042969
DamageCon1.png,DENT,0.00342370942234993,83.27339935302734,357.5252380371094,136.84999084472656,518.2420043945312
DamageCon1.png,DAMAGE - RUST,0.0033738629426807165,971.6804809570312,124.53828430175781,1021.4635009765625,363.2797546386719
DamageCon1.png,DENT,0.0033388675656169653,161.6138458251953,199.9561004638672,213.0408935546875,261.583984375
DamageCon1.png,DENT,0.00333494134247303,754.9235229492188,302.25054931640625,809.6880493164062,371.2845153808594
DamageCon1.png,DAMAGE - RUST,0.0032729997765272856,389.4623107910156,9.423242568969727,420.3482360839844,177.9534912109375
DamageCon1.png,DENT,0.003198788035660982,88.36003875732422,425.9794921875,159.4638214111328,532.0090942382812
DamageCon1.png,DAMAGE - RUST,0.0031806810293346643,269.19171142578125,40.04899978637695,308.048828125,150.0045623779297
DamageCon1.png,DAMAGE - RUST,0.003153123427182436,382.3917541503906,0.0,472.63043212890625,365.3042907714844
DamageCon1.png,DENT,0.0031456234864890575,71.13662719726562,458.9317932128906,138.53262329101562,543.2171630859375
DamageCon1.png,DAMAGE - RUST,0.0031055237632244825,157.3666534423828,156.4468536376953,223.1344757080078,330.8482360839844
DamageCon1.png,DENT,0.0031025493517518044,552.8915405273438,143.78660583496094,589.7118530273438,336.7283630371094
DamageCon1.png,DENT,0.0031025155913084745,710.8446044921875,198.1007843017578,802.6211547851562,394.89990234375
DamageCon1.png,DAMAGE - RUST,0.003095261985436082,861.6160278320312,113.7435531616211,946.1031494140625,202.23843383789062
DamageCon1.png,DAMAGE - DEFRAME,0.003061308991163969,396.5484313964844,28.62946891784668,556.1348876953125,390.0164489746094
DamageCon1.png,DAMAGE - RUST,0.003024676814675331,382.521484375,6.293115139007568,441.806640625,314.9631042480469
DamageCon1.png,DENT,0.0029413243755698204,120.264404296875,202.69590759277344,181.7798309326172,267.113525390625
DamageCon1.png,DENT,0.002933305688202381,553.9552612304688,364.3562927246094,631.7123413085938,480.927978515625
DamageCon1.png,DENT,0.0029011748265475035,347.2855529785156,237.0253448486328,458.5938415527344,363.6571960449219
DamageCon1.png,DENT,0.0028922257479280233,701.7597045898438,141.81922912597656,826.33837890625,404.93701171875
DamageCon1.png,DAMAGE - RUST,0.0028865025378763676,168.0015106201172,145.4245147705078,223.0724639892578,571.1210327148438
DamageCon1.png,DAMAGE - RUST,0.0028809192590415478,0.32082825899124146,0.931933581829071,31.163925170898438,205.87942504882812
DamageCon1.png,DAMAGE - RUST,0.0028440591413527727,392.7016906738281,13.15396785736084,430.0770568847656,144.7496337890625
DamageCon1.png,DAMAGE - RUST,0.0027818467933684587,454.27099609375,147.6433563232422,562.0440673828125,347.47271728515625
DamageCon1.png,DENT,0.002762310206890106,164.7879180908203,393.736572265625,219.6103515625,536.0624389648438
DamageCon1.png,DENT,0.0027573390398174524,108.64472961425781,390.4044494628906,214.3731231689453,529.5675659179688
DamageCon1.png,DAMAGE - RUST,0.002751536900177598,864.7236328125,143.00474548339844,926.0166015625,225.5343780517578
DamageCon1.png,DENT,0.002543621463701129,720.53662109375,115.7110595703125,787.20947265625,202.0033416748047
DamageCon1.png,DENT,0.0025318770203739405,553.9130859375,379.445068359375,671.6351928710938,470.7501525878906
DamageCon1.png,DAMAGE - RUST,0.0025194271001964808,0.03695068508386612,306.44427490234375,42.65338134765625,546.2844848632812
DamageCon1.png,DENT,0.0024964772164821625,171.25621032714844,392.5146179199219,224.4892120361328,506.01422119140625
DamageCon1.png,DAMAGE - DEFRAME,0.0024740465451031923,687.3642578125,80.39360809326172,846.6565551757812,383.3113708496094
DamageCon1.png,DAMAGE - RUST,0.00242506992071867,974.0691528320312,158.71817016601562,1009.609375,390.0223693847656
DamageCon1.png,DAMAGE - RUST,0.0024109960068017244,819.8406372070312,105.4599838256836,881.8331909179688,206.544677734375
DamageCon1.png,DAMAGE - RUST,0.002410327550023794,387.1259765625,402.3072204589844,689.1032104492188,529.64453125
DamageCon1.png,DAMAGE - RUST,0.0023954417556524277,535.2543334960938,39.822608947753906,585.4679565429688,252.62217712402344
DamageCon1.png,DAMAGE - RUST,0.0023616584949195385,386.5042724609375,208.277587890625,477.5968933105469,485.4345397949219
DamageCon1.png,DAMAGE - DEFRAME,0.0023065852001309395,347.0947570800781,0.0,527.4086303710938,372.3623046875
DamageCon1.png,DAMAGE - RUST,0.002295003505423665,0.10502929985523224,9.607958793640137,38.46809005737305,343.1513366699219
DamageCon1.png,DAMAGE - DEFRAME,0.0022572767920792103,951.111328125,134.03765869140625,1024.0,383.3787536621094
DamageCon1.png,DENT,0.0022503111977130175,561.3163452148438,400.1540222167969,789.7462158203125,462.4544982910156
DamageCon1.png,DAMAGE - HOLE,0.002238777233287692,533.5711059570312,59.7073974609375,586.8052978515625,250.79344177246094
DamageCon1.png,DENT,0.00221088039688766,739.9396362304688,328.6077575683594,792.3336181640625,437.78253173828125
DamageCon1.png,DAMAGE - RUST,0.0022056724410504103,977.6240234375,158.27906799316406,1023.5584106445312,380.9417419433594
DamageCon1.png,DENT,0.002111276611685753,716.7185668945312,199.6249542236328,792.0285034179688,452.0546875
DamageCon1.png,DAMAGE - DEFRAME,0.002110093366354704,903.2099609375,129.39756774902344,1022.0556640625,392.3565368652344
DamageCon1.png,DENT,0.0021024574525654316,613.0914916992188,266.91192626953125,783.8629760742188,441.85919189453125
DamageCon1.png,DENT,0.0020720064640045166,483.6955261230469,170.3882293701172,562.8904418945312,490.7816467285156
DamageCon1.png,DENT,0.002046286826953292,720.2781982421875,382.7369689941406,777.6746826171875,451.4068908691406
DamageCon1.png,DAMAGE - RUST,0.002044486114755273,0.0,0.0,74.21638488769531,572.54736328125
DamageCon1.png,DAMAGE - DEFRAME,0.002041739411652088,562.0575561523438,40.273193359375,966.6630249023438,476.71563720703125
DamageCon1.png,DAMAGE - RUST,0.002039575017988682,385.9108581542969,183.38790893554688,516.4164428710938,387.3800964355469
DamageCon1.png,DAMAGE - RUST,0.0019987737759947777,826.3474731445312,129.8072052001953,873.9877319335938,238.6637420654297
DamageCon1.png,DAMAGE - RUST,0.0019870365504175425,428.2474670410156,6.09442138671875,474.7955017089844,139.71678161621094
DamageCon1.png,DENT,0.001982557587325573,86.9544448852539,356.11993408203125,128.1905517578125,435.2066345214844
DamageCon1.png,DENT,0.0019703861325979233,664.0092163085938,156.3997039794922,767.3722534179688,344.3036193847656
DamageCon1.png,DENT,0.001959271263331175,143.8191375732422,178.1975860595703,219.44517517089844,276.2574462890625
DamageCon1.png,DAMAGE - RUST,0.0018786642467603087,423.3171081542969,0.0,468.51513671875,223.95108032226562
DamageCon1.png,DAMAGE - HOLE,0.0018467595800757408,469.7577209472656,35.05183029174805,571.1803588867188,328.9828796386719
DamageCon1.png,DAMAGE - RUST,0.0018399768741801381,173.8065185546875,184.30831909179688,225.7465057373047,308.6717834472656
DamageCon1.png,DENT,0.0018368973396718502,99.5618667602539,196.1570281982422,195.84219360351562,265.9909362792969
DamageCon1.png,DAMAGE - RUST,0.0018306664424017072,183.5080108642578,5.289013862609863,238.6217803955078,333.8866882324219
DamageCon1.png,DAMAGE - HOLE,0.0018202541396021843,447.0243835449219,0.589648425579071,588.7648315429688,325.5186767578125
DamageCon1.png,DAMAGE - RUST,0.001800594269298017,399.43731689453125,3.823315382003784,469.8612365722656,313.1183776855469
DamageCon1.png,DENT,0.001791310729458928,562.0925903320312,43.76544189453125,766.4820556640625,383.4317321777344
DamageCon1.png,DAMAGE - RUST,0.00178695993963629,382.5502624511719,166.53453063964844,542.8755493164062,491.8507385253906
DamageCon1.png,DENT,0.0017839608481153846,439.7391662597656,203.4851531982422,600.2150268554688,482.296875
DamageCon1.png,DENT,0.0017818835331127048,522.222900390625,45.3505859375,590.9271240234375,312.8744812011719
DamageCon1.png,DAMAGE - DEFRAME,0.0017726556397974491,363.6058654785156,0.0,780.7545166015625,375.4577331542969
DamageCon1.png,DAMAGE - RUST,0.0017555293161422014,165.69924926757812,78.98320770263672,230.7019805908203,349.3224182128906
DamageCon1.png,DAMAGE - DEFRAME,0.0017512758495286107,330.0617370605469,0.0,469.86474609375,362.8809509277344
DamageCon1.png,DENT,0.0017501967959105968,63.55031967163086,459.2585144042969,306.3995666503906,540.5895385742188
DamageCon1.png,DAMAGE - RUST,0.0017307369271293283,856.9506225585938,150.6155548095703,919.9072265625,293.37347412109375
DamageCon1.png,DAMAGE - RUST,0.0017045381246134639,404.3415222167969,452.5751953125,500.4208068847656,503.6483459472656
DamageCon1.png,DENT,0.0016753391828387976,512.6790161132812,264.26519775390625,629.1755981445312,490.6856994628906
DamageCon1.png,DAMAGE - DEFRAME,0.0016685923328623176,437.0363464355469,31.243555068969727,833.4511108398438,507.15234375
DamageCon1.png,DENT,0.0016456475714221597,687.0247192382812,85.90168762207031,772.5380249023438,221.3824920654297
DamageCon1.png,DAMAGE - RUST,0.0016334701795130968,432.0948181152344,7.789721965789795,575.4895629882812,349.7810974121094
DamageCon1.png,DENT,0.001629781210795045,92.09932708740234,108.8410415649414,129.33067321777344,164.32620239257812
DamageCon1.png,DENT,0.001626471639610827,325.4623718261719,170.56227111816406,464.1808166503906,438.7323913574219
DamageCon1.png,DENT,0.0016248031752184033,113.48540496826172,170.08811950683594,223.04116821289062,298.9356994628906
DamageCon1.png,DAMAGE - RUST,0.0015974758425727487,229.44717407226562,473.6752014160156,323.97613525390625,526.2894897460938
DamageCon1.png,DAMAGE - RUST,0.0015841962303966284,730.1152954101562,389.9501953125,774.009521484375,445.9434509277344
DamageCon1.png,DENT,0.0015829569892957807,552.2685546875,380.0646057128906,794.43994140625,465.9640197753906
DamageCon1.png,DENT,0.0015761363320052624,258.9891662597656,459.21173095703125,322.4513244628906,519.2032470703125
DamageCon1.png,DAMAGE - RUST,0.0015666978433728218,257.2485656738281,4.477099895477295,308.8090515136719,279.12139892578125
DamageCon1.png,DENT,0.001549745094962418,151.938232421875,197.08506774902344,216.2284698486328,273.0810546875
DamageCon1.png,DENT,0.0015429321210831404,670.0104370117188,156.51133728027344,802.6663208007812,433.9596252441406
DamageCon1.png,DAMAGE - DEFRAME,0.0015352513873949647,529.1712036132812,18.586950302124023,954.3515014648438,181.90309143066406
DamageCon1.png,DAMAGE - DEFRAME,0.0015282275853678584,780.6886596679688,105.0921401977539,940.388671875,389.55621337890625
DamageCon1.png,DAMAGE - DEFRAME,0.001526489737443626,799.3565673828125,114.95576477050781,912.24169921875,407.53125
DamageCon1.png,DENT,0.0015161378541961312,678.2213134765625,381.3258972167969,783.78076171875,460.6465759277344
DamageCon1.png,DAMAGE - RUST,0.0015040081925690174,139.67808532714844,57.088966369628906,278.0016174316406,488.072265625
DamageCon1.png,DAMAGE - RUST,0.0014886822318658233,436.4808654785156,454.6081237792969,513.7898559570312,498.64404296875
DamageCon1.png,DAMAGE - RUST,0.0014885984128341079,346.8997497558594,126.1534194946289,466.6459655761719,492.2526550292969
DamageCon1.png,DENT,0.00148233980871737,0.0,67.6131362915039,72.30192565917969,544.8209838867188
DamageCon1.png,DAMAGE - RUST,0.0014781344216316938,263.3252868652344,27.588281631469727,310.5534973144531,225.5216827392578
DamageCon1.png,DENT,0.001465038163587451,486.66339111328125,67.898681640625,641.68017578125,423.2251892089844
DamageCon1.png,DAMAGE - RUST,0.0014568931655958295,487.0047912597656,138.48403930664062,568.7926635742188,454.0132751464844
DamageCon1.png,DAMAGE - DEFRAME,0.0014560623094439507,452.7603454589844,16.347253799438477,667.0947265625,414.5534362792969
DamageCon1.png,DAMAGE - RUST,0.0014481291873380542,0.0324249267578125,95.84346008300781,38.369075775146484,420.0940856933594
DamageCon1.png,DENT,0.0014392121229320765,171.45323181152344,403.7005920410156,233.14927673339844,535.13916015625
DamageCon1.png,DAMAGE - RUST,0.0014241026947274804,0.0,18.757909774780273,119.79695129394531,545.27490234375
DamageCon1.png,DAMAGE - RUST,0.001411745324730873,845.3410034179688,148.6100616455078,922.4523315429688,379.25201416015625
DamageCon1.png,DAMAGE - DEFRAME,0.001403387519530952,297.30859375,85.89697265625,965.9519653320312,576.0
DamageCon1.png,DENT,0.0013896006857976317,546.90673828125,370.29522705078125,716.3651733398438,478.01446533203125
DamageCon1.png,DENT,0.0013874227879568934,389.20703125,8.0242919921875,478.1978454589844,370.3224792480469
DamageCon1.png,DAMAGE - RUST,0.0013781426241621375,350.7167663574219,169.1103973388672,465.5940856933594,414.0121154785156
DamageCon1.png,DAMAGE - RUST,0.001376279629766941,393.0816955566406,0.0,434.3793640136719,44.897335052490234
DamageCon1.png,DENT,0.001366300624795258,0.0,297.53411865234375,43.0899772644043,563.2789916992188
DamageCon1.png,DAMAGE - RUST,0.0013547369744628668,957.3705444335938,156.85475158691406,1000.2560424804688,325.2825622558594
DamageCon1.png,DAMAGE - RUST,0.0013524855021387339,172.07424926757812,394.44091796875,217.3861846923828,474.6288146972656
DamageCon1.png,DAMAGE - RUST,0.0013386275386437774,0.318197637796402,7.365918159484863,36.50752639770508,244.15835571289062
DamageCon1.png,DENT,0.00132298085372895,155.26683044433594,398.1003112792969,213.0598907470703,483.4958190917969
DamageCon1.png,DENT,0.0012855840614065528,508.0494689941406,369.0401306152344,659.1408081054688,489.1923828125
DamageCon1.png,DAMAGE - RUST,0.0012825630838051438,253.523681640625,473.06939697265625,331.1944274902344,522.4735107421875
DamageCon1.png,DENT,0.0012667134869843721,0.31564027070999146,243.4534149169922,37.6113395690918,382.8639831542969
DamageCon1.png,DAMAGE - RUST,0.0012636001920327544,453.09600830078125,8.54913330078125,495.42510986328125,106.82987213134766
DamageCon1.png,DAMAGE - RUST,0.0012597199529409409,179.00100708007812,184.40391540527344,230.9639434814453,448.6571960449219
DamageCon1.png,DENT,0.0012582462513819337,85.56757354736328,150.50120544433594,210.0316925048828,296.7017517089844
DamageCon1.png,DAMAGE - RUST,0.0012353830970823765,404.626708984375,0.0,508.48248291015625,40.674903869628906
DamageCon1.png,DENT,0.0012014803942292929,269.1383972167969,457.8851623535156,347.14483642578125,517.9675903320312
DamageCon1.png,DAMAGE - RUST,0.001196544268168509,448.93292236328125,11.105249404907227,495.02325439453125,132.79739379882812
DamageCon1.png,DENT,0.0011830144794657826,710.2348022460938,103.10845184326172,792.0747680664062,354.3046569824219
DamageCon1.png,DENT,0.0011825986439362168,254.20433044433594,458.0767517089844,305.0914001464844,520.568359375
DamageCon1.png,DENT,0.0011787349358201027,256.04864501953125,403.6462097167969,320.0965881347656,520.1349487304688
DamageCon1.png,DAMAGE - DEFRAME,0.0011676980648189783,512.52197265625,18.73486328125,822.2789306640625,438.562255859375
DamageCon1.png,DAMAGE - RUST,0.0011636684648692608,187.2223663330078,12.852856636047363,238.6528778076172,236.16006469726562
DamageCon1.png,DAMAGE - RUST,0.0011606584303081036,962.8935546875,46.7011604309082,1021.3404541015625,364.6965026855469
DamageCon1.png,DENT,0.0011573093943297863,172.0702362060547,401.9118347167969,222.43455505371094,474.24835205078125
DamageCon1.png,DENT,0.0011550973867997527,79.3845443725586,470.476318359375,154.43362426757812,547.8563232421875
DamageCon1.png,DENT,0.0011349504347890615,4.512109279632568,106.22051239013672,129.87112426757812,550.3653564453125
DamageCon1.png,DENT,0.0011335205053910613,750.824462890625,289.3727722167969,812.9229125976562,406.29620361328125
DamageCon1.png,DAMAGE - RUST,0.0011326196836307645,876.31298828125,136.6134490966797,953.8292236328125,209.2493438720703
DamageCon1.png,DAMAGE - RUST,0.0011304483050480485,985.91015625,288.8314514160156,1023.734375,390.1537170410156
DamageCon1.png,DENT,0.0011287685483694077,661.3800048828125,226.9727020263672,762.5252075195312,337.2237854003906
DamageCon1.png,DAMAGE - RUST,0.001122143934480846,565.2411499023438,404.201904296875,681.26806640625,470.60552978515625
DamageCon1.png,DAMAGE - RUST,0.0011118275579065084,0.0,256.84698486328125,60.28995895385742,560.4606323242188
DamageCon1.png,DENT,0.0010982853127643466,75.55266571044922,333.938720703125,130.9923858642578,427.54864501953125
DamageCon1.png,DAMAGE - RUST,0.0010970346629619598,879.8277587890625,109.63567352294922,968.2387084960938,174.1366729736328
DamageCon1.png,DENT,0.0010940065840259194,677.6224365234375,55.10573959350586,806.7448120117188,260.38201904296875
DamageCon1.png,DENT,0.0010935986647382379,668.2582397460938,401.36572265625,767.669921875,456.8669128417969
DamageCon1.png,DAMAGE - RUST,0.0010886229574680328,76.27201843261719,283.7432556152344,147.31069946289062,470.6502380371094
DamageCon1.png,DAMAGE - RUST,0.0010850044200196862,260.85186767578125,29.678686141967773,311.2186584472656,154.15859985351562
DamageCon1.png,DAMAGE - RUST,0.001078929752111435,128.6884002685547,134.3798370361328,252.57701110839844,488.6209411621094
DamageCon1.png,DENT,0.0010780940065160394,716.5056762695312,99.86260223388672,790.8679809570312,267.65838623046875
DamageCon1.png,DENT,0.0010745195904746652,105.01972961425781,75.4649429321289,232.8177490234375,514.9235229492188
DamageCon1.png,DAMAGE - RUST,0.0010580054949969053,328.46563720703125,0.0,398.5291442871094,371.63238525390625
DamageCon1.png,DAMAGE - RUST,0.0010496826143935323,172.7354278564453,386.2759704589844,225.58889770507812,493.3515625
DamageCon1.png,DAMAGE - RUST,0.0010399434249848127,439.304931640625,438.0993347167969,543.4420776367188,495.9268493652344
DamageCon1.png,DENT,0.0010244323639199138,709.7918090820312,399.2622985839844,769.7535400390625,450.9263610839844
DamageCon1.png,DENT,0.0010197213850915432,43.1060791015625,44.045021057128906,185.5821533203125,543.3651733398438
DamageCon1.png,DAMAGE - RUST,0.0010140998056158423,392.7536315917969,271.1742248535156,453.14208984375,481.5690612792969
DamageCon1.png,DAMAGE - DEFRAME,0.0010116088669747114,505.6708068847656,460.2333984375,982.6174926757812,576.0
DamageCon1.png,DENT,0.0010052339639514685,666.44580078125,120.1061782836914,759.8018798828125,220.23143005371094
DamageCon1.png,DAMAGE - RUST,0.0009981441544368863,544.3637084960938,34.17023849487305,618.3849487304688,258.37298583984375
DamageCon1.png,DAMAGE - RUST,0.0009979283204302192,93.21892547607422,60.292659759521484,132.19091796875,160.3441619873047
DamageCon1.png,DAMAGE - RUST,0.000978643773123622,741.3366088867188,69.64520263671875,931.8448486328125,182.66229248046875
DamageCon1.png,DENT,0.0009778542444109917,334.1490783691406,120.4867172241211,408.029541015625,329.8913269042969
DamageCon1.png,DAMAGE - RUST,0.0009621282806620002,157.25772094726562,0.0,236.30662536621094,337.0218811035156
DamageCon1.png,DENT,0.0009619546472094953,107.8062973022461,181.03404235839844,197.0751495361328,296.7350158691406
DamageCon1.png,DAMAGE - DEFRAME,0.0009539047023281455,432.41778564453125,0.0,849.4754028320312,273.2393493652344
DamageCon1.png,DENT,0.0009527353104203939,378.1906433105469,232.34678649902344,643.31689453125,493.728759765625
DamageCon1.png,DAMAGE - DEFRAME,0.0009523124317638576,749.1701049804688,106.83430480957031,818.34326171875,202.2399139404297
DamageCon1.png,DAMAGE - RUST,0.0009480204316787422,0.3221801817417145,500.06915283203125,38.14767074584961,576.0
DamageCon1.png,DAMAGE - RUST,0.000943226448725909,310.1724548339844,447.50958251953125,363.3373107910156,513.2696533203125
DamageCon1.png,DAMAGE - RUST,0.0009210991556756198,217.42662048339844,0.0,284.69903564453125,362.8106384277344
DamageCon1.png,DENT,0.000921007536817342,75.17142486572266,473.820556640625,198.51556396484375,548.2597045898438
DamageCon1.png,DAMAGE - RUST,0.0009205586393363774,860.40283203125,290.3022155761719,890.5827026367188,403.1036071777344
DamageCon1.png,DENT,0.0009199313935823739,31.252099990844727,306.6971740722656,126.4509506225586,549.2659301757812
DamageCon1.png,DAMAGE - RUST,0.0009141458431258798,73.87411499023438,154.46694946289062,182.92027282714844,493.6845397949219
DamageCon1.png,DAMAGE - DEFRAME,0.000905371445696801,677.5963745117188,56.19074630737305,895.9244995117188,245.23184204101562
DamageCon1.png,DAMAGE - RUST,0.0008929231553338468,541.4972534179688,88.00532531738281,593.8912353515625,457.5851745605469
DamageCon1.png,DENT,0.0008912562625482678,37.651039123535156,436.7477722167969,115.6230697631836,555.1473999023438
DamageCon1.png,DAMAGE - RUST,0.0008905898430384696,561.8534545898438,397.0172424316406,651.1035766601562,491.768310546875
DamageCon1.png,DAMAGE - RUST,0.000889671326149255,282.50927734375,461.6117248535156,373.49810791015625,519.6189575195312
DamageCon1.png,DENT,0.0008840139489620924,626.4671020507812,54.488037109375,841.2164916992188,223.0507354736328
DamageCon1.png,DENT,0.0008818443748168647,615.4273681640625,45.599220275878906,793.5617065429688,285.19195556640625
DamageCon1.png,DENT,0.0008793900487944484,23.25849723815918,229.4255828857422,109.96202850341797,548.0534057617188
DamageCon1.png,DAMAGE - RUST,0.0008771774009801447,0.07599487155675888,366.5914001464844,38.35142135620117,571.3297119140625
DamageCon2.png,DAMAGE - DEFRAME,0.061751242727041245,197.2245635986328,18.39082145690918,382.3822937011719,521.8072509765625
DamageCon2.png,DENT,0.025899380445480347,700.8282470703125,327.3603515625,767.1243286132812,459.3161315917969
DamageCon2.png,DENT,0.0255198385566473,671.3878784179688,56.71065902709961,880.5416259765625,397.95538330078125
DamageCon2.png,DENT,0.023855362087488174,707.078857421875,340.16925048828125,762.4015502929688,423.2496643066406
DamageCon2.png,DENT,0.02339881844818592,703.0613403320312,192.067626953125,833.2314453125,418.109619140625
DamageCon2.png,DENT,0.02269688993692398,688.9603881835938,314.06378173828125,778.0275268554688,459.58477783203125
DamageCon2.png,DENT,0.022084785625338554,700.5665893554688,316.11822509765625,782.8531494140625,436.7500915527344
DamageCon2.png,DENT,0.01873222552239895,699.7014770507812,270.1473693847656,816.4118041992188,428.9736328125
DamageCon2.png,DENT,0.01807555928826332,773.8787231445312,91.73351287841797,890.7348022460938,335.1890563964844
DamageCon2.png,DENT,0.01769465208053589,697.6238403320312,115.64940643310547,860.3487548828125,385.4689636230469
DamageCon2.png,DENT,0.01693689078092575,728.9644775390625,77.6544418334961,895.92919921875,356.97222900390625
DamageCon2.png,DENT,0.016763124614953995,691.1160278320312,269.7013244628906,834.1632690429688,455.2980041503906
DamageCon2.png,DENT,0.01578514650464058,705.8666381835938,327.8655700683594,774.6498413085938,428.7218322753906
DamageCon2.png,DENT,0.01270633190870285,711.4425048828125,100.36797332763672,819.85546875,397.8685607910156
DamageCon2.png,DAMAGE - DEFRAME,0.011057962663471699,743.2882690429688,81.4043197631836,896.9445190429688,275.5020446777344
DamageCon2.png,DENT,0.01081495825201273,706.7105712890625,275.6277160644531,819.7648315429688,389.37591552734375
DamageCon2.png,DAMAGE - DEFRAME,0.010694004595279694,192.81150817871094,24.911670684814453,512.0751342773438,539.0116577148438
DamageCon2.png,DAMAGE - DEFRAME,0.008888443931937218,531.048828125,12.584155082702637,614.9187622070312,150.728515625
DamageCon2.png,DAMAGE - RUST,0.00840060692280531,553.8610229492188,22.8673095703125,598.8313598632812,173.90769958496094
DamageCon2.png,DENT,0.008294304832816124,617.2491455078125,420.88775634765625,653.3634033203125,477.88287353515625
DamageCon2.png,DENT,0.008212528191506863,540.8191528320312,20.9249267578125,682.5916137695312,194.19139099121094
DamageCon2.png,DENT,0.008090686984360218,728.3932495117188,307.29669189453125,833.2135620117188,381.2901306152344
DamageCon2.png,DENT,0.007691665086895227,615.5316772460938,398.99169921875,657.5248413085938,483.0643615722656
DamageCon2.png,DENT,0.007619461510330439,787.43115234375,109.54314422607422,882.5655517578125,365.1855773925781
DamageCon2.png,DENT,0.007311413995921612,671.8956298828125,111.61769104003906,847.8101806640625,450.2059631347656
DamageCon2.png,DENT,0.007031344808638096,543.9779052734375,23.955663681030273,625.1139526367188,202.82666015625
DamageCon2.png,DENT,0.006974761374294758,551.2545776367188,27.835065841674805,660.1427001953125,168.095458984375
DamageCon2.png,DAMAGE - HOLE,0.006569270510226488,794.1871337890625,132.5377960205078,874.9113159179688,217.20176696777344
DamageCon2.png,DENT,0.0065143839456140995,770.1905517578125,151.87710571289062,876.6282348632812,371.2403869628906
DamageCon2.png,DAMAGE - DEFRAME,0.006463814526796341,778.765625,99.02734375,885.2474975585938,246.01939392089844
DamageCon2.png,DAMAGE - DEFRAME,0.006087346468120813,240.2890167236328,7.81298828125,434.13629150390625,539.4415283203125
DamageCon2.png,DENT,0.006065982393920422,660.82177734375,61.40446853637695,907.5530395507812,285.2005310058594
DamageCon2.png,DAMAGE - DEFRAME,0.005970909725874662,791.098388671875,121.0626220703125,880.8812866210938,241.03384399414062
DamageCon2.png,DENT,0.005892662797123194,602.0673828125,16.666112899780273,882.5615234375,463.4857482910156
DamageCon2.png,DENT,0.0058624171651899815,722.9425659179688,100.41753387451172,797.8472900390625,346.9291076660156
DamageCon2.png,DAMAGE - DEFRAME,0.005416948348283768,507.5817565917969,8.902880668640137,623.1034545898438,115.84050750732422
DamageCon2.png,DAMAGE - DEFRAME,0.005295475944876671,212.48095703125,16.687305450439453,912.9813842773438,566.5931396484375
DamageCon2.png,DENT,0.005235808435827494,741.6618041992188,83.3253173828125,892.1442260742188,289.0089111328125
DamageCon2.png,DENT,0.005235237069427967,761.3746337890625,277.0939025878906,871.5545043945312,375.844482421875
DamageCon2.png,DENT,0.005210724659264088,675.6041870117188,363.4022521972656,758.60693359375,477.8282165527344
DamageCon2.png,DENT,0.004973788280040026,924.9539184570312,428.55908203125,1008.0103759765625,509.13427734375
DamageCon2.png,DAMAGE - DEFRAME,0.004906502086669207,460.9191589355469,22.335010528564453,896.6771850585938,502.4180603027344
DamageCon2.png,DAMAGE - DEFRAME,0.004725284408777952,723.8653564453125,85.30537414550781,830.3118286132812,209.0383758544922
DamageCon2.png,DENT,0.004397310316562653,815.9722290039062,104.38750457763672,884.2996215820312,327.6455078125
DamageCon2.png,DENT,0.004377979785203934,680.7664794921875,296.98388671875,797.4095458984375,454.8866271972656
DamageCon2.png,DENT,0.004376502241939306,541.84619140625,21.23975944519043,630.4358520507812,158.81976318359375
DamageCon2.png,DENT,0.004291151184588671,503.7626037597656,13.366259574890137,656.0501098632812,142.4466094970703
DamageCon2.png,DAMAGE - DEFRAME,0.00423170393332839,236.2221221923828,12.35205078125,720.3515014648438,535.9896240234375
DamageCon2.png,DAMAGE - DEFRAME,0.0041107237339019775,184.22747802734375,9.311718940734863,326.3481140136719,518.5388793945312
DamageCon2.png,DENT,0.0040850830264389515,554.8302001953125,24.936450958251953,610.6735229492188,238.1886749267578
DamageCon2.png,DAMAGE - DEFRAME,0.00403726426884532,694.1370239257812,62.56837844848633,888.7692260742188,185.1353759765625
DamageCon2.png,DENT,0.00399054167792201,724.3539428710938,78.3083724975586,833.2720947265625,261.6359558105469
DamageCon2.png,DENT,0.003918691072613001,659.8666381835938,80.74147033691406,696.5454711914062,176.71519470214844
DamageCon2.png,DENT,0.00386009830981493,699.9103393554688,213.94932556152344,888.3224487304688,415.248046875
DamageCon2.png,DAMAGE - DEFRAME,0.0038243564777076244,563.3082885742188,25.825342178344727,933.6718139648438,472.81646728515625
DamageCon2.png,DAMAGE - RUST,0.0036766864359378815,262.02587890625,0.0,357.1929626464844,566.5241088867188
DamageCon2.png,DENT,0.0036731299478560686,577.0867919921875,40.956153869628906,650.7969360351562,135.49819946289062
DamageCon2.png,DAMAGE - RUST,0.003638366237282753,396.9803771972656,60.81159210205078,475.9004821777344,136.1207733154297
DamageCon2.png,DENT,0.003633463755249977,546.4312744140625,26.485950469970703,657.9267578125,111.6756362915039
DamageCon2.png,DAMAGE - DEFRAME,0.0035783180501312017,742.4465942382812,71.72871398925781,878.0100708007812,191.98118591308594
DamageCon2.png,DENT,0.0035669938661158085,683.58056640625,294.7496643066406,849.9363403320312,405.7511901855469
DamageCon2.png,DAMAGE - RUST,0.0035398080945014954,555.6376953125,26.94660758972168,606.0880737304688,209.98489379882812
DamageCon2.png,DENT,0.003530059242621064,558.3242797851562,161.17417907714844,600.7777099609375,238.673095703125
DamageCon2.png,DENT,0.003446777118369937,618.4904174804688,285.7671813964844,754.8963623046875,478.5966491699219
DamageCon2.png,DAMAGE - DEFRAME,0.003424260998144746,566.4171752929688,18.567529678344727,896.89501953125,214.7149200439453
DamageCon2.png,DAMAGE - RUST,0.003276467090472579,780.6988525390625,112.53948211669922,889.5861206054688,233.61253356933594
DamageCon2.png,DENT,0.0031949742697179317,539.1796264648438,4.869824409484863,787.0928344726562,496.79638671875
DamageCon2.png,DENT,0.0031524444930255413,905.3357543945312,416.1247253417969,992.6648559570312,505.00146484375
DamageCon2.png,DENT,0.0031474570278078318,765.7640991210938,311.3399963378906,869.6071166992188,377.6957702636719
DamageCon2.png,DENT,0.003117702901363373,611.5075073242188,330.81744384765625,671.73974609375,485.6580505371094
DamageCon2.png,DENT,0.0030844444409012794,641.3096923828125,42.802764892578125,701.4862670898438,181.07449340820312
DamageCon2.png,DENT,0.003024077508598566,732.908935546875,98.8826904296875,781.8367919921875,249.6804962158203
DamageCon2.png,DENT,0.003015248803421855,609.6055297851562,362.99365234375,656.2416381835938,484.13818359375
DamageCon2.png,DENT,0.0029713984113186598,697.1307983398438,70.15034484863281,834.37060546875,413.62115478515625
DamageCon2.png,DAMAGE - DEFRAME,0.002933500800281763,678.5408935546875,73.09471893310547,768.0192260742188,163.0644073486328
DamageCon2.png,DAMAGE - DEFRAME,0.002890207339078188,622.495361328125,19.708972930908203,703.5369873046875,177.76686096191406
DamageCon2.png,DENT,0.002884427784010768,624.7166137695312,27.636205673217773,895.9236450195312,271.7802734375
DamageCon2.png,DAMAGE - DEFRAME,0.002756968140602112,409.85693359375,0.0,582.7936401367188,575.9153442382812
DamageCon2.png,DENT,0.002714804606512189,904.5570678710938,432.7431640625,1011.8193359375,526.5460815429688
DamageCon2.png,DAMAGE - RUST,0.0026404911186546087,661.5230712890625,69.25538635253906,697.6503295898438,170.0666961669922
DamageCon2.png,DENT,0.0026396382600069046,616.6295776367188,359.45611572265625,697.1845703125,477.25836181640625
DamageCon2.png,DENT,0.002613710006698966,556.8346557617188,190.2432098388672,593.7141723632812,245.4624481201172
DamageCon2.png,DAMAGE - RUST,0.0025715650990605354,411.3443298339844,71.87352752685547,477.8466796875,129.1142120361328
DamageCon2.png,DENT,0.0025383809115737677,561.4496459960938,13.005169868469238,666.9072265625,217.11289978027344
DamageCon2.png,DENT,0.0025055562146008015,504.5389709472656,18.313282012939453,683.2733764648438,476.1475524902344
DamageCon2.png,DENT,0.0025053664576262236,478.3808288574219,5.906323432922363,740.7845458984375,207.06106567382812
DamageCon2.png,DENT,0.002478135982528329,510.4097595214844,19.121143341064453,866.6732788085938,408.2803649902344
DamageCon2.png,DENT,0.002444326179102063,834.8679809570312,128.1029052734375,879.3707275390625,343.37200927734375
DamageCon2.png,DENT,0.0024277372285723686,610.7000122070312,406.11602783203125,658.7268676757812,496.4736328125
DamageCon2.png,DAMAGE - DEFRAME,0.0024253802839666605,331.7117919921875,0.0,535.13330078125,576.0
DamageCon2.png,DENT,0.002364107873290777,496.6107482910156,10.687146186828613,670.65625,84.20006561279297
DamageCon2.png,DENT,0.0023412704467773438,514.8102416992188,3.5068359375,649.2444458007812,528.2077026367188
DamageCon2.png,DAMAGE - RUST,0.002332247095182538,529.8571166992188,9.274121284484863,631.7219848632812,201.7715301513672
DamageCon2.png,DENT,0.0023148925974965096,660.9464721679688,222.3874969482422,838.5183715820312,468.082275390625
DamageCon2.png,DENT,0.002307692775502801,619.2490234375,407.2061462402344,694.5140991210938,477.7256774902344
DamageCon2.png,DENT,0.00229591759853065,613.0028686523438,396.9747619628906,677.0379638671875,493.6018981933594
DamageCon2.png,DENT,0.002288994612172246,894.9752197265625,400.0107421875,969.2189331054688,453.1128845214844
DamageCon2.png,DAMAGE - RUST,0.0022465544752776623,507.3398132324219,127.02900695800781,544.0612182617188,482.989501953125
DamageCon2.png,DENT,0.0022209719754755497,556.4489135742188,81.77265930175781,619.7041625976562,233.0398712158203
DamageCon2.png,DENT,0.0022184080444276333,779.9218139648438,85.4602279663086,870.3287963867188,189.0128173828125
DamageCon2.png,DENT,0.002212554682046175,732.969482421875,146.45361328125,779.764892578125,261.3442077636719
DamageCon2.png,DAMAGE - RUST,0.002211859915405512,378.0079040527344,10.2957763671875,510.6092834472656,139.16990661621094
DamageCon2.png,DENT,0.002164598787203431,654.9230346679688,77.5905532836914,698.3302612304688,194.9234619140625
DamageCon2.png,DENT,0.0021515879780054092,929.8568725585938,423.45977783203125,1023.4814453125,516.6730346679688
DamageCon2.png,DENT,0.002136198803782463,681.9432983398438,81.95890045166016,771.6373901367188,182.81016540527344
DamageCon2.png,DENT,0.0021150975953787565,776.6215209960938,84.51897430419922,849.3005981445312,159.19285583496094
DamageCon2.png,DENT,0.0021134675480425358,913.5359497070312,433.8958435058594,1024.0,559.4526977539062
DamageCon2.png,DENT,0.0020819283090531826,658.8277587890625,78.4730453491211,716.5330200195312,176.8216552734375
DamageCon2.png,DENT,0.0020811439026147127,491.9722595214844,4.897363185882568,885.4957275390625,216.6126251220703
DamageCon2.png,DENT,0.0020710574463009834,653.6842041015625,322.269287109375,722.4578247070312,439.4682312011719
DamageCon2.png,DAMAGE - DEFRAME,0.002046728739514947,660.2965698242188,40.503536224365234,699.3217163085938,178.19680786132812
DamageCon2.png,DENT,0.002004590118303895,563.5353393554688,22.55683708190918,717.3734741210938,499.51007080078125
DamageCon2.png,DENT,0.001991493394598365,520.2818603515625,21.880640029907227,624.5143432617188,244.5930938720703
DamageCon2.png,DAMAGE - DEFRAME,0.0019758210983127356,496.7878112792969,8.3612060546875,654.0309448242188,68.76213836669922
DamageCon2.png,DENT,0.001974303973838687,680.7701416015625,69.63731384277344,783.9091796875,237.97129821777344
DamageCon2.png,DAMAGE - DEFRAME,0.0019542472437024117,764.6377563476562,84.8780288696289,901.2579956054688,208.0609893798828
DamageCon2.png,DENT,0.0019516671309247613,835.5712890625,272.2992248535156,870.9096069335938,365.28857421875
DamageCon2.png,DENT,0.0019450891995802522,926.0121459960938,404.0091857910156,983.0023803710938,464.9515686035156
DamageCon2.png,DENT,0.0019357252167537808,499.13165283203125,15.684717178344727,697.3917846679688,263.88525390625
DamageCon2.png,DENT,0.0019326009787619114,904.17529296875,396.1979675292969,1023.3653564453125,566.0003051757812
DamageCon2.png,DAMAGE - RUST,0.0018905173055827618,397.327880859375,37.346160888671875,486.10748291015625,225.00418090820312
DamageCon2.png,DENT,0.0018801821861416101,609.9972534179688,321.8698425292969,648.5685424804688,447.5508728027344
DamageCon2.png,DAMAGE - RUST,0.001868606312200427,413.05352783203125,77.90876007080078,476.4530334472656,143.5926971435547
DamageCon2.png,DENT,0.001852501416578889,784.37451171875,105.35206604003906,887.3707885742188,295.24462890625
DamageCon2.png,DENT,0.0018344712443649769,833.7128295898438,314.847900390625,870.1803588867188,374.727783203125
DamageCon2.png,DENT,0.0018095012055709958,864.6840209960938,378.0973205566406,908.171875,438.3416442871094
DamageCon2.png,DENT,0.001778836827725172,836.5523681640625,219.64883422851562,874.8402709960938,357.0809631347656
DamageCon2.png,DENT,0.0017776400782167912,702.6927490234375,74.150634765625,808.1056518554688,351.5465393066406
DamageCon2.png,DAMAGE - RUST,0.0017659334698691964,398.22344970703125,44.0922737121582,484.9269714355469,171.21360778808594
DamageCon2.png,DAMAGE - DEFRAME,0.0017561836866661906,527.78759765625,32.26064682006836,959.5997314453125,570.4307861328125
DamageCon2.png,DENT,0.001713134697638452,836.4749145507812,319.1034240722656,878.58837890625,396.7599792480469
DamageCon2.png,DENT,0.0016838303999975324,888.4085083007812,430.17559814453125,1022.9846801757812,575.9869995117188
DamageCon2.png,DAMAGE - DEFRAME,0.0016772059025242925,686.120849609375,61.13113021850586,761.3223266601562,130.4051971435547
DamageCon2.png,DENT,0.0016742590814828873,628.86376953125,97.8844223022461,793.0700073242188,470.2113342285156
DamageCon2.png,DENT,0.0016705505549907684,776.1130981445312,312.1417541503906,871.6806640625,397.6813659667969
DamageCon2.png,DENT,0.001666487194597721,978.4872436523438,235.72886657714844,1020.6686401367188,309.4148864746094
DamageCon2.png,DENT,0.0016629565507173538,648.0194091796875,69.46781921386719,722.2337646484375,202.59361267089844
DamageCon2.png,DAMAGE - RUST,0.0016449021641165018,224.710205078125,444.6358337402344,298.0379943847656,501.61083984375
DamageCon2.png,DAMAGE - DEFRAME,0.0016422088956460357,689.2766723632812,53.19314193725586,893.63037109375,154.21630859375
DamageCon2.png,DAMAGE - DEFRAME,0.0016265831654891372,614.8786010742188,33.81879806518555,692.6043090820312,165.8954315185547
DamageCon2.png,DENT,0.0016259676776826382,668.6067504882812,278.00054931640625,878.0115356445312,464.848876953125
DamageCon2.png,DAMAGE - DEFRAME,0.0016057012835517526,385.66961669921875,13.7080078125,633.32666015625,554.9403686523438
DamageCon2.png,DENT,0.001603432698175311,984.3433837890625,212.3583984375,1023.6650390625,306.779296875
DamageCon2.png,DAMAGE - RUST,0.0015946491621434689,854.7203369140625,438.7113342285156,1014.3617553710938,575.3663940429688
DamageCon2.png,DAMAGE - RUST,0.0015879590064287186,294.2552185058594,61.54755783081055,369.0682373046875,528.3862915039062
DamageCon2.png,DENT,0.0015646943356841803,407.3374938964844,50.188392639160156,499.3614196777344,157.76133728027344
DamageCon2.png,DAMAGE - RUST,0.0015596859157085419,408.5780334472656,38.4180908203125,500.1826171875,141.17044067382812
DamageCon2.png,DAMAGE - RUST,0.0015580678591504693,207.0089874267578,463.29638671875,316.8024597167969,547.6292114257812
DamageCon2.png,DAMAGE - DEFRAME,0.00155672209803015,335.8328857421875,0.0,672.8092651367188,75.85247039794922
DamageCon2.png,DAMAGE - RUST,0.0015244612004607916,481.035888671875,2.94647216796875,643.9981079101562,158.44268798828125
DamageCon2.png,DENT,0.0015170201659202576,470.5154724121094,15.416699409484863,655.8807373046875,544.4559936523438
DamageCon2.png,DAMAGE - DEFRAME,0.001511057955212891,573.6438598632812,26.804920196533203,681.80908203125,117.89265441894531
DamageCon2.png,DENT,0.0014888396253809333,839.4343872070312,354.0859069824219,898.9913940429688,432.9904479980469
DamageCon2.png,DENT,0.0014828777639195323,978.7957153320312,414.1366271972656,1024.0,509.0846862792969
DamageCon2.png,DENT,0.0014721278566867113,691.5748901367188,59.37702560424805,938.6790161132812,369.8789978027344
DamageCon2.png,DENT,0.0014523578574880958,710.66259765625,97.38996887207031,773.9117431640625,241.255615234375
DamageCon2.png,DAMAGE - RUST,0.0014403489185497165,715.3760375976562,459.5580139160156,1019.8603515625,576.0
DamageCon2.png,DENT,0.0014231313252821565,506.1285095214844,14.994946479797363,867.1615600585938,274.4983825683594
DamageCon2.png,DAMAGE - RUST,0.0014206223422661424,202.04428100585938,31.11684226989746,269.8554382324219,123.8359146118164
DamageCon2.png,DAMAGE - RUST,0.00141738576348871,360.8037414550781,0.0,518.2785034179688,82.9411392211914
DamageCon2.png,DENT,0.0014051608741283417,608.7162475585938,299.5002136230469,677.1427612304688,475.44952392578125
DamageCon2.png,DAMAGE - RUST,0.0013995576882734895,418.16162109375,164.54263305664062,481.92236328125,230.9528350830078
DamageCon2.png,DENT,0.0013725529424846172,617.734375,223.4826202392578,794.9054565429688,483.0192565917969
DamageCon2.png,DENT,0.0013700859853997827,408.6763610839844,5.670361518859863,700.7130737304688,186.6174774169922
DamageCon2.png,DENT,0.001353908097371459,837.1527709960938,397.38653564453125,1024.0,576.0
DamageCon2.png,DAMAGE - DEFRAME,0.0013511234428733587,662.9469604492188,27.55158805847168,747.571044921875,144.5011749267578
DamageCon2.png,DENT,0.0013160412199795246,954.5822143554688,395.40606689453125,1024.0,480.6506042480469
DamageCon2.png,DENT,0.0012996094301342964,985.3615112304688,236.66519165039062,1022.9506225585938,300.5575866699219
DamageCon2.png,DENT,0.0012925730552524328,715.024658203125,173.6817626953125,771.577880859375,252.1468505859375
DamageCon2.png,DAMAGE - RUST,0.0012871650978922844,401.9950866699219,144.37698364257812,465.0595397949219,252.4835662841797
DamageCon2.png,DENT,0.0012857235269621015,522.2147827148438,174.94813537597656,591.7916870117188,252.91319274902344
DamageCon2.png,DAMAGE - RUST,0.0012805534061044455,400.75421142578125,38.416683197021484,513.8563842773438,183.3981170654297
DamageCon2.png,DAMAGE - DEFRAME,0.0012636604951694608,336.6512756347656,0.0,925.669921875,168.79115295410156
DamageCon2.png,DENT,0.001257481286302209,55.21125411987305,207.38125610351562,112.68849182128906,284.4154357910156
DamageCon2.png,DAMAGE - RUST,0.0012500457232818007,606.271728515625,512.6171264648438,1024.0,576.0
DamageCon2.png,DENT,0.0012498950818553567,475.2671813964844,7.8621826171875,652.5372924804688,215.68992614746094
DamageCon2.png,DENT,0.001239789999090135,522.0437622070312,157.88919067382812,598.9093627929688,242.6476287841797
DamageCon2.png,DAMAGE - DEFRAME,0.0012123979395255446,443.8031311035156,0.26728516817092896,656.1067504882812,113.4535140991211
DamageCon2.png,DAMAGE - RUST,0.0011836867779493332,191.60206604003906,39.6046257019043,251.3284149169922,122.18851470947266
DamageCon2.png,DAMAGE - RUST,0.0011827917769551277,237.3360137939453,427.7716369628906,292.6263427734375,481.1979064941406
DamageCon2.png,DAMAGE - RUST,0.0011769661214202642,260.583984375,12.68603515625,321.2428283691406,84.82086181640625
DamageCon2.png,DENT,0.0011755605228245258,981.6420288085938,387.4726257324219,1024.0,464.470947265625
DamageCon2.png,DENT,0.0011664829216897488,982.7943725585938,221.6767120361328,1023.2584228515625,336.9928283691406
DamageCon2.png,DAMAGE - RUST,0.0011588013730943203,821.6343994140625,481.4803771972656,1009.373046875,576.0
DamageCon2.png,DENT,0.0011527835158631206,590.6484375,375.6590881347656,632.6318359375,436.2728576660156
DamageCon2.png,DENT,0.0011476983781903982,976.7897338867188,351.6401062011719,1024.0,422.58453369140625
DamageCon2.png,DAMAGE - RUST,0.001145633403211832,875.7489624023438,402.5780334472656,991.9524536132812,485.3290100097656
DamageCon2.png,DENT,0.0011322583304718137,615.9983520507812,317.613037109375,646.0817260742188,388.51568603515625
DamageCon2.png,DENT,0.0011189960641786456,906.2013549804688,365.98486328125,963.5787353515625,433.1259765625
DamageCon2.png,DAMAGE - DEFRAME,0.0011160201393067837,0.0,66.4807357788086,174.869873046875,338.0737609863281
DamageCon2.png,DENT,0.00111362524330616,553.4335327148438,173.75582885742188,618.1911010742188,249.27310180664062
DamageCon2.png,DENT,0.001094577368348837,922.8578491210938,377.8033447265625,1024.0,506.8802795410156
DamageCon2.png,DAMAGE - RUST,0.0010901126079261303,270.5468444824219,18.1878662109375,320.75982666015625,128.8077850341797
DamageCon2.png,DENT,0.0010821671457961202,871.5216674804688,398.4085388183594,932.6123046875,444.9456481933594
DamageCon2.png,DAMAGE - RUST,0.0010802148608490825,479.69854736328125,182.96035766601562,526.4796752929688,318.6005554199219
DamageCon2.png,DENT,0.0010778773576021194,654.0018920898438,312.1626892089844,705.3635864257812,416.41192626953125
DamageCon2.png,DAMAGE - RUST,0.0010577127104625106,393.343994140625,13.876782417297363,505.4044494628906,120.4149398803711
DamageCon2.png,DAMAGE - RUST,0.0010558385401964188,186.74734497070312,261.17535400390625,269.96405029296875,476.30084228515625
DamageCon2.png,DAMAGE - RUST,0.001047715893946588,189.3902130126953,316.0799865722656,243.3535919189453,433.7143249511719
DamageCon2.png,DENT,0.0010436872253194451,773.8279418945312,75.92922973632812,868.8078002929688,136.91917419433594
DamageCon2.png,DENT,0.0010358270956203341,549.3472290039062,177.124267578125,597.0410766601562,268.0799865722656
DamageCon2.png,DENT,0.0010137608041986823,615.2060546875,265.5914001464844,676.8970947265625,402.3566589355469
DamageCon2.png,DENT,0.0010083887027576566,591.7892456054688,416.78375244140625,648.5394897460938,486.2135314941406
DamageCon2.png,DAMAGE - RUST,0.001006241887807846,271.36993408203125,14.84555721282959,323.66729736328125,186.5813751220703
DamageCon2.png,DENT,0.0010058274492621422,591.4954833984375,384.72216796875,657.6287841796875,485.080078125
DamageCon2.png,DENT,0.0010002008639276028,876.9223022460938,373.1399230957031,922.1668090820312,434.19757080078125
DamageCon2.png,DAMAGE - RUST,0.0009960002498701215,460.52081298828125,85.2579574584961,532.0609741210938,315.96539306640625
DamageCon2.png,DENT,0.0009959166636690497,862.9664306640625,398.9042053222656,909.1605834960938,442.8749084472656
DamageCon2.png,DAMAGE - RUST,0.0009842850267887115,764.5172729492188,73.0549087524414,850.4864501953125,136.3820037841797
DamageCon2.png,DENT,0.0009828901384025812,502.62158203125,151.2446746826172,541.9276733398438,213.17431640625
DamageCon2.png,DAMAGE - DEFRAME,0.0009785887086763978,665.0549926757812,54.8792724609375,721.4932861328125,153.02110290527344
DamageCon2.png,DENT,0.0009684966644272208,980.52880859375,229.85337829589844,1023.1729736328125,395.3385925292969
DamageCon2.png,DENT,0.000960126519203186,615.3927001953125,292.973388671875,648.57373046875,399.66705322265625
DamageCon2.png,DAMAGE - RUST,0.0009577136370353401,512.6112670898438,231.3999481201172,542.43603515625,424.3570861816406
DamageCon2.png,DAMAGE - RUST,0.0009538679150864482,509.1675720214844,264.6535339355469,543.5062866210938,545.1481323242188
DamageCon2.png,DAMAGE - RUST,0.0009419799316674471,220.43994140625,15.960949897766113,308.47540283203125,155.85470581054688
DamageCon2.png,DAMAGE - DEFRAME,0.000939620251301676,129.83384704589844,18.89033317565918,300.7944030761719,528.8585815429688
DamageCon2.png,DENT,0.0009314393973909318,980.3779296875,343.9432678222656,1018.5478515625,398.7696228027344
DamageCon2.png,DAMAGE - DEFRAME,0.000929281348362565,485.8356628417969,0.0,605.8974609375,566.7415771484375
DamageCon2.png,DENT,0.0009156482410617173,577.7872924804688,56.99653244018555,696.7706909179688,487.77056884765625
DamageCon2.png,DAMAGE - RUST,0.0009061788441613317,206.42759704589844,421.3241271972656,308.1654357910156,513.1493530273438
DamageCon2.png,DAMAGE - RUST,0.000902624218724668,420.94366455078125,170.330078125,489.00341796875,262.54986572265625
DamageCon2.png,DAMAGE - RUST,0.0008920123800635338,425.758544921875,29.54804801940918,538.891845703125,232.4799346923828
DamageCon2.png,DENT,0.0008889938471838832,654.1026611328125,74.65542602539062,741.0220947265625,231.7172393798828
DamageCon2.png,DENT,0.0008876362117007375,650.480712890625,72.1021728515625,701.5175170898438,224.51565551757812
DamageCon2.png,DENT,0.0008757325704209507,655.25537109375,274.20928955078125,702.3616333007812,408.6061096191406
DamageCon2.png,DAMAGE - RUST,0.0008709418470971286,425.7279968261719,165.33934020996094,509.8683166503906,266.6910095214844
DamageCon2.png,DAMAGE - RUST,0.0008582861628383398,387.75421142578125,2.5564820766448975,502.47540283203125,72.65364074707031
DamageCon2.png,DENT,0.000857011356856674,589.1439819335938,350.48046875,632.3396606445312,419.6966857910156
DamageCon2.png,DAMAGE - RUST,0.000856615777593106,484.08184814453125,8.697314262390137,591.0304565429688,538.8069458007812
DamageCon2.png,DENT,0.000853969540912658,855.2081909179688,109.7950439453125,903.81640625,192.8248748779297
DamageCon2.png,DAMAGE - RUST,0.0008533769869245589,237.10147094726562,0.0,313.0526428222656,561.5221557617188
DamageCon2.png,DENT,0.0008521077106706798,623.05029296875,262.5384216308594,677.0118408203125,343.23065185546875
DamageCon2.png,DAMAGE - RUST,0.0008456127252429724,354.43902587890625,52.74750900268555,438.3533630371094,133.10679626464844
DamageCon2.png,DAMAGE - RUST,0.0008455832721665502,244.0835418701172,6.392431735992432,368.82086181640625,493.2138671875
DamageCon2.png,DENT,0.0008356107864528894,584.4788818359375,51.23493576049805,649.3218383789062,233.11473083496094
DamageCon2.png,DENT,0.000830734265036881,46.87685775756836,186.9523468017578,116.7354507446289,281.130859375
DamageCon2.png,DENT,0.0008182263118214905,871.7003173828125,426.93536376953125,1006.5009155273438,535.9242553710938
DamageCon2.png,DAMAGE - RUST,0.0008078630198724568,402.1748962402344,154.6286163330078,458.99609375,282.7364807128906
DamageCon2.png,DENT,0.0008071266929619014,624.64404296875,400.0762634277344,730.6689453125,493.2948303222656
DamageCon2.png,DENT,0.0008041919791139662,451.8639831542969,16.903564453125,684.9742431640625,293.1930236816406
DamageCon2.png,DENT,0.0007881461060605943,348.3468933105469,26.297082901000977,483.49151611328125,128.17344665527344
DamageCon2.png,DAMAGE - RUST,0.0007869295659475029,430.4085388183594,159.81460571289062,503.9850158691406,234.94517517089844
DamageCon2.png,DAMAGE - RUST,0.0007814621785655618,676.9566650390625,485.9808044433594,928.5026245117188,576.0
DamageCon2.png,DENT,0.0007729870267212391,612.791015625,299.65191650390625,671.9501953125,403.0013122558594
DamageCon2.png,DAMAGE - RUST,0.0007673066575080156,803.8739624023438,114.6937026977539,900.8264770507812,222.6918487548828
DamageCon2.png,DENT,0.0007629991741850972,856.0134887695312,93.14791107177734,903.8212890625,168.37046813964844
DamageCon2.png,DENT,0.0007618952076882124,676.3946533203125,260.7968444824219,728.5186767578125,387.942626953125
DamageCon2.png,DENT,0.0007577322539873421,52.48391342163086,208.5861358642578,92.68328094482422,282.0145568847656
DamageCon2.png,DAMAGE - RUST,0.0007575539057143033,363.2435607910156,32.42756271362305,492.07080078125,156.65371704101562
DamageCon2.png,DAMAGE - RUST,0.0007535014301538467,267.6416015625,60.168701171875,344.0220642089844,520.368408203125
DamageCon2.png,DAMAGE - RUST,0.0007403750787489116,719.9421997070312,498.5840759277344,816.5696411132812,575.3920288085938
DamageCon2.png,DENT,0.0007400674512609839,985.7527465820312,163.05670166015625,1024.0,315.5389099121094
DamageCon2.png,DAMAGE - RUST,0.0007360861054621637,522.7814331054688,11.584338188171387,687.8016967773438,84.75921630859375
DamageCon2.png,DAMAGE - RUST,0.0007346079219132662,504.8101501464844,54.774024963378906,544.6430053710938,403.555419921875
DamageCon2.png,DENT,0.000730193976778537,758.9151000976562,74.70037078857422,899.0318603515625,144.6734161376953
DamageCon2.png,DAMAGE - RUST,0.0007299629505723715,859.6613159179688,390.73175048828125,947.4428100585938,476.5822448730469
DamageCon2.png,DENT,0.0007201959961093962,980.6644897460938,318.89874267578125,1012.8972778320312,398.9635925292969
DamageCon2.png,DAMAGE - RUST,0.0007162395631894469,331.6836853027344,0.0,536.4552001953125,120.6644058227539
DamageCon2.png,DAMAGE - RUST,0.0007153725600801408,743.9781494140625,466.9169616699219,891.6011962890625,576.0
DamageCon2.png,DAMAGE - RUST,0.0007103612297214568,357.0210876464844,10.432379722595215,493.83251953125,189.5791473388672
DamageCon2.png,DENT,0.0007101554656401277,1.831079125404358,41.17876052856445,159.3920135498047,303.1954040527344
DamageCon2.png,DENT,0.0007089312421157956,361.5037841796875,15.38388729095459,686.5211791992188,305.0054626464844
DamageCon2.png,DAMAGE - RUST,0.0007081344956532121,213.72789001464844,394.1090393066406,294.3025817871094,485.5165710449219
DamageCon2.png,DENT,0.0007019650074653327,980.6791381835938,312.2686462402344,1022.6525268554688,404.8023986816406
DamageCon2.png,DENT,0.000696472532581538,517.150390625,166.33091735839844,581.2361450195312,280.187744140625
DamageCon2.png,DENT,0.0006960120517760515,941.8409423828125,362.474609375,973.5343017578125,427.73321533203125
DamageCon2.png,DENT,0.0006951304385438561,794.9818115234375,108.41548156738281,899.0435791015625,245.0134735107422
DamageCon2.png,DAMAGE - RUST,0.0006885739276185632,674.4086303710938,496.9950256347656,784.140869140625,572.5048828125
DamageCon2.png,DENT,0.0006875008693896234,505.8226623535156,156.01315307617188,543.2709350585938,264.23590087890625
DamageCon2.png,DAMAGE - RUST,0.0006818182882852852,190.40017700195312,26.85407829284668,281.60028076171875,172.0208282470703
DamageCon2.png,DAMAGE - RUST,0.0006779968971386552,419.7803649902344,184.1102752685547,496.7022399902344,283.7718200683594
DamageCon2.png,DENT,0.0006764743593521416,661.8219604492188,430.48223876953125,770.9088745117188,500.1982421875
DamageCon2.png,DAMAGE - DEFRAME,0.000675504794344306,520.1103515625,454.9375915527344,947.4722900390625,576.0
DamageCon2.png,DENT,0.0006717942887917161,945.5595703125,191.05313110351562,1024.0,382.3734436035156
DamageCon2.png,DENT,0.000666616833768785,407.1909484863281,18.79426383972168,530.0706176757812,180.77146911621094
DamageCon2.png,DAMAGE - RUST,0.0006599928601644933,288.8841247558594,0.0,621.7069702148438,51.2736930847168
DamageCon2.png,DENT,0.0006554897991009057,814.4126586914062,335.2244567871094,881.6900634765625,428.61920166015625
DamageCon2.png,DENT,0.0006536600994877517,632.9411010742188,48.664398193359375,697.4768676757812,234.52305603027344
DamageCon2.png,DENT,0.0006511720130220056,580.8152465820312,203.009765625,700.8697509765625,494.48004150390625
DamageCon2.png,DAMAGE - RUST,0.0006479041185230017,686.0169067382812,477.33941650390625,840.6412353515625,576.0
DamageCon2.png,DAMAGE - RUST,0.0006452571251429617,287.9938049316406,21.418689727783203,338.2345275878906,124.88502502441406
DamageCon2.png,DAMAGE - RUST,0.0006404540035873652,275.6164245605469,11.969924926757812,339.7013854980469,86.7859115600586
DamageCon2.png,DAMAGE - RUST,0.0006370980408973992,463.3838806152344,147.5532684326172,537.0562744140625,281.4886779785156
DamageCon2.png,DAMAGE - RUST,0.0006354607176035643,484.1949768066406,233.75230407714844,526.8291625976562,340.0545349121094
DamageCon2.png,DENT,0.0006351924384944141,838.5917358398438,387.2203674316406,911.0370483398438,443.3819885253906
DamageCon2.png,DENT,0.0006346929003484547,943.2994384765625,304.5697937011719,1024.0,405.06304931640625
DamageCon2.png,DAMAGE - RUST,0.0006294478080235422,294.6488952636719,162.51597595214844,354.394775390625,495.581298828125
DamageCon2.png,DAMAGE - RUST,0.0006277298671193421,422.9377136230469,217.9703369140625,492.4842834472656,302.9774169921875
DamageCon2.png,DAMAGE - RUST,0.000623807602096349,429.2276306152344,208.884521484375,515.1477661132812,302.8769226074219
DamageCon2.png,DAMAGE - RUST,0.0006208218983374536,187.0709228515625,313.9186096191406,251.1060333251953,494.906494140625
DamageCon2.png,DENT,0.0006208213162608445,553.4254150390625,169.31629943847656,623.1591796875,274.0990295410156
DamageCon2.png,DENT,0.0006121443002484739,0.0,309.6888732910156,72.85639953613281,410.8456726074219
DamageCon2.png,DAMAGE - RUST,0.0006119947065599263,186.39321899414062,36.17715072631836,262.69390869140625,160.8967742919922
DamageCon2.png,DENT,0.0006105699576437473,193.83360290527344,264.67877197265625,288.65924072265625,444.66217041015625
DamageCon2.png,DENT,0.0006039839354343712,873.6968994140625,113.6807632446289,915.7562866210938,174.98635864257812
DamageCon2.png,DAMAGE - RUST,0.0006032325909473002,267.0555114746094,7.274463176727295,360.553955078125,427.8841857910156
DamageCon2.png,DAMAGE - RUST,0.0005982507136650383,210.5847625732422,33.252235412597656,267.6622009277344,98.89873504638672
DamageCon2.png,DAMAGE - RUST,0.0005981455324217677,729.7756958007812,492.9539489746094,848.9115600585938,576.0
DamageCon2.png,DENT,0.0005896455841138959,953.2003784179688,230.25637817382812,969.6882934570312,307.7353210449219
DamageCon3.png,DENT,0.15442581474781036,269.7691955566406,288.0180969238281,397.3769226074219,356.0542297363281
DamageCon3.png,DENT,0.07365676760673523,268.0261535644531,266.26275634765625,408.1019287109375,374.0393981933594
DamageCon3.png,DENT,0.054720595479011536,269.26220703125,283.6383361816406,491.7023620605469,358.1610107421875
DamageCon3.png,DENT,0.03170634061098099,268.09783935546875,261.74365234375,509.645751953125,377.89459228515625
DamageCon3.png,DENT,0.017041003331542015,264.3147888183594,250.4210662841797,549.6729125976562,398.11590576171875
DamageCon3.png,DENT,0.013086928054690361,252.44683837890625,282.9036865234375,370.05682373046875,366.4084777832031
DamageCon3.png,DENT,0.012600886635482311,186.01513671875,94.0667953491211,226.47509765625,153.0285186767578
DamageCon3.png,DENT,0.01209939457476139,303.45477294921875,283.1851806640625,522.68115234375,348.1005554199219
DamageCon3.png,DENT,0.010306446813046932,259.93231201171875,277.2112731933594,508.4057922363281,404.1498718261719
DamageCon3.png,DENT,0.00906832329928875,261.7822265625,274.7391662597656,393.8971862792969,414.3384094238281
DamageCon3.png,DENT,0.008091911673545837,430.05462646484375,271.919677734375,529.9444580078125,347.3625793457031
DamageCon3.png,DENT,0.007426337338984013,437.05743408203125,289.98614501953125,510.7948913574219,338.5187072753906
DamageCon3.png,DENT,0.006077314727008343,300.5337829589844,261.2359924316406,552.0733642578125,365.7162780761719
DamageCon3.png,DENT,0.006016528699547052,179.42787170410156,86.42285919189453,266.34716796875,145.03553771972656
DamageCon3.png,DENT,0.005575867835432291,366.24847412109375,0.18362998962402344,891.8695678710938,157.2394561767578
DamageCon3.png,DENT,0.005533135961741209,439.1779479980469,281.98681640625,533.052001953125,335.42437744140625
DamageCon3.png,DENT,0.004693546798080206,243.89686584472656,277.80303955078125,371.211669921875,393.00018310546875
DamageCon3.png,DENT,0.004605620168149471,565.406982421875,315.4251708984375,617.149658203125,372.6639404296875
DamageCon3.png,DENT,0.004601684864610434,421.67852783203125,266.93572998046875,529.9260864257812,393.3224792480469
DamageCon3.png,DENT,0.0044266581535339355,356.64013671875,278.4400634765625,522.3834228515625,351.5993347167969
DamageCon3.png,DENT,0.004294732119888067,170.25709533691406,86.47745513916016,291.08380126953125,162.70803833007812
DamageCon3.png,DENT,0.0038302962202578783,164.15673828125,72.12403106689453,250.3498077392578,158.30361938476562
DamageCon3.png,DENT,0.0038290098309516907,178.91477966308594,86.79032135009766,229.8067626953125,157.37721252441406
DamageCon3.png,DENT,0.003730704775080085,182.24444580078125,80.33042907714844,233.88943481445312,178.95535278320312
DamageCon3.png,DENT,0.0036654965952038765,258.9952087402344,233.22605895996094,476.51934814453125,385.3400573730469
DamageCon3.png,DENT,0.003661742201074958,478.38031005859375,284.3917236328125,530.5852661132812,395.4534912109375
DamageCon3.png,DENT,0.003145742928609252,399.74053955078125,98.1728515625,472.2718200683594,149.39065551757812
DamageCon3.png,DENT,0.0031418127473443747,153.57701110839844,66.08943939208984,296.0117492675781,161.34913635253906
DamageCon3.png,DENT,0.0028782933950424194,250.30760192871094,263.73138427734375,438.4404296875,414.6791076660156
DamageCon3.png,DENT,0.002836683765053749,463.7787780761719,0.0,850.0014038085938,142.20513916015625
DamageCon3.png,DENT,0.002711860230192542,269.0248107910156,243.66946411132812,418.30877685546875,362.5498352050781
DamageCon3.png,DENT,0.0026273871771991253,176.4884033203125,77.90139770507812,261.7029113769531,182.48623657226562
DamageCon3.png,DENT,0.0024900769349187613,748.2340087890625,384.82073974609375,893.3690795898438,517.8114624023438
DamageCon3.png,DENT,0.0024549036752432585,560.7318115234375,299.24237060546875,621.4168701171875,376.96124267578125
DamageCon3.png,DENT,0.0024081706069409847,768.9961547851562,383.50885009765625,895.2777099609375,482.229248046875
DamageCon3.png,DENT,0.0023001888766884804,565.2588500976562,318.89434814453125,626.6929321289062,380.75689697265625
DamageCon3.png,DENT,0.002239149995148182,664.89794921875,372.10540771484375,897.716064453125,600.0
DamageCon3.png,DAMAGE - DEFRAME,0.0021968423388898373,0.19603967666625977,47.15137481689453,78.46732330322266,469.3145751953125
DamageCon3.png,DENT,0.0019558046478778124,125.29315948486328,66.27342987060547,262.6497802734375,156.3828887939453
DamageCon3.png,DENT,0.001953531987965107,703.660400390625,376.0049133300781,886.7273559570312,554.3768920898438
DamageCon3.png,DENT,0.0019073778530582786,383.57244873046875,0.0,790.3939819335938,105.53491973876953
DamageCon3.png,DAMAGE - RUST,0.0018764345441013575,0.6219923496246338,82.50289154052734,59.752559661865234,473.48199462890625
DamageCon3.png,DENT,0.001843363861553371,549.2962036132812,315.5994873046875,614.7069702148438,388.29913330078125
DamageCon3.png,DENT,0.0018402973655611277,166.30982971191406,0.0,889.1448974609375,173.737060546875
DamageCon3.png,DENT,0.0015697552589699626,585.4971923828125,0.25883913040161133,896.3623046875,158.4833526611328
DamageCon3.png,DENT,0.0015408832114189863,414.021484375,0.3616929054260254,894.504150390625,120.55197143554688
DamageCon3.png,DENT,0.0014422573149204254,244.0310516357422,251.47337341308594,868.1070556640625,427.01220703125
DamageCon3.png,DENT,0.001425944734364748,790.6587524414062,404.90460205078125,882.6019287109375,470.63861083984375
DamageCon3.png,DAMAGE - RUST,0.0013772407546639442,669.0885620117188,398.2017822265625,889.9129638671875,595.4099731445312
DamageCon3.png,DENT,0.0013656261144205928,210.16159057617188,265.9691467285156,478.8835144042969,413.5794982910156
DamageCon3.png,DENT,0.001339579583145678,446.4493713378906,277.82171630859375,599.9348754882812,378.5068359375
DamageCon3.png,DENT,0.0013109997380524874,162.47686767578125,86.07331085205078,328.65423583984375,146.1922149658203
DamageCon3.png,DENT,0.0013072784058749676,167.69374084472656,80.66127014160156,286.94921875,188.00897216796875
DamageCon3.png,DAMAGE - DEFRAME,0.001283210120163858,455.186279296875,371.3574523925781,890.6543579101562,600.0
DamageCon3.png,DENT,0.0012509962543845177,438.71612548828125,277.3639221191406,562.2020874023438,347.9502258300781
DamageCon3.png,DENT,0.0012474474497139454,133.2283935546875,76.79125213623047,234.59014892578125,159.76455688476562
DamageCon3.png,DENT,0.001235569012351334,552.52587890625,378.0042724609375,894.8724975585938,600.0
DamageCon3.png,DENT,0.00116182048805058,433.81005859375,247.50286865234375,527.2861328125,343.8540344238281
DamageCon3.png,DENT,0.001150975120253861,0.37059783935546875,51.677513122558594,119.701171875,488.8525085449219
DamageCon3.png,DAMAGE - RUST,0.0011408079881221056,0.0,217.10147094726562,91.74208068847656,576.8478393554688
DamageCon3.png,DENT,0.0011381611693650484,73.8392333984375,60.402034759521484,110.5772476196289,109.33158111572266
DamageCon3.png,DENT,0.0011097927344962955,456.2626953125,350.72625732421875,523.4129028320312,405.560546875
DamageCon3.png,DENT,0.0010816081194207072,155.27919006347656,87.98103332519531,333.7699279785156,168.45574951171875
DamageCon3.png,DAMAGE - RUST,0.0010374897392466664,584.3895874023438,437.0531921386719,888.079345703125,599.8809814453125
DamageCon3.png,DAMAGE - RUST,0.001034932560287416,1.994180679321289,156.41302490234375,59.2930908203125,426.553955078125
DamageCon3.png,DENT,0.0009985523065552115,543.1840209960938,283.38818359375,624.3870849609375,379.1480407714844
DamageCon3.png,DENT,0.0009451686637476087,429.3490295410156,260.6195373535156,575.2404174804688,371.2002868652344
DamageCon3.png,DENT,0.0009211988071911037,252.03814697265625,219.93280029296875,607.9161376953125,418.02850341796875
DamageCon3.png,DENT,0.000888309208676219,743.9737548828125,393.5854797363281,875.5975952148438,486.7585144042969
DamageCon3.png,DENT,0.0008229605155065656,639.462158203125,431.8526306152344,897.0143432617188,599.5628662109375
DamageCon3.png,DENT,0.0008184298640117049,720.5925903320312,391.3802490234375,898.0715942382812,593.5513916015625
DamageCon3.png,DENT,0.0008085730951279402,173.3354034423828,74.06429290771484,246.44369506835938,212.90635681152344
DamageCon3.png,DENT,0.000795834930613637,104.60543823242188,62.86355209350586,264.5295715332031,137.08526611328125
DamageCon3.png,DENT,0.0007896567112766206,388.6486511230469,104.12564086914062,465.8769226074219,151.4967498779297
DamageCon3.png,DENT,0.0007786593632772565,396.69036865234375,90.91675567626953,471.23956298828125,178.52748107910156
DamageCon3.png,DAMAGE - RUST,0.0007520420476794243,0.0,414.2117614746094,83.828369140625,595.3587646484375
DamageCon3.png,DENT,0.0007401468465104699,0.24564266204833984,61.324310302734375,76.50645446777344,577.9378051757812
DamageCon3.png,DENT,0.0007386308861896396,371.8049621582031,60.97381591796875,488.9808654785156,149.05979919433594
DamageCon3.png,DAMAGE - DEFRAME,0.0007313232054002583,228.34327697753906,368.07147216796875,879.8010864257812,600.0
DamageCon3.png,DENT,0.0007119314977899194,494.28662109375,0.0,801.3849487304688,107.21562194824219
DamageCon3.png,DENT,0.0006981604965403676,266.1642150878906,188.64503479003906,430.0108947753906,350.7091979980469
DamageCon3.png,DENT,0.0006694640032947063,808.0402221679688,379.8188781738281,897.3892211914062,477.87567138671875
DamageCon3.png,DENT,0.0006689037545584142,342.69561767578125,0.0,693.5321044921875,101.41325378417969
DamageCon3.png,DENT,0.0006671303417533636,128.43215942382812,73.46160888671875,219.2042999267578,188.0003204345703
DamageCon3.png,DENT,0.0006631339201703668,0.4834175109863281,175.9197998046875,50.27072525024414,414.157470703125
DamageCon3.png,DENT,0.0006559182074852288,124.80078125,72.6228256225586,160.3579559326172,168.47592163085938
DamageCon3.png,DENT,0.0006472268141806126,674.2262573242188,0.13774633407592773,899.4678344726562,133.83035278320312
DamageCon3.png,DENT,0.0006353111239150167,405.3522033691406,0.0,805.534912109375,72.90061950683594
DamageCon3.png,DENT,0.0006306890281848609,496.4364929199219,434.2766418457031,892.8120727539062,599.8314208984375
DamageCon3.png,DENT,0.0006054071709513664,555.1513061523438,269.48260498046875,631.6536254882812,379.5141296386719
DamageCon3.png,DENT,0.000600767380092293,762.95947265625,414.751708984375,897.4385986328125,587.2679443359375
DamageCon3.png,DENT,0.0005942360730841756,491.54425048828125,296.681640625,563.357666015625,394.83953857421875
DamageCon3.png,DAMAGE - DEFRAME,0.0005872630281373858,1.190185546875,402.60076904296875,607.9786376953125,600.0
DamageCon3.png,DENT,0.0005780490464530885,72.87947845458984,65.00579833984375,107.37278747558594,143.0377655029297
DamageCon3.png,DENT,0.0005766780232079327,448.8349914550781,259.3544921875,641.420654296875,389.6936340332031
DamageCon3.png,DENT,0.0005672924453392625,479.1424865722656,347.43084716796875,531.0205688476562,403.3341979980469
DamageCon3.png,DENT,0.0005632840911857784,67.52664184570312,62.65707015991211,109.03192901611328,320.4405212402344
DamageCon3.png,DAMAGE - RUST,0.0005572335794568062,0.0,266.97528076171875,57.17750930786133,573.7481079101562
DamageCon3.png,DAMAGE - RUST,0.0005480478284880519,0.46432018280029297,240.24009704589844,62.721073150634766,428.1153564453125
DamageCon3.png,DENT,0.0005430008168332279,362.83074951171875,0.0,703.06298828125,66.06147003173828
DamageCon3.png,DENT,0.0005423237453214824,750.070068359375,370.2276916503906,897.2886962890625,576.3470458984375
DamageCon3.png,DENT,0.0005411366582848132,142.55142211914062,58.948211669921875,338.6724548339844,159.27340698242188
DamageCon3.png,DENT,0.0005366478580981493,121.7061538696289,68.04580688476562,217.4607696533203,140.35855102539062
DamageCon3.png,DENT,0.0005330786807462573,214.52236938476562,0.5744814872741699,865.0753173828125,86.61434936523438
DamageCon3.png,DENT,0.0005268342792987823,484.804931640625,0.0,893.6502685546875,81.4774169921875
DamageCon3.png,DENT,0.0005259271711111069,365.1334533691406,91.2362060546875,487.46014404296875,154.89349365234375
DamageCon3.png,DENT,0.0005239004967734218,813.771240234375,401.8092041015625,893.8417358398438,470.3154602050781
DamageCon3.png,DENT,0.0005187406204640865,385.6337890625,0.0,745.0968017578125,44.680606842041016
DamageCon3.png,DENT,0.0005179009749554098,170.97634887695312,533.4434814453125,639.1129760742188,600.0
DamageCon3.png,DENT,0.0005147455958649516,0.2470850944519043,111.59135437011719,57.11133575439453,413.1199951171875
DamageCon3.png,DENT,0.0005135862738825381,269.5325927734375,534.0670776367188,594.2060546875,600.0
DamageCon3.png,DENT,0.0005129942437633872,710.404296875,385.7468566894531,874.23388671875,515.8424072265625
DamageCon3.png,DENT,0.0005059236427769065,187.52525329589844,0.0,888.7739868164062,266.5467834472656
DamageCon3.png,DENT,0.0005023781559430063,250.06175231933594,275.2574462890625,363.02276611328125,432.4305419921875
DamageCon3.png,DAMAGE - RUST,0.0004843857605010271,115.02680969238281,69.82354736328125,152.8809356689453,479.2566223144531
DamageCon3.png,DENT,0.000483697367599234,78.58344268798828,60.8179931640625,124.52617645263672,107.4366683959961
DamageCon3.png,DENT,0.00048116789548657835,755.5431518554688,462.8623962402344,899.04345703125,599.4876708984375
DamageCon3.png,DENT,0.00047261558938771486,314.9711608886719,0.0,749.32861328125,143.66632080078125
DamageCon3.png,DENT,0.00046955019934102893,342.4871826171875,0.0,617.3677368164062,38.520469665527344
DamageCon3.png,DENT,0.0004649668117053807,50.48244094848633,533.8606567382812,251.9508819580078,600.0
DamageCon3.png,DENT,0.0004609012685250491,0.6524324417114258,516.293701171875,184.29212951660156,600.0
DamageCon3.png,DENT,0.0004608195449691266,332.9830017089844,395.10296630859375,878.4969482421875,600.0
DamageCon3.png,DENT,0.00045850800233893096,604.5390014648438,390.3399963378906,862.0311889648438,566.4811401367188
DamageCon3.png,DENT,0.0004570538003463298,497.26800537109375,518.9053344726562,883.9077758789062,600.0
DamageCon3.png,DENT,0.0004497924237512052,92.20004272460938,60.933006286621094,207.7841033935547,113.72572326660156
DamageCon3.png,DENT,0.00044776787399314344,2.5832653045654297,479.230224609375,170.71578979492188,599.7099609375
DamageCon3.png,DENT,0.00044392922427505255,211.39678955078125,287.8772888183594,350.9162902832031,399.50506591796875
DamageCon3.png,DENT,0.0004434431029949337,371.1570129394531,101.02806091308594,465.2743225097656,156.67466735839844
DamageCon3.png,DAMAGE - DEFRAME,0.0004401478508953005,183.46739196777344,290.7582092285156,887.0763549804688,598.2008666992188
DamageCon3.png,DENT,0.0004380069440230727,76.56463623046875,59.80904006958008,132.666748046875,259.9413757324219
DamageCon3.png,DAMAGE - RUST,0.00043699037632904947,0.24694204330444336,314.43743896484375,128.10098266601562,577.271240234375
DamageCon3.png,DENT,0.0004348468210082501,156.27635192871094,71.49358367919922,230.7210235595703,215.05589294433594
DamageCon3.png,DENT,0.0004291540535632521,80.61168670654297,60.605194091796875,130.41555786132812,135.5139923095703
DamageCon3.png,DAMAGE - RUST,0.000428284372901544,0.0,354.9195251464844,54.96467208862305,578.8282470703125
DamageCon3.png,DAMAGE - RUST,0.00042259966721758246,0.6450891494750977,444.18621826171875,125.13571166992188,596.4364013671875
DamageCon3.png,DENT,0.00042249858961440623,587.1112060546875,514.028076171875,839.1044921875,600.0
DamageCon3.png,DENT,0.0004212705825921148,272.70245361328125,561.1461791992188,557.0176391601562,600.0
DamageCon3.png,DENT,0.00041838447214104235,91.24665832519531,229.8675537109375,138.59706115722656,449.2030029296875
DamageCon3.png,DENT,0.0004145766724832356,56.48956298828125,498.0730895996094,174.9745635986328,596.2503662109375
DamageCon3.png,DENT,0.00041313786641694605,413.2279052734375,298.0445861816406,548.0180053710938,411.82073974609375
DamageCon3.png,DENT,0.0004111911985091865,158.20204162597656,85.33403015136719,429.45550537109375,144.97329711914062
DamageCon3.png,DENT,0.0004110934096388519,200.4771270751953,474.14599609375,264.4248352050781,547.5497436523438
DamageCon3.png,DENT,0.00040666983113624156,20.717971801757812,526.8612670898438,211.6894073486328,599.9945678710938
DamageCon3.png,DENT,0.0004061669169459492,60.91324234008789,31.499195098876953,108.68841552734375,500.8384094238281
DamageCon3.png,DENT,0.00040496568544767797,332.2237854003906,473.32781982421875,875.0369873046875,600.0
DamageCon3.png,DENT,0.00040488154627382755,676.0986328125,458.31097412109375,889.8505859375,596.9244995117188
DamageCon3.png,DAMAGE - RUST,0.0003990584227722138,114.29114532470703,219.08692932128906,150.62718200683594,444.2857360839844
DamageCon3.png,DENT,0.00039879680844023824,375.214111328125,537.1595458984375,510.7026062011719,600.0
DamageCon3.png,DENT,0.00039788862341083586,562.8516845703125,303.603759765625,660.879150390625,382.1545715332031
DamageCon3.png,DENT,0.00039140379521995783,796.770751953125,393.2469482421875,898.072509765625,542.396240234375
DamageCon3.png,DENT,0.00038947261055000126,19.389265060424805,59.89451599121094,83.99394989013672,423.9530944824219
DamageCon3.png,DENT,0.0003868223284371197,169.32211303710938,462.65460205078125,258.67510986328125,568.9738159179688
DamageCon3.png,DENT,0.00038519949885085225,354.64483642578125,12.38974380493164,559.7733764648438,151.9103240966797
DamageCon3.png,DENT,0.0003833802475128323,351.6473388671875,295.2816162109375,552.0940551757812,411.4893798828125
DamageCon3.png,DENT,0.00037822718149982393,65.50855255126953,450.3303527832031,252.37799072265625,597.4361572265625
DamageCon3.png,DENT,0.00037670088931918144,0.9545803070068359,93.45359802246094,127.45938110351562,586.5457763671875
DamageCon3.png,DENT,0.0003697004576679319,98.81201171875,281.63623046875,130.0386199951172,399.4742431640625
DamageCon3.png,DENT,0.00036953025846742094,175.13809204101562,92.72810363769531,318.43475341796875,189.0861358642578
DamageCon3.png,DAMAGE - RUST,0.00036753961467184126,0.0,239.47267150878906,78.31655883789062,500.78619384765625
DamageCon3.png,DENT,0.0003661630616988987,380.92449951171875,450.3165283203125,529.1005249023438,594.8590087890625
DamageCon3.png,DENT,0.00036472026840783656,387.55560302734375,83.78622436523438,504.8087158203125,159.60455322265625
DamageCon3.png,DENT,0.0003643501549959183,233.22305297851562,153.84429931640625,616.5897216796875,393.7638854980469
DamageCon3.png,DENT,0.00036398041993379593,0.0,504.3930969238281,132.336669921875,600.0
DamageCon3.png,DAMAGE - RUST,0.0003625292156357318,550.9678955078125,483.7222900390625,848.96337890625,599.8224487304688
DamageCon3.png,DENT,0.0003590910928323865,0.0,44.28221130371094,56.37947463989258,369.5745849609375
DamageCon3.png,DENT,0.0003585314843803644,347.9018249511719,525.2446899414062,847.4441528320312,600.0
DamageCon3.png,DENT,0.00035748316440731287,0.700002908706665,246.51551818847656,93.43962097167969,595.7036743164062
DamageCon3.png,DENT,0.0003474468248896301,868.6353759765625,124.92377471923828,900.0,186.63644409179688
DamageCon3.png,DENT,0.0003454443358350545,88.06389617919922,0.8382320404052734,142.88784790039062,520.2803344726562
DamageCon3.png,DENT,0.0003453899989835918,170.92251586914062,261.594482421875,597.8351440429688,490.2108154296875
DamageCon3.png,DENT,0.00034118033363483846,865.8828735351562,102.16493225097656,900.0,190.08078002929688
DamageCon3.png,DENT,0.0003396479005459696,375.0232849121094,409.0378723144531,638.2404174804688,599.972412109375
DamageCon3.png,DAMAGE - RUST,0.0003364722360856831,77.29148864746094,458.4159851074219,209.4739227294922,523.1992797851562
DamageCon3.png,DENT,0.0003346615412738174,204.7903594970703,135.94032287597656,443.4266052246094,348.76123046875
DamageCon3.png,DENT,0.0003342110139783472,409.95159912109375,0.0,843.7606811523438,40.40536880493164
DamageCon3.png,DAMAGE - DEFRAME,0.00032984314020723104,205.24720764160156,219.728759765625,895.6810302734375,455.54833984375
DamageCon3.png,DAMAGE - RUST,0.00032790613477118313,619.0000610351562,383.58441162109375,859.520751953125,548.8950805664062
DamageCon3.png,DENT,0.00032676864066161215,207.9176483154297,296.06976318359375,330.9836730957031,415.84954833984375
DamageCon3.png,DENT,0.0003263990511186421,376.9527587890625,416.861328125,565.60400390625,566.2880859375
DamageCon3.png,DENT,0.00032550623291172087,24.428302764892578,94.19731140136719,71.396484375,435.53289794921875
DamageCon3.png,DENT,0.0003249255532864481,276.7300720214844,563.9506225585938,477.1448059082031,600.0
DamageCon3.png,DENT,0.0003238215285819024,51.837467193603516,473.7595520019531,295.47320556640625,600.0
DamageCon3.png,DAMAGE - RUST,0.0003201993531547487,12.714963912963867,59.33570861816406,77.09463500976562,499.54901123046875
DamageCon3.png,DENT,0.00031940388726070523,231.34832763671875,250.401123046875,845.8898315429688,520.3091430664062
DamageCon3.png,DENT,0.00031671879696659744,628.6046142578125,498.3436584472656,871.60693359375,599.8584594726562
DamageCon3.png,DENT,0.00031354528618976474,658.2161865234375,383.534423828125,876.34326171875,539.7281494140625
DamageCon3.png,DAMAGE - RUST,0.00031332983053289354,0.14137029647827148,427.7314147949219,55.06040954589844,589.5016479492188
DamageCon3.png,DENT,0.0003105586802121252,336.2525939941406,0.0,622.7742919921875,63.59516525268555
DamageCon3.png,DENT,0.00030997919384390116,237.75372314453125,236.02734375,379.3440246582031,374.84844970703125
DamageCon3.png,DENT,0.0003097024164162576,65.68389892578125,496.0205993652344,244.37612915039062,599.2726440429688
DamageCon3.png,DENT,0.0003093627456109971,34.46161651611328,151.7028350830078,71.01152801513672,431.3507080078125
DamageCon3.png,DENT,0.00030784931732341647,94.31343078613281,0.0,804.1448364257812,102.10446166992188
DamageCon3.png,DENT,0.00030541152227669954,252.79058837890625,148.90042114257812,503.80035400390625,385.4286193847656
DamageCon3.png,DENT,0.0003044875629711896,72.26770782470703,68.68254089355469,110.97257995605469,402.2762756347656
DamageCon3.png,DENT,0.0003041150630451739,152.13604736328125,302.3811950683594,900.0,600.0
DamageCon3.png,DENT,0.0003015096008311957,10.109334945678711,71.54502868652344,74.30078887939453,471.41595458984375
DamageCon3.png,DENT,0.000301461317576468,0.10035037994384766,488.1950378417969,87.44002532958984,599.7273559570312
DamageCon3.png,DENT,0.0003013793902937323,66.35589599609375,121.61272430419922,101.29652404785156,373.3829345703125
DamageCon3.png,DENT,0.0002983063750434667,352.95721435546875,563.662353515625,480.02313232421875,599.8335571289062
DamageCon3.png,DENT,0.00029683791217394173,301.10675048828125,493.3867492675781,562.7949829101562,600.0
DamageCon3.png,DENT,0.00029633883968926966,93.75834655761719,506.55584716796875,178.3244171142578,593.4437866210938
DamageCon3.png,DENT,0.0002957884280476719,392.9597473144531,440.7278137207031,519.2910766601562,557.2288818359375
DamageCon3.png,DENT,0.00029453812749125063,82.24213409423828,534.8020629882812,326.807373046875,600.0
DamageCon3.png,DENT,0.00029420386999845505,0.08042752742767334,112.55035400390625,40.29475784301758,383.16912841796875
DamageCon3.png,DAMAGE - RUST,0.0002923079882748425,119.72779846191406,60.28132629394531,155.30987548828125,375.4046936035156
DamageCon3.png,DENT,0.0002918560348916799,70.86811065673828,464.7590637207031,199.51548767089844,586.669921875
DamageCon3.png,DENT,0.00029080448439344764,396.80218505859375,430.4316101074219,570.1799926757812,598.8816528320312
DamageCon3.png,DENT,0.0002891790645662695,124.35063171386719,67.42709350585938,155.40147399902344,245.0133056640625
DamageCon3.png,DENT,0.00028812751406803727,131.38490295410156,483.35467529296875,274.6783142089844,598.4681396484375
DamageCon3.png,DENT,0.00028366665355861187,144.6710662841797,199.4576873779297,480.0256652832031,424.2630615234375
DamageCon3.png,DENT,0.00028272919007577,113.9710922241211,266.9024963378906,151.69419860839844,439.98223876953125
DamageCon3.png,DENT,0.0002798444184008986,230.91612243652344,242.6623992919922,900.0,575.1339111328125
DamageCon3.png,DENT,0.0002790490980260074,174.29739379882812,83.82818603515625,549.3378295898438,158.73785400390625
DamageCon3.png,DAMAGE - RUST,0.0002790147846098989,645.7899169921875,438.72491455078125,825.0654907226562,549.449951171875
DamageCon3.png,DENT,0.0002783662057481706,387.4210205078125,565.3154907226562,484.0154724121094,599.6979370117188
DamageCon3.png,DENT,0.0002770273422356695,74.44672393798828,492.3332214355469,750.694580078125,599.84033203125
DamageCon3.png,DENT,0.0002767601690720767,309.07135009765625,92.50511169433594,389.042724609375,169.80653381347656
DamageCon3.png,DENT,0.00027605259674601257,849.1112670898438,459.7121276855469,900.0,599.9996948242188
DamageCon3.png,DAMAGE - RUST,0.0002729815023485571,576.081298828125,433.88104248046875,789.5048217773438,600.0
DamageCon3.png,DENT,0.00027234124718233943,369.6355895996094,92.048095703125,463.1012878417969,188.1931610107422
DamageCon3.png,DENT,0.0002721302444115281,425.423828125,452.59417724609375,507.33050537109375,533.3445434570312
DamageCon3.png,DENT,0.00027062901062890887,829.8639526367188,525.01318359375,899.6988525390625,600.0
DamageCon3.png,DAMAGE - RUST,0.0002690511755645275,872.02685546875,268.8582763671875,900.0,349.77239990234375
DamageCon3.png,DENT,0.00026805236120708287,295.0411071777344,0.0,628.2239990234375,139.633056640625
DamageCon3.png,DENT,0.0002678707242012024,839.0348510742188,349.36767578125,900.0,493.7689208984375
DamageCon3.png,DENT,0.0002659184974618256,0.016230344772338867,251.6368408203125,60.03073501586914,511.1874694824219
DamageCon3.png,DENT,0.0002649590896908194,66.40947723388672,49.891963958740234,116.63626098632812,113.14631652832031
DamageCon3.png,DENT,0.00026395657914690673,339.0072021484375,526.76171875,582.3261108398438,600.0
DamageCon3.png,DENT,0.00026359697221778333,0.0,370.2032470703125,117.92731475830078,598.4649047851562
DamageCon3.png,DENT,0.0002625785709824413,53.6640510559082,51.44758224487305,102.44316101074219,135.8490753173828
DamageCon3.png,DENT,0.00026157384854741395,457.76910400390625,480.8829345703125,797.6823120117188,599.4544067382812
DamageCon3.png,DAMAGE - RUST,0.00026151450583711267,864.8240966796875,305.4593200683594,900.0,437.8120422363281
DamageCon3.png,DENT,0.0002615122648421675,17.587970733642578,58.39085388183594,163.6966552734375,461.74432373046875
DamageCon3.png,DENT,0.0002604035835247487,130.5357208251953,67.81851959228516,393.6582946777344,229.5378875732422
DamageCon3.png,DENT,0.0002588322968222201,337.1707763671875,97.01370239257812,446.2410583496094,163.1793670654297
DamageCon3.png,DENT,0.0002566420880611986,240.6624298095703,537.4859619140625,418.621826171875,600.0
DamageCon3.png,DAMAGE - RUST,0.0002531524805817753,562.005615234375,499.3722839355469,786.8079833984375,599.7694091796875
DamageCon3.png,DENT,0.00025222470867447555,296.947998046875,140.43368530273438,446.28594970703125,352.0865478515625
DamageCon3.png,DENT,0.00025211964384652674,352.9060974121094,436.358642578125,528.3189086914062,572.7535400390625
DamageCon3.png,DENT,0.0002516518288757652,547.3529052734375,314.9559020996094,630.0030517578125,398.264892578125
DamageCon3.png,DENT,0.0002512112259864807,361.1112060546875,460.07489013671875,583.4527587890625,600.0
DamageCon3.png,DENT,0.00025075749726966023,812.4840087890625,422.67626953125,899.7150268554688,592.8414306640625
DamageCon3.png,DENT,0.0002506016753613949,592.8616333007812,556.8090209960938,806.84716796875,600.0
DamageCon3.png,DENT,0.000250585435424,799.7823486328125,368.7049560546875,899.7781982421875,584.3591918945312
DamageCon3.png,DENT,0.0002500792033970356,77.15161895751953,282.15179443359375,109.31514739990234,394.8473815917969
DamageCon3.png,DENT,0.00024953187676146626,99.51799011230469,115.06414794921875,135.80453491210938,404.39154052734375
DamageCon3.png,DENT,0.00024870247580111027,129.75082397460938,62.99443054199219,433.9982604980469,175.0130615234375
DamageCon3.png,DENT,0.0002482575364410877,0.22533535957336426,257.7840881347656,54.845035552978516,453.6847229003906
DamageCon3.png,DENT,0.00024776358623057604,128.3841094970703,252.9064178466797,571.59765625,441.6432800292969
DamageCon3.png,DENT,0.0002477371017448604,715.0132446289062,381.1445007324219,867.5900268554688,476.3464050292969
DamageCon3.png,DENT,0.0002474325883667916,1.2879014015197754,337.4869689941406,191.7943572998047,598.24267578125
DamageCon3.png,DENT,0.00024688729899935424,2.1172523498535156,445.9503173828125,204.84046936035156,599.5180053710938
DamageCon3.png,DENT,0.00024662050418555737,7.657623291015625,441.2204284667969,895.3336791992188,600.0
DamageCon3.png,DENT,0.0002461319381836802,850.3484497070312,554.2166748046875,900.0,600.0
DamageCon3.png,DENT,0.00024575626594014466,101.12652587890625,565.4603271484375,212.2886199951172,599.7857055664062
DamageCon3.png,DENT,0.0002436552895233035,332.87847900390625,0.0,570.7071533203125,33.43042755126953
DamageCon3.png,DENT,0.00024350803869310766,187.2189178466797,458.0086669921875,265.2687683105469,534.0237426757812
DamageCon3.png,DENT,0.00024244240194093436,414.2947998046875,420.2994689941406,544.0160522460938,542.5775756835938
DamageCon3.png,DENT,0.00024174254212994128,241.81179809570312,198.8174285888672,400.60113525390625,363.5180358886719
DamageCon3.png,DENT,0.0002416939241811633,835.0904541015625,385.1942443847656,899.7598876953125,501.8115539550781
DamageCon3.png,DAMAGE - DEFRAME,0.00024037070397753268,392.39129638671875,309.14947509765625,890.1427001953125,572.354248046875
DamageCon3.png,DENT,0.00023986333690118045,148.89202880859375,261.8596496582031,900.0,447.7061767578125
DamageCon3.png,DENT,0.0002397524513071403,218.7508544921875,276.01739501953125,363.1075744628906,372.71002197265625
DamageCon3.png,DENT,0.0002392827154835686,281.321044921875,61.406864166259766,731.8621826171875,176.41671752929688
DamageCon3.png,DENT,0.00023785607481840998,816.1929931640625,466.2611999511719,899.91552734375,599.9004516601562
DamageCon3.png,DENT,0.0002377823693677783,315.64434814453125,524.9667358398438,689.430908203125,600.0
DamageCon3.png,DENT,0.00023766698723193258,322.5610656738281,458.90997314453125,479.41656494140625,590.12890625
DamageCon3.png,DENT,0.00023706952924840152,492.7159423828125,0.0,891.144287109375,44.74957275390625
DamageCon3.png,DENT,0.00023693573893979192,124.05357360839844,73.23699188232422,182.26937866210938,242.60279846191406
DamageCon3.png,DENT,0.00023592020443174988,849.6444702148438,514.108154296875,900.0,600.0
DamageCon3.png,DENT,0.00023582307039760053,186.99642944335938,449.8457946777344,325.1570129394531,597.012451171875
DamageCon3.png,DENT,0.000235714964219369,604.00341796875,0.0,900.0,70.83180236816406
DamageCon3.png,DENT,0.0002350291470065713,0.0921100378036499,28.48546600341797,33.656402587890625,321.8583068847656
DamageCon3.png,DENT,0.00023399523342959583,490.9521179199219,0.0,816.3585815429688,36.33073043823242
DamageCon3.png,DENT,0.0002337287733098492,71.79056549072266,529.406005859375,419.6435546875,600.0
DamageCon3.png,DENT,0.0002336492034373805,642.8208618164062,547.5892333984375,893.250732421875,600.0
DamageCon3.png,DAMAGE - RUST,0.00023348777904175222,869.6099243164062,135.8544158935547,900.0,288.4984130859375
DamageCon3.png,DAMAGE - RUST,0.00023301939654629678,162.73660278320312,458.04156494140625,255.5355987548828,529.9678955078125
DamageCon3.png,DENT,0.00023262383183464408,427.581787109375,557.5003662109375,814.4122924804688,600.0
DamageCon3.png,DAMAGE - DEFRAME,0.00023160644923336804,807.6696166992188,303.92340087890625,898.2686767578125,578.8487548828125
DamageCon3.png,DENT,0.00023150623019319028,397.454833984375,562.7638549804688,530.8674926757812,599.9766235351562
DamageCon3.png,DENT,0.00023119103570934385,414.0772705078125,4.368722438812256,774.90283203125,157.77516174316406
DamageCon3.png,DENT,0.00023027189308777452,448.2760314941406,418.4533996582031,782.5781860351562,599.766357421875
DamageCon3.png,DENT,0.00022691288904752582,64.96016693115234,249.50833129882812,109.69996643066406,450.0133056640625
DamageCon3.png,DENT,0.00022596937196794897,621.8365478515625,415.8653869628906,824.34765625,551.2177124023438
DamageCon3.png,DENT,0.00022230208560358733,40.25938034057617,49.00528335571289,92.98712921142578,377.5090637207031
DamageCon3.png,DENT,0.00022185487614478916,119.38429260253906,565.088623046875,248.7008056640625,599.89453125
DamageCon3.png,DAMAGE - RUST,0.00022164218535181135,869.459716796875,297.294189453125,900.0,366.39837646484375
DamageCon3.png,DENT,0.00021902921434957534,51.928627014160156,59.71135330200195,95.43350982666016,237.39027404785156
DamageCon3.png,DENT,0.00021884802845306695,439.25799560546875,446.9284973144531,533.104736328125,540.5728149414062
DamageCon3.png,DENT,0.00021883673616684973,282.9954528808594,566.5069580078125,379.0757751464844,599.858642578125
DamageCon3.png,DENT,0.00021810850012116134,510.5826416015625,466.3248596191406,606.366943359375,585.8465576171875
DamageCon3.png,DAMAGE - RUST,0.00021683741942979395,870.1741943359375,147.3910675048828,900.0,334.891845703125
DamageCon3.png,DENT,0.0002160975127480924,152.41937255859375,244.5819854736328,527.8069458007812,409.6441345214844
DamageCon3.png,DENT,0.00021574833954218775,42.59772491455078,563.58154296875,194.31588745117188,600.0
DamageCon3.png,DAMAGE - DEFRAME,0.00021570925309788436,57.594085693359375,312.9300231933594,781.80712890625,598.1272583007812
DamageCon3.png,DENT,0.00021479555289261043,560.1004028320312,534.8262939453125,719.7662963867188,600.0
DamageCon3.png,DENT,0.00021278932399582118,87.88689422607422,288.8684387207031,138.83201599121094,454.8609619140625
DamageCon3.png,DENT,0.0002122201694874093,154.60145568847656,404.6660461425781,900.0,600.0
DamageCon3.png,DENT,0.00021046223992016166,119.3420639038086,65.85941314697266,330.45245361328125,272.88336181640625
DamageCon4.png,DAMAGE - RUST,0.11003655940294266,63.960697174072266,469.4912414550781,205.0861053466797,711.5181274414062
DamageCon4.png,DAMAGE - RUST,0.07703997194766998,130.5479278564453,477.67626953125,202.75770568847656,682.3810424804688
DamageCon4.png,DAMAGE - RUST,0.07525885850191116,102.33831787109375,481.6614990234375,197.92784118652344,709.3911743164062
DamageCon4.png,DAMAGE - RUST,0.06325125694274902,233.1306915283203,72.3836669921875,320.701171875,720.0
DamageCon4.png,DAMAGE - RUST,0.05668510124087334,0.20103469491004944,400.0618896484375,44.64252853393555,662.0219116210938
DamageCon4.png,DAMAGE - RUST,0.05099091678857803,0.2321881651878357,364.63531494140625,57.92507553100586,671.0908203125
DamageCon4.png,DAMAGE - RUST,0.04783383384346962,80.33739471435547,478.31060791015625,221.26205444335938,684.837890625
DamageCon4.png,DAMAGE - RUST,0.04571561887860298,445.4125061035156,1.2981281280517578,588.0680541992188,677.8558959960938
DamageCon4.png,DAMAGE - RUST,0.044367942959070206,248.58685302734375,40.204124450683594,327.8270568847656,683.5313110351562
DamageCon4.png,DAMAGE - RUST,0.04115806519985199,345.5826110839844,307.42840576171875,451.6627502441406,704.921142578125
DamageCon4.png,DAMAGE - DEFRAME,0.04024433344602585,228.87078857421875,60.34660720825195,337.2866516113281,676.3659057617188
DamageCon4.png,DAMAGE - RUST,0.03989563137292862,617.2830810546875,97.52771759033203,817.9981689453125,687.3462524414062
DamageCon4.png,DAMAGE - RUST,0.03941172733902931,242.14984130859375,91.6113510131836,309.0780334472656,658.9221801757812
DamageCon4.png,DAMAGE - RUST,0.03724248707294464,0.0,417.7210388183594,43.45515823364258,575.2644653320312
DamageCon4.png,DAMAGE - RUST,0.03716765716671944,15.33789348602295,486.2317199707031,203.1201934814453,711.4835815429688
DamageCon4.png,DAMAGE - RUST,0.03709009289741516,552.9700927734375,325.4055480957031,781.8384399414062,685.48095703125
DamageCon4.png,DAMAGE - RUST,0.03533279895782471,716.0787963867188,345.8092041015625,785.5447998046875,678.1790771484375
DamageCon4.png,DAMAGE - RUST,0.034498896449804306,1116.554443359375,0.0,1187.862060546875,324.2060241699219
DamageCon4.png,DAMAGE - RUST,0.03444293886423111,704.8698120117188,74.31674194335938,798.9376220703125,681.781005859375
DamageCon4.png,DAMAGE - RUST,0.03349268063902855,349.3522644042969,473.0282287597656,441.3988342285156,691.2720336914062
DamageCon4.png,DAMAGE - RUST,0.031099244952201843,255.3712158203125,127.14878845214844,321.1147766113281,634.5148315429688
DamageCon4.png,DAMAGE - RUST,0.0282046590000391,1081.4580078125,45.458282470703125,1184.4644775390625,564.9688110351562
DamageCon4.png,DAMAGE - RUST,0.02788873016834259,1107.0501708984375,0.0,1186.47412109375,399.8262939453125
DamageCon4.png,DAMAGE - RUST,0.027672085911035538,228.5480194091797,39.39197540283203,344.5259094238281,682.671630859375
DamageCon4.png,DAMAGE - RUST,0.02702988311648369,416.1896667480469,5.354687690734863,564.1297607421875,678.4395751953125
DamageCon4.png,DAMAGE - DEFRAME,0.02612939663231373,589.341552734375,66.71147155761719,801.209228515625,685.3410034179688
DamageCon4.png,DAMAGE - RUST,0.025658711791038513,14.903780937194824,552.259765625,109.34051513671875,707.5454711914062
DamageCon4.png,DAMAGE - RUST,0.025396982207894325,584.286376953125,193.97840881347656,694.6546630859375,720.0
DamageCon4.png,DAMAGE - RUST,0.02392599545419216,588.8414916992188,318.85504150390625,673.5899658203125,541.1808471679688
DamageCon4.png,DAMAGE - RUST,0.02363590896129608,353.0474548339844,360.0383605957031,473.3043518066406,698.5065307617188
DamageCon4.png,DAMAGE - RUST,0.023626888170838356,599.296875,352.0611877441406,687.9425048828125,564.5946044921875
DamageCon4.png,DAMAGE - RUST,0.023010803386569023,463.391845703125,38.9666748046875,541.1582641601562,617.8866577148438
DamageCon4.png,DAMAGE - RUST,0.022917894646525383,56.38155746459961,465.92584228515625,263.8886413574219,712.1867065429688
DamageCon4.png,DAMAGE - RUST,0.02246294729411602,455.8084411621094,344.05047607421875,563.407470703125,681.3163452148438
DamageCon4.png,DAMAGE - DEFRAME,0.021995846182107925,1026.422607421875,20.711551666259766,1243.7879638671875,687.0532836914062
DamageCon4.png,DAMAGE - RUST,0.020512770861387253,664.4117431640625,95.70394897460938,846.2613525390625,689.1522216796875
DamageCon4.png,DAMAGE - RUST,0.020361579954624176,239.91419982910156,110.45655822753906,361.0683288574219,704.6134033203125
DamageCon4.png,DAMAGE - RUST,0.019808495417237282,356.13336181640625,346.68817138671875,436.88812255859375,694.1034545898438
DamageCon4.png,DAMAGE - RUST,0.019422262907028198,466.3905029296875,16.0919189453125,557.0910034179688,702.0238647460938
DamageCon4.png,DAMAGE - RUST,0.01894419640302658,149.0586700439453,479.021240234375,199.5060272216797,546.8817138671875
DamageCon4.png,DAMAGE - RUST,0.018921976909041405,320.1663818359375,311.056884765625,480.7638854980469,710.3076171875
DamageCon4.png,DAMAGE - RUST,0.01873747631907463,839.3394775390625,180.75344848632812,886.0487060546875,293.5909729003906
DamageCon4.png,DAMAGE - DEFRAME,0.018695823848247528,236.29202270507812,64.54226684570312,414.221435546875,681.9265747070312
DamageCon4.png,DAMAGE - RUST,0.01827474683523178,719.7951049804688,458.40863037109375,779.797119140625,673.6082153320312
DamageCon4.png,DAMAGE - RUST,0.018077319487929344,569.0588989257812,369.1865539550781,694.7531127929688,660.3853149414062
DamageCon4.png,DAMAGE - RUST,0.017810001969337463,831.3485717773438,477.65380859375,886.9677734375,703.731201171875
DamageCon4.png,DAMAGE - RUST,0.017574453726410866,534.864013671875,261.7875061035156,819.6376953125,681.4567260742188
DamageCon4.png,DAMAGE - RUST,0.017252419143915176,0.0,447.4176330566406,41.72541427612305,711.712646484375
DamageCon4.png,DAMAGE - RUST,0.016713399440050125,670.4234619140625,318.8273010253906,798.8782958984375,676.9275512695312
DamageCon4.png,DAMAGE - RUST,0.016657071188092232,719.875732421875,110.64574432373047,799.1953125,606.4188842773438
DamageCon4.png,DAMAGE - RUST,0.016489844769239426,610.7925415039062,281.0648193359375,677.0955200195312,720.0
DamageCon4.png,DAMAGE - RUST,0.016063841059803963,598.1857299804688,199.48980712890625,843.0802001953125,685.4756469726562
DamageCon4.png,DAMAGE - RUST,0.01599840074777603,453.36639404296875,375.9200134277344,534.7850341796875,695.8211669921875
DamageCon4.png,DAMAGE - RUST,0.015996232628822327,229.52825927734375,395.8634033203125,297.60150146484375,663.2070922851562
DamageCon4.png,DAMAGE - RUST,0.015866084024310112,126.0592041015625,501.93707275390625,196.17893981933594,712.5865478515625
DamageCon4.png,DAMAGE - RUST,0.015232904814183712,259.02386474609375,9.159809112548828,518.67138671875,682.0396728515625
DamageCon4.png,DAMAGE - RUST,0.015176279470324516,466.07232666015625,50.72266387939453,527.4332275390625,539.0017700195312
DamageCon4.png,DAMAGE - RUST,0.015014600940048695,609.1609497070312,314.04229736328125,676.2935180664062,524.3696899414062
DamageCon4.png,DAMAGE - RUST,0.014923998154699802,0.0,486.7978820800781,108.96646118164062,710.1563720703125
DamageCon4.png,DAMAGE - RUST,0.014744953252375126,556.2109375,357.718994140625,722.2289428710938,694.811279296875
DamageCon4.png,DAMAGE - RUST,0.014733574353158474,214.6968994140625,425.8529968261719,289.7160339355469,693.7295532226562
DamageCon4.png,DAMAGE - RUST,0.014587395824491978,1111.501953125,82.71043395996094,1230.53662109375,647.83642578125
DamageCon4.png,DAMAGE - RUST,0.01442652102559805,386.96832275390625,351.16937255859375,570.5050659179688,690.017578125
DamageCon4.png,DAMAGE - RUST,0.014372901991009712,200.95745849609375,179.08657836914062,324.45281982421875,698.0916137695312
DamageCon4.png,DAMAGE - RUST,0.014215373434126377,594.81396484375,265.6546936035156,677.4476318359375,667.7932739257812
DamageCon4.png,DAMAGE - RUST,0.014182262122631073,0.0,417.2601318359375,91.10675048828125,712.391845703125
DamageCon4.png,DAMAGE - RUST,0.013711308129131794,594.8109130859375,379.07769775390625,777.5413818359375,675.316162109375
DamageCon4.png,DAMAGE - RUST,0.013545381836593151,469.0196533203125,0.0,530.1700439453125,460.8961181640625
DamageCon4.png,DAMAGE - RUST,0.013469004072248936,375.2237548828125,446.1423034667969,452.51544189453125,658.1691284179688
DamageCon4.png,DAMAGE - RUST,0.013296646997332573,588.2103271484375,403.3515930175781,665.68212890625,523.6737060546875
DamageCon4.png,DAMAGE - RUST,0.013224146328866482,948.23291015625,184.24917602539062,1010.8749389648438,298.6454772949219
DamageCon4.png,DAMAGE - RUST,0.01318775862455368,222.607177734375,508.5223693847656,289.26080322265625,705.3129272460938
DamageCon4.png,DAMAGE - RUST,0.012676510028541088,1086.4615478515625,13.743165969848633,1166.509033203125,720.0
DamageCon4.png,DAMAGE - RUST,0.012437745928764343,396.00732421875,95.26513671875,462.8104248046875,720.0
DamageCon4.png,DAMAGE - RUST,0.012208523228764534,929.6846313476562,303.4507751464844,1084.4952392578125,695.5162353515625
DamageCon4.png,DAMAGE - RUST,0.011994295753538609,0.0,39.11598205566406,39.96236801147461,122.323974609375
DamageCon4.png,DAMAGE - DEFRAME,0.011914067901670933,466.1747131347656,0.0,746.3092041015625,690.74609375
DamageCon4.png,DAMAGE - RUST,0.011648694984614849,222.9301300048828,162.20352172851562,391.17608642578125,684.2333984375
DamageCon4.png,DAMAGE - RUST,0.011164836585521698,682.2852783203125,422.792236328125,781.0654296875,660.7554321289062
DamageCon4.png,DAMAGE - RUST,0.011136496439576149,472.508544921875,0.0,552.47802734375,483.59625244140625
DamageCon4.png,DAMAGE - RUST,0.010912853293120861,0.35049641132354736,390.3096923828125,45.9785270690918,524.5155029296875
DamageCon4.png,DAMAGE - RUST,0.010887539014220238,833.1519775390625,161.87254333496094,889.8106689453125,295.88232421875
DamageCon4.png,DAMAGE - RUST,0.010873385705053806,467.1160583496094,373.4971618652344,552.8617553710938,699.4920654296875
DamageCon4.png,DAMAGE - RUST,0.010667718015611172,732.267578125,441.81756591796875,790.0133056640625,693.9081420898438
DamageCon4.png,DAMAGE - RUST,0.010629423893988132,1037.6522216796875,463.4967041015625,1236.6197509765625,701.8435668945312
DamageCon4.png,DAMAGE - RUST,0.010628360323607922,257.43292236328125,320.5811462402344,354.6553039550781,560.741455078125
DamageCon4.png,DAMAGE - RUST,0.010574973188340664,965.9644165039062,372.78240966796875,1018.4876098632812,524.9425048828125
DamageCon4.png,DAMAGE - RUST,0.01041296124458313,475.5501403808594,403.1031799316406,548.644287109375,572.7308959960938
DamageCon4.png,DAMAGE - DEFRAME,0.010346045717597008,0.37980663776397705,408.7126770019531,102.21729278564453,712.3991088867188
DamageCon4.png,DAMAGE - RUST,0.010273890569806099,835.32763671875,534.6453247070312,888.2518920898438,705.80419921875
DamageCon4.png,DAMAGE - RUST,0.01020584162324667,1071.6263427734375,501.9265441894531,1201.4892578125,692.5651245117188
DamageCon4.png,DAMAGE - DEFRAME,0.010083477944135666,1.3691176176071167,429.5628662109375,171.5529022216797,715.5045776367188
DamageCon4.png,DAMAGE - DEFRAME,0.010073192417621613,510.3852844238281,66.55958557128906,874.0994873046875,683.9434204101562
DamageCon4.png,DAMAGE - RUST,0.010013406164944172,391.1483459472656,277.3594665527344,473.0899658203125,680.4688110351562
DamageCon4.png,DAMAGE - DEFRAME,0.009993364103138447,943.706298828125,23.05176544189453,1205.059326171875,681.2108764648438
DamageCon4.png,DAMAGE - RUST,0.00979247223585844,242.82533264160156,46.71589660644531,326.2007141113281,508.0503845214844
DamageCon4.png,DAMAGE - RUST,0.009773132391273975,678.0167236328125,57.939353942871094,794.1300659179688,720.0
DamageCon4.png,DAMAGE - DEFRAME,0.00967007502913475,1086.4852294921875,24.50407600402832,1248.8668212890625,701.0416259765625
DamageCon4.png,DAMAGE - RUST,0.009615253657102585,267.7622375488281,268.6222229003906,398.26904296875,672.7323608398438
DamageCon4.png,DAMAGE - RUST,0.009354603476822376,1124.177001953125,0.5366072654724121,1180.801025390625,249.17440795898438
DamageCon4.png,DAMAGE - RUST,0.009231280535459518,486.0362548828125,3.527189016342163,548.9359741210938,362.7652282714844
DamageCon4.png,DAMAGE - RUST,0.009163996204733849,961.5557861328125,268.7498779296875,1029.719482421875,606.4496459960938
DamageCon4.png,DAMAGE - RUST,0.009158849716186523,194.10745239257812,262.968017578125,308.3441162109375,689.9115600585938
DamageCon4.png,DAMAGE - RUST,0.009135063737630844,937.3773803710938,329.20361328125,1057.417724609375,676.8572998046875
DamageCon4.png,DAMAGE - RUST,0.00911448523402214,561.60546875,397.00103759765625,655.032958984375,606.2196655273438
DamageCon4.png,DAMAGE - RUST,0.009026718325912952,476.2451477050781,12.6235933303833,535.9584350585938,334.0595397949219
DamageCon4.png,DAMAGE - RUST,0.009003586135804653,433.4966125488281,50.104801177978516,661.8009643554688,692.6002807617188
DamageCon4.png,DAMAGE - RUST,0.008968560956418514,105.82084655761719,465.62445068359375,227.5023193359375,666.2513427734375
DamageCon4.png,DAMAGE - RUST,0.008946198970079422,1069.674072265625,20.61986541748047,1204.9066162109375,441.2243347167969
DamageCon4.png,DAMAGE - RUST,0.00874583050608635,400.6185302734375,218.30670166015625,452.6594543457031,673.4545288085938
DamageCon4.png,DAMAGE - RUST,0.008662069216370583,1095.49169921875,0.0,1247.1051025390625,293.4837341308594
DamageCon4.png,DAMAGE - RUST,0.008598568849265575,720.4446411132812,127.75425720214844,772.448974609375,269.4278869628906
DamageCon4.png,DAMAGE - RUST,0.007992205210030079,549.302490234375,355.6083679199219,665.6693725585938,697.0242919921875
DamageCon4.png,DAMAGE - RUST,0.00797555036842823,229.18727111816406,71.1502685546875,298.0406188964844,630.6670532226562
DamageCon4.png,DAMAGE - RUST,0.007898258976638317,78.04747009277344,160.8697509765625,117.0126953125,237.43942260742188
DamageCon4.png,DAMAGE - RUST,0.0078094652853906155,956.423095703125,375.94488525390625,1051.4991455078125,524.2068481445312
DamageCon4.png,DAMAGE - RUST,0.007807182148098946,594.224609375,105.26380157470703,710.0457763671875,707.7007446289062
DamageCon4.png,DAMAGE - RUST,0.00772836385294795,361.8518981933594,549.9210205078125,426.2492370605469,699.1512451171875
DamageCon4.png,DAMAGE - RUST,0.007628848776221275,599.40380859375,0.0,681.320068359375,137.65208435058594
DamageCon4.png,DAMAGE - RUST,0.007571864407509565,140.76736450195312,467.430419921875,223.21063232421875,606.083251953125
DamageCon4.png,DAMAGE - RUST,0.007514562923461199,585.7880249023438,273.2332763671875,716.6728515625,636.3883056640625
DamageCon4.png,DENT,0.0075049749575555325,0.44993317127227783,440.0156555175781,184.42913818359375,713.4638671875
DamageCon4.png,DAMAGE - RUST,0.007490489631891251,237.68800354003906,564.0360717773438,286.712158203125,665.6076049804688
DamageCon4.png,DAMAGE - RUST,0.007489182520657778,611.5980834960938,10.695545196533203,673.6876831054688,106.61531829833984
DamageCon4.png,DAMAGE - RUST,0.007359845098108053,247.14060974121094,131.47647094726562,423.052490234375,703.5787963867188
DamageCon4.png,DAMAGE - RUST,0.007336124777793884,720.2255249023438,128.80206298828125,769.98779296875,214.5502166748047
DamageCon4.png,DAMAGE - RUST,0.007282861974090338,809.5330810546875,449.8732604980469,887.9678344726562,682.4879150390625
DamageCon4.png,DAMAGE - RUST,0.007138563320040703,990.4400024414062,234.58688354492188,1256.880126953125,700.46484375
DamageCon4.png,DAMAGE - RUST,0.007115271873772144,617.3359375,288.6129455566406,671.4956665039062,548.602783203125
DamageCon4.png,DAMAGE - RUST,0.006991989444941282,356.28912353515625,475.76361083984375,425.8077697753906,536.864013671875
DamageCon4.png,DAMAGE - RUST,0.0069508845917880535,963.1548461914062,187.98597717285156,1025.6539306640625,279.5799560546875
DamageCon4.png,DAMAGE - DEFRAME,0.006851379293948412,916.20654296875,38.52387237548828,1056.0050048828125,678.7449951171875
DamageCon4.png,DAMAGE - RUST,0.00680465018376708,954.8452758789062,331.90240478515625,1026.0985107421875,561.4308471679688
DamageCon4.png,DAMAGE - RUST,0.006768407765775919,922.6502075195312,168.40528869628906,1005.8836059570312,317.9682312011719
DamageCon4.png,DAMAGE - RUST,0.006450357381254435,394.45672607421875,65.30960083007812,544.8705444335938,720.0
DamageCon4.png,DAMAGE - RUST,0.0064331418834626675,715.1685791015625,124.70284271240234,787.0032958984375,468.37310791015625
DamageCon4.png,DAMAGE - RUST,0.0063371616415679455,254.2064971923828,120.36505126953125,349.7904357910156,584.7318115234375
DamageCon4.png,DAMAGE - RUST,0.006268286611884832,1069.4248046875,33.459896087646484,1188.7919921875,353.97052001953125
DamageCon4.png,DAMAGE - RUST,0.006264043506234884,238.45721435546875,37.49058151245117,306.02178955078125,498.7187194824219
DamageCon4.png,DAMAGE - RUST,0.006137815769761801,357.26416015625,489.80865478515625,459.8064880371094,704.456787109375
DamageCon4.png,DAMAGE - RUST,0.006097996141761541,361.3797607421875,381.5833740234375,538.5514526367188,701.6282958984375
DamageCon4.png,DENT,0.006035235244780779,109.89408874511719,305.60235595703125,153.53311157226562,392.67999267578125
DamageCon4.png,DAMAGE - RUST,0.0058289277367293835,1095.1456298828125,8.218914031982422,1248.7078857421875,665.4945068359375
DamageCon4.png,DAMAGE - RUST,0.005807826761156321,1077.5093994140625,37.37211227416992,1197.330078125,720.0
DamageCon4.png,DAMAGE - RUST,0.005788371432572603,463.7363586425781,339.5028991699219,686.3346557617188,693.2313232421875
DamageCon4.png,DAMAGE - RUST,0.0056784930638968945,226.23399353027344,219.06512451171875,359.3481140136719,676.2465209960938
DamageCon4.png,DAMAGE - RUST,0.005591974593698978,913.8097534179688,306.23114013671875,1179.927001953125,679.7974853515625
DamageCon4.png,DAMAGE - DEFRAME,0.005582804325968027,815.9857788085938,152.25706481933594,1054.0640869140625,688.48828125
DamageCon4.png,DAMAGE - RUST,0.005556110292673111,925.7926635742188,112.06995391845703,1032.4173583984375,557.788818359375
DamageCon4.png,DAMAGE - RUST,0.005509832873940468,997.5852661132812,138.7220916748047,1046.35888671875,271.1891174316406
DamageCon4.png,DAMAGE - RUST,0.005423505790531635,300.484130859375,395.7392578125,363.20989990234375,653.1170043945312
DamageCon4.png,DAMAGE - RUST,0.005344091914594173,508.62811279296875,105.56035614013672,782.6763305664062,694.2161254882812
DamageCon4.png,DAMAGE - RUST,0.005333381704986095,336.6217956542969,474.36993408203125,413.14959716796875,543.052734375
DamageCon4.png,DAMAGE - RUST,0.005252813454717398,564.1517944335938,397.9940490722656,660.8440551757812,530.4389038085938
DamageCon4.png,DAMAGE - RUST,0.005181639455258846,709.884765625,445.62518310546875,788.3110961914062,706.9677734375
DamageCon4.png,DAMAGE - RUST,0.005156436935067177,457.2009582519531,417.5052185058594,538.6749267578125,541.3001098632812
DamageCon4.png,DAMAGE - RUST,0.005155840422958136,481.10919189453125,167.0595703125,555.3833618164062,720.0
DamageCon4.png,DAMAGE - RUST,0.005140922963619232,415.57318115234375,372.6847839355469,526.3085327148438,570.8831787109375
DamageCon4.png,DAMAGE - RUST,0.005133115220814943,949.1654052734375,470.4864807128906,1043.6749267578125,655.0610961914062
DamageCon4.png,DAMAGE - RUST,0.0051321168430149555,344.9002990722656,551.0916137695312,415.25714111328125,698.0576782226562
DamageCon4.png,DAMAGE - RUST,0.005090406164526939,936.9437866210938,482.0766296386719,1033.7891845703125,671.752197265625
DamageCon4.png,DAMAGE - RUST,0.005030611529946327,595.9389038085938,7.431330680847168,670.5482177734375,97.16088104248047
DamageCon4.png,DAMAGE - RUST,0.004938818980008364,423.2104797363281,409.7103576660156,524.4501342773438,607.4598999023438
DamageCon4.png,DAMAGE - RUST,0.004936797544360161,941.9318237304688,150.97476196289062,1030.3717041015625,343.7640380859375
DamageCon4.png,DAMAGE - RUST,0.004877356346696615,951.2233276367188,383.2960205078125,1022.6865844726562,526.6039428710938
DamageCon4.png,DAMAGE - RUST,0.0048749614506959915,336.9928894042969,427.8550720214844,462.3590087890625,604.7725830078125
DamageCon4.png,DAMAGE - RUST,0.004835507366806269,715.460693359375,116.97681427001953,790.2698364257812,290.20709228515625
DamageCon4.png,DAMAGE - RUST,0.0047822752967476845,1107.0718994140625,0.0,1240.3626708984375,197.38137817382812
DamageCon4.png,DAMAGE - DEFRAME,0.004733094945549965,697.0682983398438,116.85569763183594,964.344482421875,696.189453125
DamageCon4.png,DAMAGE - RUST,0.004732237197458744,1067.4608154296875,111.25029754638672,1204.98046875,619.8125
DamageCon4.png,DAMAGE - RUST,0.004667127039283514,945.2555541992188,425.0469665527344,1083.1953125,692.4284057617188
DamageCon4.png,DAMAGE - RUST,0.004632880911231041,941.1721801757812,136.4730224609375,1037.23681640625,680.069580078125
DamageCon4.png,DAMAGE - RUST,0.004622428212314844,0.042527079582214355,22.209043502807617,43.76396942138672,225.81610107421875
DamageCon4.png,DAMAGE - RUST,0.004615883808583021,559.8403930664062,341.60650634765625,693.095947265625,606.2318725585938
DamageCon4.png,DAMAGE - RUST,0.004520854447036982,0.589531421661377,301.2031555175781,54.76008224487305,605.1785278320312
DamageCon4.png,DAMAGE - RUST,0.004516485147178173,487.1111145019531,406.1744079589844,546.2918701171875,490.65252685546875
DamageCon4.png,DAMAGE - RUST,0.004422237165272236,935.3436279296875,375.13470458984375,1250.1343994140625,715.3779907226562
DamageCon4.png,DAMAGE - RUST,0.004411325789988041,436.0719909667969,72.48685455322266,556.0447998046875,720.0
DamageCon4.png,DAMAGE - RUST,0.004347988869994879,921.882080078125,0.0,991.4859008789062,388.2173767089844
DamageCon4.png,DAMAGE - RUST,0.004310057032853365,954.6815795898438,145.75546264648438,1038.5882568359375,285.68743896484375
DamageCon4.png,DAMAGE - RUST,0.004205471370369196,230.09503173828125,1.8204436302185059,401.13958740234375,720.0
DamageCon4.png,DAMAGE - RUST,0.004174216650426388,585.6209716796875,0.0,681.6895141601562,98.05899810791016
DamageCon4.png,DAMAGE - RUST,0.004141867160797119,292.8883056640625,343.48883056640625,461.5588684082031,658.2576904296875
DamageCon4.png,DAMAGE - RUST,0.00411759689450264,936.0830078125,462.67083740234375,1103.23193359375,707.7164306640625
DamageCon4.png,DAMAGE - RUST,0.004102556500583887,970.6551513671875,156.86175537109375,1043.9617919921875,289.9491882324219
DamageCon4.png,DAMAGE - RUST,0.0040514045394957066,813.9871215820312,156.52914428710938,908.6051635742188,349.412841796875
DamageCon4.png,DAMAGE - RUST,0.004012811928987503,497.9612121582031,365.1161804199219,629.741943359375,699.3755493164062
DamageCon4.png,DAMAGE - RUST,0.003988323267549276,237.4754638671875,360.11566162109375,334.5108337402344,650.7653198242188
DamageCon4.png,DAMAGE - RUST,0.003911241888999939,931.7886962890625,491.7862243652344,1067.492431640625,705.030029296875
DamageCon4.png,DAMAGE - RUST,0.003893893677741289,951.803466796875,533.3549194335938,1036.7015380859375,660.7364501953125
DamageCon4.png,DENT,0.003885151818394661,106.33106994628906,288.4844970703125,154.84767150878906,401.57220458984375
DamageCon4.png,DAMAGE - RUST,0.003830898553133011,72.6728744506836,82.46632385253906,129.58396911621094,485.95477294921875
DamageCon4.png,DAMAGE - RUST,0.003829723224043846,448.92742919921875,23.348230361938477,544.7867431640625,475.9359130859375
DamageCon4.png,DAMAGE - RUST,0.003816949902102351,907.3848876953125,139.76100158691406,1030.404052734375,420.4815673828125
DamageCon4.png,DAMAGE - DEFRAME,0.0038076092023402452,550.8446044921875,237.80319213867188,796.736083984375,702.3723754882812
DamageCon4.png,DAMAGE - RUST,0.003792089642956853,1229.00732421875,34.16827392578125,1270.0,514.4942626953125
DamageCon4.png,DAMAGE - RUST,0.003756598336622119,727.1669921875,128.8961639404297,796.5795288085938,439.61700439453125
DamageCon4.png,DAMAGE - RUST,0.0036677345633506775,1099.2890625,2.0674610137939453,1243.583740234375,460.7708435058594
DamageCon4.png,DAMAGE - RUST,0.0036612150724977255,406.1510314941406,38.71009063720703,518.7586059570312,673.7173461914062
DamageCon4.png,DAMAGE - RUST,0.0035816673189401627,679.3411865234375,64.0238265991211,819.3515014648438,576.40625
DamageCon4.png,DAMAGE - RUST,0.003554435446858406,1126.3031005859375,408.5753479003906,1253.2708740234375,612.3148803710938
DamageCon4.png,DAMAGE - RUST,0.0035524414852261543,1132.340576171875,11.116266250610352,1181.255126953125,161.05953979492188
DamageCon4.png,DAMAGE - RUST,0.0035437829792499542,241.17770385742188,59.12841796875,297.896728515625,399.44818115234375
DamageCon4.png,DAMAGE - RUST,0.0035150577314198017,482.95770263671875,18.22317886352539,538.8382568359375,199.2339324951172
DamageCon4.png,DAMAGE - RUST,0.00348686589859426,0.0,192.8370819091797,97.75647735595703,677.8770141601562
DamageCon4.png,DENT,0.003483614418655634,0.0,276.75689697265625,191.6219024658203,714.9194946289062
DamageCon4.png,DAMAGE - RUST,0.0034796621184796095,601.5679321289062,289.6698913574219,668.049560546875,467.9067077636719
DamageCon4.png,DAMAGE - RUST,0.0034622682724148035,585.86181640625,0.0,679.82373046875,183.03370666503906
DamageCon4.png,DAMAGE - RUST,0.0034405046608299017,497.7825927734375,25.093017578125,543.3919677734375,139.9105987548828
DamageCon4.png,DAMAGE - RUST,0.003407619195058942,552.6893310546875,210.840576171875,712.4819946289062,720.0
DamageCon4.png,DAMAGE - RUST,0.0033685232046991587,921.6651000976562,0.0,976.1565551757812,339.6711730957031
DamageCon4.png,DAMAGE - RUST,0.0033559943549335003,595.5811157226562,29.138301849365234,690.59130859375,616.8311157226562
DamageCon4.png,DAMAGE - RUST,0.0033157679717987776,0.0,7.788617134094238,61.725303649902344,255.5108642578125
DamageCon4.png,DAMAGE - RUST,0.0032879249192774296,1136.243408203125,398.2973327636719,1251.2247314453125,501.1897888183594
DamageCon4.png,DAMAGE - RUST,0.0032851165160536766,559.72509765625,390.1755676269531,623.861572265625,687.9246826171875
DamageCon4.png,DAMAGE - DEFRAME,0.0032643498852849007,0.1634393334388733,215.8974151611328,111.37862396240234,709.4512329101562
DamageCon4.png,DAMAGE - DEFRAME,0.003190717427060008,0.0,449.3077087402344,237.23086547851562,710.5330810546875
DamageCon4.png,DAMAGE - RUST,0.003151969751343131,572.0343627929688,0.0,699.9497680664062,148.5584259033203
DamageCon4.png,DAMAGE - RUST,0.003121356712654233,240.73287963867188,33.7985954284668,294.811767578125,227.9688262939453
DamageCon4.png,DAMAGE - RUST,0.0030406161677092314,702.954345703125,122.45346069335938,777.125,271.57330322265625
DamageCon4.png,DAMAGE - DEFRAME,0.003031814703717828,768.4661865234375,80.7625732421875,916.382080078125,666.5908813476562
DamageCon4.png,DAMAGE - RUST,0.003025786019861698,105.5158920288086,303.4320373535156,152.47705078125,391.70733642578125
DamageCon4.png,DAMAGE - RUST,0.003011578693985939,120.33988952636719,132.45545959472656,386.51763916015625,708.0278930664062
DamageCon4.png,DAMAGE - RUST,0.003010204527527094,1029.4228515625,420.7315979003906,1089.91650390625,505.12237548828125
DamageCon4.png,DAMAGE - DEFRAME,0.003008419182151556,932.0218505859375,77.8351821899414,1042.4298095703125,612.4716186523438
DamageCon4.png,DAMAGE - RUST,0.0029944528359919786,458.50738525390625,410.4945068359375,535.934326171875,487.76788330078125
DamageCon4.png,DAMAGE - RUST,0.0029685022309422493,0.24555641412734985,227.2599334716797,55.022769927978516,675.7644653320312
DamageCon4.png,DAMAGE - RUST,0.0028778035193681717,219.75076293945312,0.0,281.20703125,229.78724670410156
DamageCon4.png,DAMAGE - RUST,0.002814082894474268,324.02703857421875,83.80374908447266,488.45025634765625,719.2036743164062
DamageCon4.png,DAMAGE - RUST,0.0027995570562779903,1206.691650390625,35.989749908447266,1267.897705078125,555.3202514648438
DamageCon4.png,DAMAGE - RUST,0.0027589574456214905,916.4486694335938,53.504669189453125,1051.396728515625,606.3465576171875
DamageCon4.png,DAMAGE - RUST,0.0027372571639716625,919.9050903320312,472.3274841308594,1020.9047241210938,707.7830810546875
DamageCon4.png,DAMAGE - RUST,0.002731056185439229,1200.9664306640625,334.69964599609375,1264.4664306640625,624.459228515625
DamageCon4.png,DAMAGE - RUST,0.0027058261912316084,1026.234375,408.39227294921875,1126.87353515625,524.1312255859375
DamageCon4.png,DAMAGE - RUST,0.0027011313941329718,928.0869750976562,514.7235717773438,1031.9755859375,701.957275390625
DamageCon4.png,DAMAGE - RUST,0.002692075213417411,1205.4622802734375,119.39891815185547,1253.784912109375,462.1700134277344
DamageCon4.png,DAMAGE - RUST,0.0026870945002883673,0.0,24.056140899658203,55.29457092285156,139.85154724121094
DamageCon4.png,DENT,0.002652935916557908,0.0,418.0766296386719,117.60205078125,712.2616577148438
DamageCon4.png,DAMAGE - RUST,0.0026445488911122084,1.316235065460205,356.3150939941406,136.11862182617188,695.9804077148438
DamageCon4.png,DAMAGE - RUST,0.0026319792959839106,696.8494873046875,120.40662384033203,781.1220703125,322.05615234375
DamageCon4.png,DAMAGE - RUST,0.0026216055266559124,233.09384155273438,521.9749145507812,321.6856384277344,664.99658203125
DamageCon4.png,DAMAGE - RUST,0.0026038093492388725,922.7725219726562,9.622232437133789,1018.7022094726562,383.8653869628906
DamageCon4.png,DAMAGE - RUST,0.00255567766726017,352.37335205078125,125.596923828125,462.48193359375,698.6420288085938
DamageCon4.png,DAMAGE - RUST,0.002535306615754962,933.758056640625,33.75605392456055,1028.9287109375,355.9430236816406
DamageCon4.png,DAMAGE - RUST,0.002522611990571022,144.6536865234375,458.8812561035156,206.0311737060547,581.5328369140625
DamageCon4.png,DAMAGE - RUST,0.0024991766549646854,928.3829956054688,0.0,982.4274291992188,286.1062927246094
DamageCon4.png,DAMAGE - RUST,0.002487463178113103,776.7860107421875,465.4341125488281,844.087646484375,698.6431274414062
DamageCon4.png,DAMAGE - RUST,0.002481107832863927,826.4332885742188,161.72569274902344,926.4652099609375,311.86444091796875
DamageCon4.png,DAMAGE - DEFRAME,0.0024521928280591965,645.823974609375,77.65823364257812,1029.1082763671875,681.3651733398438
DamageCon4.png,DAMAGE - RUST,0.002433098154142499,474.7314147949219,379.60662841796875,656.2940063476562,589.3826904296875
DamageCon4.png,DAMAGE - RUST,0.0024151247926056385,791.9898071289062,150.173828125,869.5732421875,285.8955993652344
DamageCon4.png,DAMAGE - RUST,0.002395864576101303,227.73345947265625,0.0,284.738525390625,285.0566711425781
DamageCon4.png,DAMAGE - RUST,0.002362156054005027,254.4002227783203,57.69365310668945,351.7896423339844,431.68017578125
DamageCon4.png,DAMAGE - RUST,0.0023403118830174208,1186.9091796875,0.0,1263.8797607421875,300.7217102050781
DamageCon4.png,DAMAGE - RUST,0.0023094762582331896,792.8561401367188,125.13346862792969,879.9007568359375,298.05224609375
DamageCon4.png,DAMAGE - RUST,0.0023069102317094803,1089.2850341796875,353.1332702636719,1247.5733642578125,661.7408447265625
DamageCon4.png,DAMAGE - RUST,0.00229413784109056,1069.05224609375,58.667659759521484,1175.0186767578125,252.0717315673828
DamageCon4.png,DAMAGE - RUST,0.0022847915533930063,72.82010650634766,172.67913818359375,110.08097839355469,241.60752868652344
DamageCon4.png,DAMAGE - RUST,0.00227202451787889,699.9323120117188,112.09580993652344,776.049560546875,229.388671875
DamageCon4.png,DENT,0.0022595205809921026,801.1104125976562,126.09519958496094,905.8746337890625,548.7825927734375
DamageCon4.png,DAMAGE - RUST,0.0022479507606476545,1193.8026123046875,388.6158752441406,1263.73681640625,509.5521240234375
DamageCon4.png,DAMAGE - RUST,0.0022408051881939173,1035.724853515625,401.88330078125,1097.167236328125,491.8117980957031
DamageCon4.png,DAMAGE - RUST,0.0021922250743955374,1206.00244140625,203.12423706054688,1263.24169921875,662.79345703125
DamageCon4.png,DAMAGE - RUST,0.002183119300752878,732.8197021484375,114.01139068603516,878.1100463867188,444.78607177734375
DamageCon4.png,DAMAGE - RUST,0.002181985415518284,593.6512451171875,262.2623291015625,668.334716796875,519.5767211914062
DamageCon4.png,DAMAGE - RUST,0.002145799109712243,212.24362182617188,0.0,264.79241943359375,141.15753173828125
DamageCon4.png,DAMAGE - RUST,0.0021178408060222864,1193.2713623046875,75.52857971191406,1267.637451171875,704.7726440429688
DamageCon4.png,DAMAGE - RUST,0.002116274321451783,480.07330322265625,385.3365173339844,595.6421508789062,570.5270385742188
DamageCon4.png,DAMAGE - RUST,0.0021073599345982075,577.237548828125,0.0,729.7473754882812,599.3731689453125
DamageCon4.png,DAMAGE - RUST,0.002088268520310521,303.6261291503906,400.1046142578125,393.01214599609375,701.5418701171875
DamageCon4.png,DAMAGE - RUST,0.0020750565454363823,228.53750610351562,0.0,287.5815124511719,394.46563720703125
DamageCon4.png,DAMAGE - RUST,0.002074595307931304,355.3373718261719,572.35302734375,435.2185363769531,709.6835327148438
DamageCon4.png,DAMAGE - RUST,0.0020460374653339386,656.442138671875,416.4942321777344,797.5032958984375,703.5612182617188
DamageCon4.png,DAMAGE - RUST,0.0020306904334574938,1118.5098876953125,0.0,1230.893798828125,126.4842529296875
DamageCon4.png,DAMAGE - RUST,0.002013939432799816,1013.5665283203125,87.20332336425781,1132.426025390625,300.4888000488281
DamageCon4.png,DAMAGE - DEFRAME,0.0020064874552190304,414.1557922363281,26.84495735168457,600.5836181640625,709.137451171875
DamageCon4.png,DAMAGE - RUST,0.002003556350246072,1204.238525390625,0.9523704051971436,1266.0194091796875,348.12701416015625
DamageCon4.png,DAMAGE - RUST,0.001963377231732011,406.2743835449219,262.16943359375,445.59478759765625,537.8472900390625
DamageCon4.png,DAMAGE - RUST,0.0019507320830598474,689.4456787109375,105.4326400756836,790.8779907226562,460.0111083984375
DamageCon4.png,DAMAGE - RUST,0.001948645105585456,221.61280822753906,10.502917289733887,293.5552978515625,174.8681182861328
DamageCon4.png,DAMAGE - RUST,0.0019241799600422382,122.21021270751953,483.0309753417969,247.17300415039062,714.8615112304688
DamageCon4.png,DAMAGE - RUST,0.001859341631643474,730.4711303710938,108.68050384521484,862.9647827148438,684.3802490234375
DamageCon4.png,DAMAGE - RUST,0.0018158156890422106,937.7861328125,540.444580078125,1016.8477172851562,659.6146850585938
DamageCon4.png,DAMAGE - RUST,0.0018003241857513785,512.3692626953125,395.44366455078125,607.2186279296875,694.004638671875
DamageCon4.png,DAMAGE - RUST,0.0017866521375253797,1056.4659423828125,33.925254821777344,1166.523193359375,678.87109375
DamageCon4.png,DAMAGE - RUST,0.0017552366480231285,823.7056274414062,564.1487426757812,890.0560302734375,707.7081909179688
DamageCon4.png,DAMAGE - RUST,0.001716959523037076,934.281005859375,14.119565963745117,978.2921752929688,145.2912139892578
DamageCon4.png,DAMAGE - RUST,0.0017073529306799173,88.57963562011719,100.06505584716797,158.60658264160156,407.5509948730469
DamageCon4.png,DAMAGE - DEFRAME,0.001694069360382855,4.115876197814941,380.62469482421875,311.5013122558594,713.3511962890625
DamageCon4.png,DAMAGE - RUST,0.001689262455329299,372.90057373046875,306.7100830078125,443.09063720703125,517.9779052734375
DamageCon4.png,DAMAGE - RUST,0.0016612245235592127,1229.5684814453125,177.09869384765625,1270.0,578.3693237304688
DamageCon4.png,DAMAGE - RUST,0.0016561553347855806,1206.5947265625,368.92974853515625,1256.7142333984375,682.690185546875
DamageCon4.png,DAMAGE - DEFRAME,0.0016467730747535825,181.6028594970703,16.271596908569336,318.7566833496094,720.0
DamageCon4.png,DAMAGE - RUST,0.0016454174183309078,921.9346313476562,0.0,1037.1951904296875,459.3533630371094
DamageCon4.png,DAMAGE - DEFRAME,0.0016380411107093096,30.82972526550293,107.24684143066406,341.4617004394531,710.3809814453125
DamageCon4.png,DAMAGE - RUST,0.0016370277153328061,1141.125,0.0,1262.136962890625,199.85731506347656
DamageCon4.png,DAMAGE - RUST,0.0016351878875866532,829.2797241210938,174.62269592285156,913.795654296875,297.4666442871094
DamageCon4.png,DENT,0.001600898802280426,0.22892558574676514,74.26908874511719,154.56195068359375,687.6084594726562
DamageCon4.png,DAMAGE - RUST,0.0015751579776406288,564.729248046875,293.8935852050781,672.3052978515625,653.956298828125
DamageCon4.png,DAMAGE - RUST,0.001568597974255681,383.5572509765625,275.0751953125,446.1922302246094,554.5137939453125
DamageCon5.png,DAMAGE - DEFRAME,0.16685213148593903,545.7994384765625,0.0,694.0684204101562,599.0779418945312
DamageCon5.png,DAMAGE - DEFRAME,0.12827512621879578,477.23388671875,0.0,769.2784423828125,606.0
DamageCon5.png,DAMAGE - RUST,0.10930347442626953,563.5183715820312,20.84718894958496,693.554931640625,572.1549682617188
DamageCon5.png,DAMAGE - DEFRAME,0.1013340950012207,501.53460693359375,8.775895118713379,711.2470092773438,584.7725830078125
DamageCon5.png,DAMAGE - DEFRAME,0.07439951598644257,322.2210998535156,0.0,710.851318359375,586.015380859375
DamageCon5.png,DAMAGE - RUST,0.05114344134926796,578.6950073242188,0.0,635.5885009765625,410.1273193359375
DamageCon5.png,DAMAGE - RUST,0.04509696364402771,829.6900024414062,162.40634155273438,881.6921997070312,456.46942138671875
DamageCon5.png,DAMAGE - DEFRAME,0.040964093059301376,586.5964965820312,31.169246673583984,745.697265625,564.71630859375
DamageCon5.png,DAMAGE - RUST,0.0396452471613884,572.2369384765625,9.885781288146973,645.4652099609375,483.9021911621094
DamageCon5.png,DAMAGE - RUST,0.039597056806087494,409.8822326660156,435.4377746582031,507.13031005859375,571.2980346679688
DamageCon5.png,DAMAGE - RUST,0.03395899385213852,577.5308837890625,61.54059600830078,671.7590942382812,580.2593383789062
DamageCon5.png,DAMAGE - RUST,0.031410980969667435,581.4310913085938,0.0,634.678466796875,292.3100280761719
DamageCon5.png,DAMAGE - RUST,0.029868656769394875,685.3416748046875,73.9990463256836,755.3095703125,568.9883422851562
DamageCon5.png,DAMAGE - RUST,0.027540184557437897,591.3521118164062,44.5130500793457,747.5489501953125,564.4493408203125
DamageCon5.png,DAMAGE - RUST,0.025817319750785828,701.5847778320312,65.65782928466797,765.0316162109375,599.7885131835938
DamageCon5.png,DAMAGE - RUST,0.024014685302972794,696.9861450195312,120.8838119506836,751.428955078125,427.0184020996094
DamageCon5.png,DAMAGE - RUST,0.023589910939335823,421.4306945800781,449.1164245605469,498.92205810546875,524.2401733398438
DamageCon5.png,DAMAGE - DEFRAME,0.02230054885149002,371.4280090332031,0.0,846.7188720703125,606.0
DamageCon5.png,DAMAGE - RUST,0.02189716137945652,589.3890991210938,26.986642837524414,688.871337890625,606.0
DamageCon5.png,DAMAGE - RUST,0.019243966788053513,587.3381958007812,189.6003875732422,641.8585815429688,581.1201782226562
DamageCon5.png,DAMAGE - RUST,0.019140126183629036,832.783935546875,275.25457763671875,886.7296142578125,420.3935852050781
DamageCon5.png,DAMAGE - RUST,0.017872894182801247,570.3421630859375,8.857826232910156,661.7884521484375,409.77545166015625
DamageCon5.png,DAMAGE - RUST,0.017703821882605553,580.865478515625,0.0,652.2261352539062,606.0
DamageCon5.png,DAMAGE - DEFRAME,0.016289284452795982,212.79151916503906,0.0,690.239013671875,606.0
DamageCon5.png,DAMAGE - RUST,0.015818092972040176,831.5721435546875,325.1462707519531,886.00244140625,418.44586181640625
DamageCon5.png,DAMAGE - RUST,0.013591639697551727,909.9842529296875,347.95855712890625,1077.271484375,495.3356628417969
DamageCon5.png,DAMAGE - RUST,0.013463860377669334,585.1900634765625,148.00216674804688,663.76611328125,576.0790405273438
DamageCon5.png,DAMAGE - DEFRAME,0.013039150275290012,543.3812255859375,0.0,874.92822265625,593.5842895507812
DamageCon5.png,DAMAGE - RUST,0.0129554383456707,825.058837890625,334.4654846191406,885.556640625,439.5094909667969
DamageCon5.png,DAMAGE - RUST,0.01294657588005066,696.618896484375,130.30577087402344,765.5795288085938,511.88592529296875
DamageCon5.png,DAMAGE - RUST,0.012683005072176456,396.2220764160156,279.3109436035156,614.8397827148438,404.97125244140625
DamageCon5.png,DAMAGE - DEFRAME,0.012573719955980778,773.00634765625,330.5403747558594,1082.0,592.18505859375
DamageCon5.png,DAMAGE - DEFRAME,0.0122477225959301,754.7697143554688,107.75159454345703,868.5613403320312,240.15908813476562
DamageCon5.png,DAMAGE - RUST,0.01214735396206379,830.9304809570312,182.36749267578125,910.0867309570312,431.06854248046875
DamageCon5.png,DAMAGE - RUST,0.011720173992216587,919.9284057617188,365.713623046875,986.7898559570312,423.3786926269531
DamageCon5.png,DAMAGE - RUST,0.011696779169142246,690.44580078125,215.25729370117188,757.6724853515625,379.8419189453125
DamageCon5.png,DAMAGE - DEFRAME,0.011638784781098366,661.817138671875,13.451117515563965,1060.4984130859375,564.7117919921875
DamageCon5.png,DAMAGE - DEFRAME,0.011559467762708664,797.0787353515625,305.7193908691406,1068.9456787109375,555.9364013671875
DamageCon5.png,DAMAGE - RUST,0.011519740335643291,906.0142211914062,358.7431945800781,1007.6126708984375,474.4049072265625
DamageCon5.png,DAMAGE - RUST,0.011298631317913532,634.0368041992188,76.92777252197266,773.2824096679688,543.1444091796875
DamageCon5.png,DAMAGE - RUST,0.011185163632035255,420.3886413574219,301.05682373046875,596.0518188476562,387.25372314453125
DamageCon5.png,DAMAGE - DEFRAME,0.011003442108631134,387.7292175292969,19.85308074951172,656.85498046875,582.4622192382812
DamageCon5.png,DAMAGE - RUST,0.010921405628323555,594.9295043945312,200.32171630859375,671.6060180664062,504.0501708984375
DamageCon5.png,DAMAGE - RUST,0.010917269624769688,83.68853759765625,344.0537414550781,149.65670776367188,405.32763671875
DamageCon5.png,DAMAGE - DEFRAME,0.010899798944592476,826.871826171875,140.51519775390625,879.1751098632812,307.23291015625
DamageCon5.png,DAMAGE - RUST,0.010827836580574512,82.84175109863281,321.9910583496094,159.6430206298828,405.4129333496094
DamageCon5.png,DAMAGE - RUST,0.010763948783278465,579.4181518554688,0.0,641.2249145507812,220.26478576660156
DamageCon5.png,DAMAGE - RUST,0.010648135095834732,587.9532470703125,391.1228942871094,632.6575927734375,574.0834350585938
DamageCon5.png,DAMAGE - DEFRAME,0.010623137466609478,799.327880859375,105.31690979003906,896.7061767578125,274.8283996582031
DamageCon5.png,DAMAGE - DEFRAME,0.010285092517733574,717.6472778320312,90.85014343261719,827.4083251953125,224.90977478027344
DamageCon5.png,DAMAGE - RUST,0.010257103480398655,808.8533935546875,128.31756591796875,913.913818359375,482.0067138671875
DamageCon5.png,DAMAGE - RUST,0.009993335232138634,700.4439086914062,220.56289672851562,759.2219848632812,423.2234191894531
DamageCon5.png,DAMAGE - RUST,0.009790516458451748,479.3775634765625,314.16168212890625,581.236572265625,371.8578796386719
DamageCon5.png,DENT,0.009677278809249401,722.215576171875,141.8300323486328,758.3704833984375,200.85203552246094
DamageCon5.png,DAMAGE - RUST,0.009524752385914326,541.7344360351562,6.61860466003418,668.9443359375,458.21612548828125
DamageCon5.png,DAMAGE - RUST,0.00941111333668232,394.048583984375,416.58282470703125,531.9474487304688,581.2506713867188
DamageCon5.png,DAMAGE - RUST,0.00933170598000288,727.7366333007812,417.450927734375,757.5134887695312,477.6522216796875
DamageCon5.png,DENT,0.00929975789040327,726.6383056640625,135.32862854003906,764.3215942382812,199.81031799316406
DamageCon5.png,DAMAGE - RUST,0.00920381024479866,701.2838745117188,297.927734375,754.880859375,385.98602294921875
DamageCon5.png,DAMAGE - RUST,0.009187085554003716,608.3491821289062,93.55313873291016,763.2987060546875,485.8507385253906
DamageCon5.png,DAMAGE - RUST,0.009094993583858013,714.0689697265625,277.68255615234375,758.456298828125,377.52239990234375
DamageCon5.png,DAMAGE - RUST,0.008962816558778286,605.5191650390625,108.22171783447266,709.9075927734375,529.8759765625
DamageCon5.png,DAMAGE - DEFRAME,0.008940189145505428,756.9563598632812,46.64237594604492,1080.7205810546875,572.4157104492188
DamageCon5.png,DAMAGE - RUST,0.008912764489650726,593.5313110351562,101.14970397949219,675.0309448242188,545.3328247070312
DamageCon5.png,DAMAGE - RUST,0.008843985386192799,803.4338989257812,282.0784606933594,905.5258178710938,456.0876159667969
DamageCon5.png,DAMAGE - RUST,0.008677937090396881,63.29233932495117,329.2664489746094,178.43350219726562,420.7039794921875
DamageCon5.png,DAMAGE - RUST,0.008649132214486599,720.1953735351562,268.89300537109375,762.5619506835938,500.7852783203125
DamageCon5.png,DAMAGE - RUST,0.008520345203578472,85.88834381103516,306.5500183105469,179.70477294921875,402.52972412109375
DamageCon5.png,DAMAGE - RUST,0.008383088745176792,70.85924530029297,276.511962890625,152.86427307128906,411.5277099609375
DamageCon5.png,DAMAGE - RUST,0.008376222103834152,789.9713745117188,349.23870849609375,857.4962158203125,450.4018249511719
DamageCon5.png,DAMAGE - RUST,0.008322268724441528,574.1398315429688,1.6386699676513672,663.7971801757812,275.66632080078125
DamageCon5.png,DAMAGE - RUST,0.008289371617138386,592.5949096679688,133.05726623535156,705.759033203125,458.1015625
DamageCon5.png,DAMAGE - DEFRAME,0.008027342148125172,759.4260864257812,91.36193084716797,887.7427978515625,207.02427673339844
DamageCon5.png,DAMAGE - DEFRAME,0.007883092388510704,797.3247680664062,142.29527282714844,1031.3333740234375,530.8717651367188
DamageCon5.png,DAMAGE - DEFRAME,0.007835481315851212,701.778076171875,48.27708053588867,806.054443359375,233.4161834716797
DamageCon5.png,DAMAGE - RUST,0.007670322898775339,641.50537109375,112.59382629394531,747.55224609375,486.8208312988281
DamageCon5.png,DAMAGE - RUST,0.007504250388592482,833.7613525390625,203.76101684570312,868.0724487304688,342.7282409667969
DamageCon5.png,DAMAGE - DEFRAME,0.0073888227343559265,593.336181640625,0.0,1080.6279296875,606.0
DamageCon5.png,DAMAGE - RUST,0.0071899304166436195,843.9491577148438,338.9670104980469,907.1395874023438,405.0559997558594
DamageCon5.png,DAMAGE - RUST,0.007179648149758577,600.6791381835938,321.2762756347656,652.0167846679688,546.9190673828125
DamageCon5.png,DAMAGE - RUST,0.00712503120303154,455.2657775878906,292.9159851074219,592.6096801757812,406.4836120605469
DamageCon5.png,DAMAGE - DEFRAME,0.007021393161267042,782.2210083007812,184.99903869628906,955.4675903320312,514.9618530273438
DamageCon5.png,DAMAGE - DEFRAME,0.007014146074652672,721.3438720703125,107.2645492553711,786.1043701171875,200.46778869628906
DamageCon5.png,DAMAGE - RUST,0.007010926026850939,614.6553955078125,270.975341796875,692.987548828125,373.2720947265625
DamageCon5.png,DAMAGE - RUST,0.006915738340467215,876.202880859375,346.79376220703125,1032.310791015625,481.9772033691406
DamageCon5.png,DAMAGE - RUST,0.006853095255792141,836.3934326171875,297.1963195800781,911.124267578125,407.91851806640625
DamageCon5.png,DAMAGE - RUST,0.006819164380431175,698.5717163085938,294.7225036621094,765.15966796875,504.6386413574219
DamageCon5.png,DAMAGE - RUST,0.006660467945039272,359.1184387207031,47.85715103149414,421.4516906738281,351.9814147949219
DamageCon5.png,DAMAGE - DEFRAME,0.006585951428860426,261.5663146972656,61.82173156738281,435.36883544921875,572.4887084960938
DamageCon5.png,DAMAGE - RUST,0.0065085324458777905,568.4605712890625,1.990797519683838,639.1727294921875,308.8377380371094
DamageCon5.png,DAMAGE - RUST,0.0064667207188904285,708.2129516601562,115.68622589111328,758.5447387695312,380.78997802734375
DamageCon5.png,DAMAGE - DEFRAME,0.006441574543714523,805.2808837890625,106.11833953857422,931.1746215820312,341.8082275390625
DamageCon5.png,DAMAGE - RUST,0.006294917315244675,650.7488403320312,36.41416549682617,762.671630859375,470.18939208984375
DamageCon5.png,DAMAGE - RUST,0.006275564897805452,50.05497360229492,127.99246978759766,98.57202911376953,407.6538391113281
DamageCon5.png,DAMAGE - RUST,0.006273489445447922,805.5555419921875,396.76922607421875,880.6571044921875,481.2030944824219
DamageCon5.png,DAMAGE - RUST,0.006160230375826359,103.22877502441406,240.8326873779297,188.785400390625,400.3027648925781
DamageCon5.png,DAMAGE - DEFRAME,0.0061020576395094395,638.5187377929688,25.238697052001953,786.8799438476562,247.62176513671875
DamageCon5.png,DAMAGE - DEFRAME,0.006050598807632923,457.2010498046875,1.4321917295455933,745.5189819335938,500.0132141113281
DamageCon5.png,DAMAGE - RUST,0.006026705726981163,782.6161499023438,369.8633728027344,876.1688842773438,482.17022705078125
DamageCon5.png,DAMAGE - RUST,0.005990969017148018,691.76708984375,413.1253662109375,756.0833129882812,497.2875061035156
DamageCon5.png,DAMAGE - RUST,0.005862186197191477,226.77230834960938,89.43827819824219,293.9700622558594,309.3729248046875
DamageCon5.png,DAMAGE - RUST,0.005797038320451975,657.2057495117188,306.6221008300781,716.6407470703125,431.599609375
DamageCon5.png,DAMAGE - RUST,0.005766170099377632,816.1468505859375,144.74134826660156,892.347412109375,457.2509460449219
DamageCon5.png,DAMAGE - RUST,0.0057507725432515144,719.9229736328125,307.3608703613281,757.2438354492188,410.2741394042969
DamageCon5.png,DAMAGE - DEFRAME,0.005726058967411518,494.8127136230469,0.0,1002.9743041992188,606.0
DamageCon5.png,DAMAGE - RUST,0.005644006188958883,67.76055908203125,351.22161865234375,142.71897888183594,416.19952392578125
DamageCon5.png,DAMAGE - RUST,0.005594512447714806,888.4683227539062,356.379638671875,987.0516357421875,432.8374938964844
DamageCon5.png,DAMAGE - DEFRAME,0.005480402614921331,651.808349609375,63.373565673828125,895.1394653320312,547.6491088867188
DamageCon5.png,DAMAGE - RUST,0.005433345213532448,798.0562133789062,337.4334716796875,865.2236328125,435.1349792480469
DamageCon5.png,DAMAGE - RUST,0.005427478346973658,836.3684692382812,331.9268798828125,915.6045532226562,430.8662414550781
DamageCon5.png,DAMAGE - DEFRAME,0.005420559085905552,580.2862548828125,22.535388946533203,806.9678955078125,579.5887451171875
DamageCon5.png,DAMAGE - RUST,0.005392978433519602,29.349533081054688,320.02667236328125,179.6895751953125,458.63922119140625
DamageCon5.png,DAMAGE - RUST,0.005368250422179699,449.4007873535156,262.07550048828125,605.5623779296875,444.06890869140625
DamageCon5.png,DAMAGE - RUST,0.005251963622868061,913.225341796875,351.56768798828125,989.9723510742188,420.6702880859375
DamageCon5.png,DAMAGE - RUST,0.00518162501975894,453.25311279296875,208.65277099609375,590.6743774414062,400.0687255859375
DamageCon5.png,DAMAGE - RUST,0.005130763165652752,802.3911743164062,350.42706298828125,883.451416015625,457.6431579589844
DamageCon5.png,DAMAGE - RUST,0.005092135164886713,682.850341796875,421.27740478515625,745.4699096679688,511.8064270019531
DamageCon5.png,DAMAGE - DEFRAME,0.005089966114610434,543.7061767578125,0.0,863.6627197265625,184.84490966796875
DamageCon5.png,DAMAGE - RUST,0.005087810568511486,640.1485595703125,208.440185546875,745.49462890625,357.2915954589844
DamageCon5.png,DAMAGE - RUST,0.0050767264328897,2.65315842628479,430.24444580078125,288.79010009765625,606.0
DamageCon5.png,DAMAGE - DEFRAME,0.004989295266568661,362.4677734375,17.283245086669922,616.6961059570312,457.4920959472656
DamageCon5.png,DAMAGE - RUST,0.004989034496247768,714.1925659179688,395.31585693359375,765.0459594726562,503.796630859375
DamageCon5.png,DAMAGE - RUST,0.004888731054961681,379.86798095703125,437.786376953125,524.0904541015625,597.427001953125
DamageCon5.png,DAMAGE - RUST,0.00487844692543149,596.1671752929688,407.0738220214844,651.7677001953125,571.0809326171875
DamageCon5.png,DAMAGE - RUST,0.0048775020986795425,584.185546875,37.843624114990234,713.1152954101562,490.68780517578125
DamageCon5.png,DAMAGE - DEFRAME,0.004871740471571684,612.5173950195312,0.0,1064.673828125,217.58816528320312
DamageCon5.png,DAMAGE - RUST,0.004862089175730944,616.9644775390625,242.17041015625,694.2381591796875,346.48626708984375
DamageCon5.png,DAMAGE - RUST,0.00483791995793581,54.200618743896484,193.30419921875,152.3528594970703,410.4869689941406
DamageCon5.png,DAMAGE - RUST,0.004837400745600462,848.2378540039062,333.2286071777344,1070.0838623046875,531.146484375
DamageCon5.png,DAMAGE - RUST,0.004831037018448114,55.57667541503906,133.06004333496094,128.25302124023438,412.8179626464844
DamageCon5.png,DAMAGE - RUST,0.0047048768028616905,372.9934997558594,1.3255473375320435,604.288330078125,606.0
DamageCon5.png,DAMAGE - RUST,0.004639872349798679,530.8642578125,0.0,657.6884155273438,599.495849609375
DamageCon5.png,DAMAGE - RUST,0.004627059679478407,853.918212890625,337.89007568359375,925.6046752929688,408.4804992675781
DamageCon5.png,DAMAGE - RUST,0.004532188642770052,718.8206176757812,313.0523681640625,754.962890625,377.6887512207031
DamageCon5.png,DAMAGE - DEFRAME,0.0045136092230677605,788.0468139648438,140.8628387451172,862.6341552734375,255.8079376220703
DamageCon5.png,DAMAGE - RUST,0.004502696916460991,374.0645751953125,224.01466369628906,629.48828125,528.0648193359375
DamageCon5.png,DAMAGE - RUST,0.0044775186106562614,789.3353881835938,370.2288513183594,822.9815673828125,448.82763671875
DamageCon5.png,DAMAGE - RUST,0.004457008093595505,529.6942138671875,174.9297332763672,673.8713989257812,600.2730102539062
DamageCon5.png,DAMAGE - RUST,0.004418930038809776,624.5406494140625,195.8032684326172,747.975830078125,398.0809631347656
DamageCon5.png,DAMAGE - RUST,0.0043901787139475346,613.501708984375,285.3227844238281,696.4758911132812,481.231689453125
DamageCon5.png,DAMAGE - RUST,0.004375305958092213,668.0302124023438,379.618408203125,721.254150390625,474.8108825683594
DamageCon5.png,DAMAGE - RUST,0.004361224826425314,824.2911987304688,178.29261779785156,894.788818359375,403.8655700683594
DamageCon5.png,DAMAGE - RUST,0.004329988732933998,559.821533203125,269.0111389160156,632.776611328125,568.7918701171875
DamageCon5.png,DAMAGE - RUST,0.004325533751398325,365.2065734863281,32.39201736450195,422.46673583984375,512.9120483398438
DamageCon5.png,DAMAGE - RUST,0.00430581858381629,348.2779235839844,29.683345794677734,480.23809814453125,584.587646484375
DamageCon5.png,DAMAGE - RUST,0.004270109347999096,550.0299072265625,185.86752319335938,626.7872314453125,292.8193054199219
DamageCon5.png,DAMAGE - RUST,0.004267800599336624,782.6571044921875,374.5941467285156,835.35302734375,475.7242431640625
DamageCon5.png,DAMAGE - DEFRAME,0.0042206235229969025,724.7784423828125,119.36548614501953,815.978515625,214.27244567871094
DamageCon5.png,DAMAGE - RUST,0.004192406311631203,602.2859497070312,424.1875305175781,649.234130859375,550.1180419921875
DamageCon5.png,DAMAGE - DEFRAME,0.004160566255450249,768.4755859375,369.2401123046875,871.2825927734375,506.4972229003906
DamageCon5.png,DAMAGE - RUST,0.004119746387004852,674.1151733398438,411.7814025878906,720.335693359375,497.0311584472656
DamageCon5.png,DAMAGE - RUST,0.0040916334837675095,31.060028076171875,307.0520324707031,223.09593200683594,475.9406433105469
DamageCon5.png,DAMAGE - RUST,0.004083989188075066,65.6342544555664,146.28260803222656,116.68108367919922,350.6966857910156
DamageCon5.png,DAMAGE - RUST,0.004078461788594723,832.6288452148438,325.8847351074219,988.6331787109375,449.0543518066406
DamageCon5.png,DAMAGE - RUST,0.004074808210134506,564.708984375,388.873779296875,623.7858276367188,584.330810546875
DamageCon5.png,DAMAGE - RUST,0.004048469476401806,565.9119262695312,420.640869140625,616.5272827148438,561.0135498046875
DamageCon5.png,DAMAGE - DEFRAME,0.004030297044664621,384.32464599609375,0.983635425567627,728.3483276367188,423.5646057128906
DamageCon5.png,DAMAGE - DEFRAME,0.003998528700321913,821.2919921875,115.73433685302734,990.1820068359375,307.1744384765625
DamageCon5.png,DAMAGE - DEFRAME,0.003948522266000509,677.0707397460938,22.3708553314209,981.462158203125,224.2511749267578
DamageCon5.png,DAMAGE - RUST,0.003925112541764975,770.8909912109375,319.8296203613281,1019.02978515625,553.6939086914062
DamageCon5.png,DAMAGE - RUST,0.003920338582247496,890.6983642578125,324.7797546386719,1081.911376953125,518.9210205078125
DamageCon5.png,DAMAGE - RUST,0.003920229151844978,455.49102783203125,169.48611450195312,569.0425415039062,380.15911865234375
DamageCon5.png,DENT,0.003912453539669514,788.91162109375,388.7110900878906,821.7411499023438,452.34014892578125
DamageCon5.png,DAMAGE - RUST,0.0038840780034661293,862.4701538085938,310.4704284667969,1081.19970703125,579.5107421875
DamageCon5.png,DAMAGE - RUST,0.0038585769943892956,573.6043090820312,1.4005969762802124,671.398681640625,199.88433837890625
DamageCon5.png,DAMAGE - RUST,0.0038550887256860733,845.4580688476562,312.7734680175781,926.1957397460938,402.7909851074219
DamageCon5.png,DAMAGE - DEFRAME,0.0038418923504650593,583.1517944335938,0.0,731.20263671875,144.2257080078125
DamageCon5.png,DAMAGE - RUST,0.003813280025497079,781.7258911132812,286.30859375,987.9692993164062,479.0322570800781
DamageCon5.png,DAMAGE - DEFRAME,0.0038126823492348194,370.62091064453125,32.49866485595703,593.3853149414062,573.0789794921875
DamageCon5.png,DAMAGE - RUST,0.0038115147035568953,366.6992492675781,145.3606719970703,419.6611328125,398.7107849121094
DamageCon5.png,DAMAGE - DEFRAME,0.003763854503631592,222.44642639160156,40.20008087158203,357.5561218261719,431.7431945800781
DamageCon5.png,DAMAGE - RUST,0.003748904448002577,70.08256530761719,224.28831481933594,182.29083251953125,406.5226135253906
DamageCon5.png,DAMAGE - DEFRAME,0.0037008249200880527,719.7400512695312,114.6519775390625,772.715087890625,209.0676727294922
DamageCon5.png,DAMAGE - RUST,0.0036666598170995712,4.110992431640625,329.5849304199219,262.9427795410156,603.3846435546875
DamageCon5.png,DAMAGE - RUST,0.003634009277448058,825.40576171875,362.9638977050781,1035.1683349609375,576.7139282226562
DamageCon5.png,DAMAGE - RUST,0.0036079923156648874,338.76470947265625,54.27732467651367,399.9661560058594,329.6626281738281
DamageCon5.png,DAMAGE - RUST,0.0036033408250659704,813.60986328125,353.6929016113281,1082.0,599.4436645507812
DamageCon5.png,DAMAGE - RUST,0.0035847825929522514,61.77277374267578,147.31649780273438,203.35507202148438,409.2499694824219
DamageCon5.png,DAMAGE - RUST,0.003576476825401187,473.8841247558594,296.54522705078125,594.7839965820312,383.760009765625
DamageCon5.png,DAMAGE - DEFRAME,0.0035540389362722635,778.27783203125,376.3869934082031,889.4937744140625,521.411865234375
DamageCon5.png,DAMAGE - RUST,0.0035337277222424746,779.09130859375,272.842041015625,1063.4534912109375,510.4492492675781
DamageCon5.png,DAMAGE - RUST,0.003509941976517439,836.3629150390625,209.69139099121094,867.2752075195312,275.0761413574219
DamageCon5.png,DAMAGE - RUST,0.003507634624838829,855.1575927734375,340.30194091796875,988.4767456054688,426.73736572265625
DamageCon5.png,DAMAGE - RUST,0.0034776455722749233,484.38427734375,432.8050537109375,552.02587890625,532.0023193359375
DamageCon5.png,DAMAGE - RUST,0.003475127974525094,424.63177490234375,312.820556640625,523.064208984375,373.20025634765625
DamageCon5.png,DAMAGE - RUST,0.00344709656201303,452.8728942871094,62.23298263549805,623.3336791992188,476.794921875
DamageCon5.png,DAMAGE - RUST,0.0034400373697280884,503.99713134765625,317.33258056640625,582.1798706054688,370.8673400878906
DamageCon5.png,DAMAGE - RUST,0.0033907867036759853,676.2003173828125,428.0265197753906,720.2197265625,516.0179443359375
DamageCon5.png,DAMAGE - RUST,0.003381632035598159,296.82720947265625,473.6750183105469,383.34698486328125,582.1823120117188
DamageCon5.png,DAMAGE - DEFRAME,0.0033696680329740047,599.207275390625,19.191158294677734,716.7258911132812,222.66427612304688
DamageCon5.png,DAMAGE - RUST,0.003359410911798477,600.4033813476562,18.413793563842773,683.3849487304688,175.8634033203125
DamageCon5.png,DAMAGE - RUST,0.0033590246457606554,580.4623413085938,11.155916213989258,686.0952758789062,301.8993835449219
DamageCon5.png,DAMAGE - RUST,0.0033241906203329563,819.81689453125,191.7193145751953,871.8056640625,343.4295349121094
DamageCon5.png,DAMAGE - DEFRAME,0.0032953640911728144,790.1713256835938,92.77021026611328,938.7844848632812,194.79627990722656
DamageCon5.png,DAMAGE - RUST,0.003287848550826311,87.02555084228516,267.75103759765625,193.83602905273438,399.282958984375
DamageCon5.png,DAMAGE - RUST,0.003280440578237176,579.5341186523438,416.9792785644531,632.5198364257812,588.6257934570312
DamageCon5.png,DAMAGE - DEFRAME,0.003272918751463294,3.7605156898498535,163.18663024902344,204.64602661132812,416.37530517578125
DamageCon5.png,DAMAGE - DEFRAME,0.003250947454944253,340.2442932128906,34.44906234741211,497.08587646484375,571.5416870117188
DamageCon5.png,DAMAGE - RUST,0.0032324492931365967,297.0762939453125,441.06842041015625,383.7630310058594,552.0502319335938
DamageCon5.png,DAMAGE - RUST,0.0032214110251516104,417.65606689453125,422.6239318847656,557.7799072265625,564.1729125976562
DamageCon5.png,DENT,0.003207847708836198,369.76715087890625,227.59532165527344,601.347900390625,545.7540283203125
DamageCon5.png,DAMAGE - RUST,0.003186629619449377,123.5960464477539,241.4756317138672,191.2475128173828,380.59844970703125
DamageCon5.png,DAMAGE - DEFRAME,0.0031622040551155806,759.1092529296875,95.386474609375,963.4857788085938,514.3236083984375
DamageCon5.png,DAMAGE - RUST,0.003137997817248106,548.16064453125,74.63038635253906,644.8289184570312,476.883056640625
DamageCon5.png,DAMAGE - RUST,0.003089204430580139,491.5154724121094,212.67234802246094,564.1204833984375,304.19140625
DamageCon5.png,DAMAGE - RUST,0.003040953306481242,214.902587890625,86.02323913574219,271.5326843261719,334.787841796875
DamageCon5.png,DAMAGE - RUST,0.0030401148833334446,363.2675476074219,54.38827896118164,417.0351257324219,284.7718811035156
DamageCon5.png,DAMAGE - RUST,0.0030331439338624477,723.4239501953125,128.41542053222656,778.9517211914062,198.32150268554688
DamageCon5.png,DAMAGE - RUST,0.0029361716005951166,439.2136535644531,4.474831581115723,576.8314208984375,362.5655822753906
DamageCon5.png,DAMAGE - DEFRAME,0.0029264672193676233,845.6743774414062,147.96604919433594,941.0189208984375,311.1282958984375
DamageCon5.png,DAMAGE - DEFRAME,0.002907875459641218,237.38720703125,48.395172119140625,377.55780029296875,557.1546020507812
DamageCon5.png,DAMAGE - RUST,0.002906979527324438,382.1120300292969,353.67987060546875,588.8364868164062,573.6206665039062
DamageCon5.png,DAMAGE - DEFRAME,0.0029063853435218334,759.7535400390625,91.01126861572266,1049.5445556640625,289.389404296875
DamageCon5.png,DAMAGE - RUST,0.0028953708242625,713.0540771484375,119.52906036376953,758.9564819335938,244.07249450683594
DamageCon5.png,DAMAGE - RUST,0.0028852263931185007,23.80480194091797,336.4494323730469,155.6153564453125,450.2383728027344
DamageCon5.png,DAMAGE - RUST,0.002864585956558585,475.23040771484375,387.4168701171875,586.3925170898438,492.3512878417969
DamageCon5.png,DAMAGE - RUST,0.002842644928023219,514.1805419921875,212.1083221435547,598.5408325195312,306.255859375
DamageCon5.png,DAMAGE - DEFRAME,0.00283917598426342,683.310302734375,71.09085845947266,852.0669555664062,551.8008422851562
DamageCon5.png,DAMAGE - RUST,0.0028330793138593435,468.66796875,254.13063049316406,625.8876342773438,466.10650634765625
DamageCon5.png,DAMAGE - RUST,0.002829782199114561,294.3336486816406,464.06591796875,414.2938537597656,593.3170166015625
DamageCon5.png,DAMAGE - RUST,0.002823946997523308,824.674560546875,165.78134155273438,941.1588745117188,428.4771423339844
DamageCon5.png,DAMAGE - RUST,0.002766124904155731,59.36601257324219,336.8887023925781,213.65138244628906,426.45013427734375
DamageCon5.png,DAMAGE - RUST,0.002753311535343528,485.3834533691406,25.72471046447754,634.1297607421875,416.25128173828125
DamageCon5.png,DAMAGE - RUST,0.002747488673776388,424.35821533203125,295.1231384277344,531.1943969726562,371.08447265625
DamageCon5.png,DAMAGE - RUST,0.0027311379089951515,541.7026977539062,250.986083984375,648.7354125976562,447.0864562988281
DamageCon5.png,DAMAGE - RUST,0.002729284344241023,235.59725952148438,99.92804718017578,304.1259765625,242.17410278320312
DamageCon5.png,DAMAGE - RUST,0.0027089754585176706,477.2387390136719,116.7656478881836,580.8058471679688,298.8854064941406
DamageCon5.png,DAMAGE - RUST,0.0027036641258746386,465.409423828125,55.7066535949707,549.4325561523438,326.6537780761719
DamageCon5.png,DAMAGE - RUST,0.0026978717651218176,771.322021484375,399.6146240234375,1082.0,606.0
DamageCon5.png,DAMAGE - DEFRAME,0.0026784802321344614,828.7765502929688,167.5735626220703,895.8486938476562,293.8879089355469
DamageCon5.png,DAMAGE - RUST,0.002668961649760604,475.5465087890625,413.07427978515625,570.7882080078125,526.1275024414062
DamageCon5.png,DAMAGE - RUST,0.0026517310179769993,335.2430419921875,41.70242691040039,420.6493225097656,450.25347900390625
DamageCon5.png,DAMAGE - RUST,0.0026426203548908234,224.65170288085938,434.9404602050781,424.1839904785156,592.6507568359375
DamageCon5.png,DAMAGE - DEFRAME,0.0026323599740862846,890.2651977539062,152.1551055908203,1062.001953125,380.22479248046875
DamageCon5.png,DAMAGE - RUST,0.002629934810101986,492.478759765625,306.8495178222656,591.7984619140625,403.1544494628906
DamageCon5.png,DAMAGE - RUST,0.002586645307019353,83.14752960205078,327.0387878417969,197.41441345214844,401.2273864746094
DamageCon5.png,DAMAGE - DEFRAME,0.0025352390948683023,89.48853302001953,67.27459716796875,266.4764709472656,411.3445739746094
DamageCon5.png,DAMAGE - DEFRAME,0.0025243640411645174,206.82313537597656,45.04658126831055,308.8955993652344,412.1077880859375
DamageCon5.png,DAMAGE - RUST,0.002512883162125945,67.90760040283203,147.81573486328125,115.38448333740234,241.29481506347656
DamageCon5.png,DAMAGE - RUST,0.0025086707901209593,592.753662109375,7.061601638793945,687.1343383789062,140.50196838378906
DamageCon5.png,DAMAGE - DEFRAME,0.0025007734075188637,888.0323486328125,141.02040100097656,1034.191162109375,326.45654296875
DamageCon5.png,DAMAGE - RUST,0.002495948923751712,51.64815902709961,321.79376220703125,137.47454833984375,413.4322509765625
DamageCon5.png,DAMAGE - RUST,0.0024936231784522533,231.58053588867188,359.0875244140625,426.9325866699219,591.537353515625
DamageCon5.png,DAMAGE - RUST,0.0024888738989830017,543.3915405273438,293.9700927734375,621.21875,390.74176025390625
DamageCon5.png,DAMAGE - RUST,0.002485426375642419,471.4109802246094,115.01285552978516,532.2313842773438,279.8258361816406
DamageCon5.png,DAMAGE - RUST,0.002482047537341714,771.5775146484375,350.44390869140625,1026.3624267578125,605.292236328125
DamageCon5.png,DAMAGE - RUST,0.0024750330485403538,463.890869140625,59.517269134521484,604.2939453125,363.3487548828125
DamageCon5.png,DAMAGE - RUST,0.0024409356992691755,367.63616943359375,80.12686920166016,419.2279357910156,331.4736633300781
DamageCon5.png,DAMAGE - DEFRAME,0.0024401138070970774,74.46775817871094,174.2166748046875,236.5087432861328,416.9291687011719
DamageCon5.png,DAMAGE - DEFRAME,0.0024251979775726795,864.0833740234375,186.52310180664062,929.1703491210938,330.3713073730469
DamageCon5.png,DAMAGE - RUST,0.0024223087821155787,348.7794189453125,61.4726448059082,398.2394714355469,271.4646301269531
DamageCon5.png,DENT,0.002418722026050091,711.1992797851562,129.01414489746094,762.0714111328125,201.4198760986328
DamageCon5.png,DAMAGE - RUST,0.0024180433247238398,707.5016479492188,100.67232513427734,849.5938110351562,526.6810302734375
DamageCon5.png,DAMAGE - RUST,0.0024048415943980217,235.72299194335938,119.28120422363281,305.8221130371094,290.9290771484375
DamageCon5.png,DAMAGE - RUST,0.0023945041466504335,577.958984375,20.47607421875,693.9616088867188,398.1991271972656
DamageCon5.png,DAMAGE - RUST,0.002371551003307104,784.982421875,324.7482604980469,834.233642578125,457.7395324707031
DamageCon5.png,DENT,0.002371323062106967,722.2205810546875,141.3470916748047,779.1499633789062,203.82766723632812
DamageCon5.png,DAMAGE - RUST,0.0023171687498688698,386.1062316894531,119.56610870361328,449.5280456542969,490.0733642578125
DamageCon5.png,DAMAGE - RUST,0.002275700680911541,723.461181640625,392.2431945800781,789.6083984375,485.5713806152344
DamageCon5.png,DAMAGE - RUST,0.0022341329604387283,676.5298461914062,403.8929748535156,754.4956665039062,528.4650268554688
DamageCon5.png,DAMAGE - RUST,0.002209931844845414,565.87158203125,0.0,630.9180297851562,149.5270233154297
DamageCon5.png,DAMAGE - RUST,0.0022012032568454742,898.9202880859375,335.0384521484375,1057.3758544921875,481.46148681640625
DamageCon5.png,DAMAGE - RUST,0.0021921726875007153,29.396251678466797,108.82743072509766,197.57469177246094,414.3018493652344
DamageCon5.png,DAMAGE - RUST,0.002186647616326809,521.81494140625,198.69558715820312,597.8095092773438,274.0790100097656
DamageCon5.png,DAMAGE - RUST,0.0021852871868759394,467.9861145019531,163.07762145996094,535.8187255859375,315.73602294921875
DamageCon5.png,DAMAGE - DEFRAME,0.0021794100757688284,354.06134033203125,198.81884765625,596.93603515625,582.6541137695312
DamageCon5.png,DAMAGE - DEFRAME,0.002175096655264497,246.59091186523438,206.11549377441406,467.8396301269531,587.1751708984375
DamageCon5.png,DAMAGE - RUST,0.002165885642170906,833.1941528320312,182.9596405029297,874.3703002929688,286.0492248535156
DamageCon5.png,DAMAGE - RUST,0.0021609272807836533,53.24231719970703,137.7036895751953,149.42742919921875,375.87841796875
DamageCon5.png,DAMAGE - RUST,0.0021592858247458935,289.5234069824219,424.2789611816406,551.31201171875,600.898193359375
DamageCon5.png,DAMAGE - RUST,0.0021549740340560675,404.13519287109375,0.0,558.62744140625,285.508056640625
DamageCon5.png,DAMAGE - DEFRAME,0.002149872714653611,786.8583984375,107.78414154052734,1008.62451171875,463.0003967285156
DamageCon5.png,DAMAGE - RUST,0.0021252543665468693,625.9642333984375,387.7639465332031,691.9982299804688,508.39288330078125
DamageCon5.png,DAMAGE - RUST,0.002111205132678151,409.3498229980469,290.69287109375,492.8923034667969,381.4766540527344
DamageCon5.png,DAMAGE - RUST,0.002107035368680954,669.8460083007812,58.85905838012695,746.5297241210938,417.9739074707031
DamageCon5.png,DENT,0.002087479690089822,391.9444274902344,382.4507141113281,517.7283935546875,569.6100463867188
DamageCon5.png,DAMAGE - RUST,0.0020768020767718554,220.87704467773438,81.83033752441406,310.31646728515625,296.5059814453125
DamageCon5.png,DAMAGE - RUST,0.002075495896860957,365.05767822265625,51.48873519897461,414.2402648925781,154.68247985839844
DamageCon5.png,DAMAGE - RUST,0.002052852651104331,332.91119384765625,9.47746753692627,423.41796875,606.0
DamageCon5.png,DAMAGE - RUST,0.0020298922900110483,364.4590759277344,46.006263732910156,449.23895263671875,357.2149963378906
DamageCon5.png,DAMAGE - RUST,0.0020082758273929358,708.952880859375,358.4830322265625,883.2743530273438,515.54296875
DamageCon5.png,DAMAGE - RUST,0.0019621422979980707,0.0,133.9739990234375,74.56377410888672,411.4455261230469
DamageCon5.png,DAMAGE - DEFRAME,0.0019556370098143816,838.9419555664062,217.73622131347656,1080.943115234375,565.9229125976562
DamageCon5.png,DENT,0.0019505406962707639,711.1350708007812,133.5390625,758.0300903320312,226.33352661132812
DamageCon5.png,DAMAGE - DEFRAME,0.001928734709508717,0.6396338939666748,165.24147033691406,79.88998413085938,418.0786437988281
DamageCon5.png,DAMAGE - DEFRAME,0.0019226291915401816,716.900390625,70.31607818603516,992.0543823242188,367.16693115234375
DamageCon5.png,DAMAGE - RUST,0.001916536595672369,217.02633666992188,97.4500961303711,262.162841796875,394.18017578125
DamageCon5.png,DAMAGE - RUST,0.0018998401938006282,293.0672607421875,391.2806701660156,388.82672119140625,526.1104736328125
DamageCon5.png,DAMAGE - RUST,0.0018986434442922473,211.92807006835938,74.96160888671875,286.6513366699219,350.4031066894531
DamageCon5.png,DAMAGE - RUST,0.0018643296789377928,721.4124755859375,307.30419921875,784.6173706054688,437.08892822265625
DamageCon5.png,DAMAGE - DEFRAME,0.0018627650570124388,247.97683715820312,37.058868408203125,461.2456970214844,445.1047058105469
DamageCon5.png,DAMAGE - RUST,0.0018475771648809314,332.52362060546875,138.48043823242188,396.4671936035156,287.0895690917969
DamageCon5.png,DAMAGE - RUST,0.0018427374307066202,262.3678894042969,475.37579345703125,433.53466796875,599.7435302734375
DamageCon5.png,DENT,0.001839391770772636,392.1148986816406,272.4459533691406,510.48638916015625,492.8482971191406
DamageCon5.png,DAMAGE - RUST,0.0018274810863658786,207.671875,482.7760925292969,423.90625,600.4555053710938
DamageCon5.png,DAMAGE - RUST,0.001793473376892507,246.7298583984375,228.1990203857422,303.38311767578125,292.86090087890625
DamageCon5.png,DAMAGE - RUST,0.0017884166445583105,332.4686279296875,199.2638397216797,397.3171081542969,300.38702392578125
DamageCon5.png,DAMAGE - RUST,0.0017828240524977446,387.8895263671875,121.56993103027344,439.7063903808594,409.472412109375
DamageCon5.png,DAMAGE - RUST,0.0017775369342416525,958.6514282226562,342.2643737792969,1081.819580078125,502.4494323730469
DamageCon5.png,DAMAGE - DEFRAME,0.0017669296357780695,345.016845703125,29.02655601501465,522.395751953125,461.70587158203125
DamageCon6.png,DENT,0.014988086186349392,237.2376708984375,18.250598907470703,547.6788330078125,190.5851287841797
DamageCon6.png,DENT,0.014829836785793304,16.09998321533203,196.91744995117188,130.17123413085938,251.15419006347656
DamageCon6.png,DENT,0.011524368077516556,243.61863708496094,39.0048942565918,468.14703369140625,208.8977813720703
DamageCon6.png,DENT,0.010507116094231606,58.488990783691406,190.73269653320312,132.0167694091797,249.42149353027344
DamageCon6.png,DENT,0.007822370156645775,256.3868408203125,12.577681541442871,480.0220031738281,177.892822265625
DamageCon6.png,DENT,0.006977126933634281,251.5889892578125,20.406644821166992,644.6240234375,216.30087280273438
DamageCon6.png,DENT,0.006549265701323748,236.81015014648438,43.78953552246094,565.28076171875,220.4019317626953
DamageCon6.png,DENT,0.006266412790864706,166.08154296875,2.672578811645508,617.68115234375,238.66876220703125
DamageCon6.png,DENT,0.00584214273840189,101.56120300292969,3.20732045173645,792.9869384765625,271.18609619140625
DamageCon6.png,DENT,0.005652568303048611,279.4687805175781,25.0406494140625,433.0368957519531,170.86817932128906
DamageCon6.png,DENT,0.004375622142106295,2.0833921432495117,187.96658325195312,141.74009704589844,271.7922058105469
DamageCon6.png,DENT,0.004250735975801945,247.3704071044922,72.45048522949219,423.2008361816406,236.51620483398438
DamageCon6.png,DENT,0.004076457116752863,241.92860412597656,51.07394790649414,498.54339599609375,255.8723907470703
DamageCon6.png,DENT,0.0038785215001553297,12.133919715881348,178.69297790527344,133.6795654296875,252.49794006347656
DamageCon6.png,DENT,0.0036047366447746754,124.11759185791016,0.0,518.7110595703125,250.36036682128906
DamageCon6.png,DENT,0.0034438823349773884,243.07821655273438,14.26700210571289,783.4131469726562,229.0038604736328
DamageCon6.png,DENT,0.002700193552300334,313.85968017578125,18.040922164916992,423.318359375,137.99403381347656
DamageCon6.png,DENT,0.002449412364512682,624.8322143554688,67.75281524658203,826.1890869140625,126.9814224243164
DamageCon6.png,DENT,0.0022933564614504576,615.600341796875,42.30064010620117,829.33642578125,154.9418182373047
DamageCon6.png,DENT,0.0021707541309297085,41.28078079223633,189.58103942871094,151.95823669433594,262.0010681152344
DamageCon6.png,DENT,0.0020104560535401106,254.75990295410156,85.37682342529297,426.5232849121094,172.32891845703125
DamageCon6.png,DENT,0.0018578697927296162,332.6400451660156,27.82404899597168,384.3832092285156,88.18869018554688
DamageCon6.png,DENT,0.0017510100733488798,324.119384765625,23.026599884033203,379.88751220703125,102.13228607177734
DamageCon6.png,DENT,0.0016432319534942508,320.81207275390625,29.40673828125,385.50714111328125,114.09873962402344
DamageCon6.png,DENT,0.0016015056753531098,82.79119873046875,0.0,418.6231994628906,246.86729431152344
DamageCon6.png,DENT,0.0015238479245454073,281.20269775390625,154.0229034423828,397.764404296875,238.28004455566406
DamageCon6.png,DENT,0.0014455759664997458,150.5121612548828,24.319496154785156,220.70465087890625,144.95677185058594
DamageCon6.png,DENT,0.0014190443325787783,289.5879211425781,15.725584030151367,403.7197570800781,128.5364990234375
DamageCon6.png,DENT,0.0014161720173433423,149.41644287109375,20.62489891052246,244.77622985839844,166.8742218017578
DamageCon6.png,DENT,0.0014093146892264485,41.245975494384766,176.7758331298828,136.00926208496094,257.34759521484375
DamageCon6.png,DENT,0.0013755923137068748,134.0150604248047,7.909460544586182,227.6657257080078,151.25999450683594
DamageCon6.png,DENT,0.0013062447542324662,324.9657897949219,15.097044944763184,410.8770751953125,120.71460723876953
DamageCon6.png,DENT,0.001240793033502996,29.42656135559082,13.238847732543945,598.8243408203125,272.0415954589844
DamageCon6.png,DENT,0.0011651802342385054,138.72804260253906,6.188143253326416,250.2921142578125,187.0574493408203
DamageCon6.png,DENT,0.0011526165762916207,235.53492736816406,72.56768798828125,590.9659423828125,196.4734649658203
DamageCon6.png,DENT,0.0011048438027501106,229.4202880859375,49.972389221191406,632.22216796875,185.02537536621094
DamageCon6.png,DENT,0.0010908013209700584,156.90826416015625,62.66991424560547,240.17247009277344,147.4149169921875
DamageCon6.png,DENT,0.0010800919262692332,266.1035461425781,135.0666961669922,415.7232360839844,249.60658264160156
DamageCon6.png,DENT,0.0009758031228557229,675.5967407226562,66.6554946899414,830.3412475585938,109.49812316894531
DamageCon6.png,DENT,0.000933360424824059,0.0,151.79458618164062,114.11683654785156,251.6679229736328
DamageCon6.png,DENT,0.0009330213069915771,154.47312927246094,54.15119934082031,221.20924377441406,142.46844482421875
DamageCon6.png,DAMAGE - DEFRAME,0.0008871119935065508,295.12744140625,64.57059478759766,595.0321044921875,187.38055419921875
DamageCon6.png,DENT,0.000810188939794898,698.4588012695312,37.00522994995117,830.6031494140625,124.99061584472656
DamageCon6.png,DENT,0.0008060678374022245,281.2429504394531,164.4658966064453,373.8190002441406,230.0738067626953
DamageCon6.png,DAMAGE - RUST,0.0007568099536001682,258.6663818359375,105.50547790527344,383.7119445800781,154.48707580566406
DamageCon6.png,DENT,0.0007561513339169323,293.3288879394531,3.130779504776001,452.2547912597656,143.17234802246094
DamageCon6.png,DENT,0.0007504565874114633,593.84130859375,68.75729370117188,782.3518676757812,124.3130874633789
DamageCon6.png,DENT,0.0007419770117849112,262.5299377441406,0.0,595.920654296875,177.41075134277344
DamageCon6.png,DENT,0.0007392893312498927,239.89793395996094,29.3431453704834,425.65533447265625,179.89988708496094
DamageCon6.png,DENT,0.0007279737619683146,227.2017364501953,122.94855499267578,481.92230224609375,269.4559631347656
DamageCon6.png,DENT,0.000711209315340966,139.7692413330078,41.129119873046875,228.25584411621094,146.5279083251953
DamageCon6.png,DENT,0.0006792341009713709,224.1177215576172,0.0,831.0,196.13612365722656
DamageCon6.png,DENT,0.0006782612181268632,219.47434997558594,55.89738082885742,593.9234619140625,256.52105712890625
DamageCon6.png,DENT,0.0005139148561283946,236.6597442626953,116.26563262939453,433.0578918457031,242.09024047851562
DamageCon6.png,DENT,0.0005093487561680377,783.8916625976562,186.30178833007812,831.0,252.19871520996094
DamageCon6.png,DENT,0.0004974199109710753,273.0320739746094,166.33409118652344,346.9697570800781,231.9394989013672
DamageCon6.png,DENT,0.0004888765979558229,20.487558364868164,0.0,346.2644348144531,236.57945251464844
DamageCon6.png,DENT,0.0004735644324682653,249.72964477539062,91.8532943725586,545.1683349609375,236.82257080078125
DamageCon6.png,DENT,0.0004731109947897494,96.96025085449219,0.0,230.94046020507812,151.3989715576172
DamageCon6.png,DENT,0.000456689071143046,149.78982543945312,59.49356460571289,256.9669494628906,167.49920654296875
DamageCon6.png,DENT,0.00045392868923954666,36.510746002197266,191.8650665283203,291.3777770996094,266.864990234375
DamageCon6.png,DENT,0.00045232794946059585,262.6783142089844,70.03706359863281,611.8189697265625,170.7759552001953
DamageCon6.png,DAMAGE - DEFRAME,0.00045117794070392847,362.7984313964844,82.14271545410156,585.4910278320312,173.1806640625
DamageCon6.png,DENT,0.0004487081023398787,5.445448875427246,175.9033660888672,263.54864501953125,278.2137145996094
DamageCon6.png,DENT,0.00039925571763888,138.04881286621094,68.58932495117188,452.0885314941406,170.828369140625
DamageCon6.png,DENT,0.0003964382049161941,0.3295080363750458,189.32350158691406,80.4120101928711,256.30169677734375
DamageCon6.png,DENT,0.00039425207069143653,134.49891662597656,0.0,285.1523742675781,205.1337432861328
DamageCon6.png,DENT,0.00039319548523053527,586.1343383789062,55.207069396972656,820.434814453125,144.7550506591797
DamageCon6.png,DENT,0.00039073682273738086,43.76778030395508,184.71026611328125,213.4864959716797,258.0877380371094
DamageCon6.png,DENT,0.0003841691941488534,122.58727264404297,11.704402923583984,246.78720092773438,241.30908203125
DamageCon6.png,DENT,0.0003787341120187193,0.4106752276420593,168.84359741210938,49.413612365722656,252.81993103027344
DamageCon6.png,DENT,0.0003780379192903638,801.8295288085938,162.50831604003906,831.0,250.03944396972656
DamageCon6.png,DENT,0.0003707281721290201,139.2399444580078,28.03569793701172,430.3962707519531,176.74945068359375
DamageCon6.png,DENT,0.00036061889841221273,275.4805908203125,176.55149841308594,335.0330810546875,236.19886779785156
DamageCon6.png,DENT,0.0003605176752898842,313.1971130371094,71.12921905517578,598.6878662109375,236.79359436035156
DamageCon6.png,DENT,0.00035906213452108204,0.192962184548378,127.55715942382812,31.41564178466797,250.54067993164062
DamageCon6.png,DENT,0.0003525777137838304,631.1983642578125,18.88174819946289,825.7734375,127.01841735839844
DamageCon6.png,DENT,0.000346480606822297,210.88917541503906,38.421630859375,764.7857666015625,269.65167236328125
DamageCon6.png,DENT,0.00033186530345119536,323.520263671875,13.279800415039062,395.9065246582031,92.27900695800781
DamageCon6.png,DENT,0.0003278579970356077,584.7429809570312,198.22857666015625,672.4505004882812,248.1354522705078
DamageCon6.png,DENT,0.0003211219736840576,765.5914916992188,67.76958465576172,830.3108520507812,105.17342376708984
DamageCon6.png,DENT,0.0003195297031197697,39.51057052612305,55.90378952026367,821.8456420898438,280.0
DamageCon6.png,DENT,0.00031853659311309457,256.1473083496094,159.51736450195312,369.0028991699219,241.4434356689453
DamageCon6.png,DENT,0.00031353780650533736,111.66111755371094,14.678786277770996,222.2041473388672,140.31423950195312
DamageCon6.png,DENT,0.00030624601640738547,141.85812377929688,0.7990761399269104,231.58505249023438,123.82176971435547
DamageCon6.png,DENT,0.0002893748751375824,799.4369506835938,187.75018310546875,831.0,251.68443298339844
DamageCon6.png,DENT,0.00028618561918847263,0.0,186.25564575195312,191.7825469970703,280.0
DamageCon6.png,DENT,0.00028298539109528065,341.3802490234375,179.45152282714844,406.73101806640625,243.6411590576172
DamageCon6.png,DENT,0.0002803007373586297,58.345008850097656,0.0,428.44677734375,192.85472106933594
DamageCon6.png,DENT,0.000279413303360343,139.51446533203125,29.416812896728516,307.1234436035156,225.56504821777344
DamageCon6.png,DENT,0.00027788730221800506,232.29913330078125,154.54747009277344,419.2207946777344,261.33782958984375
DamageCon6.png,DENT,0.00027597023290582,591.8328857421875,193.29855346679688,689.8641967773438,248.74752807617188
DamageCon6.png,DENT,0.00027560003218241036,240.8759765625,168.3860321044922,515.6989135742188,273.17987060546875
DamageCon6.png,DENT,0.00027291200240142643,584.4700317382812,78.91344451904297,744.118896484375,124.65186309814453
DamageCon6.png,DENT,0.0002725505910348147,390.2393493652344,88.55339050292969,573.705322265625,159.05101013183594
DamageCon6.png,DENT,0.00026935379719361663,168.67759704589844,58.27473068237305,437.7546691894531,221.16114807128906
DamageCon6.png,DENT,0.0002656868891790509,325.3648376464844,80.66319274902344,592.1359252929688,178.91452026367188
DamageCon6.png,DAMAGE - RUST,0.00026429202989675105,327.7615966796875,92.05455017089844,587.4641723632812,175.09088134765625
DamageCon6.png,DENT,0.00026167460600845516,255.9565887451172,101.39144897460938,357.5696105957031,153.65525817871094
DamageCon6.png,DENT,0.00025717727839946747,256.7779846191406,129.1306915283203,505.9423828125,249.7647247314453
DamageCon6.png,DENT,0.00025146332336589694,802.0116577148438,125.2122802734375,831.0,246.06214904785156
DamageCon6.png,DENT,0.0002505689626559615,788.0513916015625,163.94979858398438,831.0,247.4949951171875
DamageCon6.png,DENT,0.0002499423862900585,273.6546630859375,0.0,527.2824096679688,151.38291931152344
DamageCon6.png,DAMAGE - RUST,0.0002383171085966751,262.9084777832031,73.02664947509766,604.2578735351562,177.09263610839844
DamageCon6.png,DENT,0.00023145016166381538,683.5911865234375,13.509339332580566,829.0726318359375,114.74783325195312
DamageCon6.png,DENT,0.0002249701792607084,576.0448608398438,121.82426452636719,683.371337890625,245.4302978515625
DamageCon6.png,DENT,0.00022495193115901202,381.0094299316406,83.10346221923828,596.1138916015625,223.25823974609375
DamageCon6.png,DENT,0.00022190797608345747,11.635455131530762,36.23466873168945,367.25396728515625,267.5357360839844
DamageCon6.png,DENT,0.00021334883058443666,571.5106811523438,42.834903717041016,773.7977294921875,141.46925354003906
DamageCon6.png,DENT,0.00020598834089469165,558.3049926757812,201.1041259765625,666.572998046875,249.02438354492188
DamageCon6.png,DENT,0.00020382713410072029,542.86669921875,81.18572998046875,728.4935302734375,127.56900787353516
DamageCon6.png,DENT,0.00020319377654232085,258.51434326171875,174.33837890625,321.2996520996094,242.32992553710938
DamageCon6.png,DENT,0.00019734226225409657,0.026504283770918846,78.6321029663086,29.3153133392334,253.16725158691406
DamageCon6.png,DENT,0.0001972957979887724,301.0668029785156,0.0,822.6839599609375,156.7574005126953
DamageCon6.png,DENT,0.00019695746595971286,474.2957458496094,69.58460998535156,719.4087524414062,259.0698547363281
DamageCon6.png,DENT,0.0001955961633939296,562.0125122070312,68.32357788085938,749.2222290039062,125.62388610839844
DamageCon6.png,DENT,0.00019404249906074256,38.759910583496094,161.7955780029297,252.44952392578125,261.7297668457031
DamageCon6.png,DENT,0.00019034778233617544,0.0,0.0,254.38275146484375,260.4115295410156
DamageCon6.png,DENT,0.0001892556028906256,526.89013671875,55.90720748901367,759.6701049804688,155.02362060546875
DamageCon6.png,DENT,0.00018883166194427758,342.2622985839844,124.84476470947266,497.4227294921875,210.87796020507812
DamageCon6.png,DENT,0.00018737958453129977,358.5843811035156,69.45968627929688,535.2798461914062,151.9326629638672
DamageCon6.png,DENT,0.00018530771194491535,70.9532241821289,29.114017486572266,252.97178649902344,260.6976013183594
DamageCon6.png,DENT,0.0001848539977800101,304.0931396484375,112.4291763305664,565.0110473632812,249.39840698242188
DamageCon6.png,DENT,0.00018122376059181988,48.066001892089844,124.11067199707031,225.2354736328125,262.5671691894531
DamageCon6.png,DENT,0.00017492336337454617,446.1936340332031,62.410072326660156,736.2820434570312,159.18760681152344
DamageCon6.png,DENT,0.000174794316990301,800.9664916992188,81.93094635009766,831.0,248.27865600585938
DamageCon6.png,DENT,0.00017464638222008944,770.6970825195312,41.95082092285156,830.5237426757812,104.89163970947266
DamageCon6.png,DENT,0.0001734576071612537,46.43942642211914,0.0,229.66587829589844,140.3159637451172
DamageCon6.png,DENT,0.00017262109031435102,60.18836975097656,0.0,232.94320678710938,106.49954986572266
DamageCon6.png,DENT,0.00016988177958410233,780.2380981445312,74.96600341796875,830.7568359375,128.14093017578125
DamageCon6.png,DENT,0.000168073529493995,0.0,109.27149963378906,51.59467315673828,253.45030212402344
DamageCon6.png,DENT,0.00016785603656899184,551.5164794921875,94.59996795654297,709.4133911132812,248.97938537597656
DamageCon6.png,DENT,0.00016716602840460837,71.8516845703125,206.38502502441406,228.40223693847656,254.00782775878906
DamageCon6.png,DENT,0.000164078563102521,727.7515258789062,13.872087478637695,830.9057006835938,101.71892547607422
DamageCon6.png,DENT,0.00016315901302732527,713.7396240234375,58.89876937866211,831.0,145.64285278320312
DamageCon6.png,DENT,0.00015602789062540978,3.5045289993286133,165.71800231933594,181.7525177001953,273.3153076171875
DamageCon6.png,DENT,0.0001554417540319264,286.35150146484375,3.594062089920044,416.8402099609375,97.8021011352539
DamageCon6.png,DENT,0.0001518719072919339,428.6153564453125,121.1151123046875,573.3987426757812,243.68106079101562
DamageCon6.png,DENT,0.00015102594625204802,397.3725891113281,78.94518280029297,752.4713134765625,144.762939453125
DamageCon6.png,DENT,0.0001495975739089772,443.9751281738281,206.15293884277344,538.823974609375,251.84765625
DamageCon6.png,DENT,0.00014918319357093424,379.7109375,202.46095275878906,530.680419921875,257.2352600097656
DamageCon6.png,DENT,0.0001466268877265975,380.59918212890625,23.013153076171875,827.5697631835938,172.97640991210938
DamageCon6.png,DENT,0.00014631182420998812,24.106603622436523,88.14297485351562,492.9541931152344,274.4975891113281
DamageCon6.png,DENT,0.000143389159347862,320.29962158203125,162.0535430908203,483.1711730957031,258.800048828125
DamageCon6.png,DENT,0.00014255127462092787,591.251220703125,19.481435775756836,807.0660400390625,115.20394897460938
DamageCon6.png,DENT,0.00014245318016037345,803.168701171875,25.849775314331055,831.0,101.50178527832031
DamageCon6.png,DENT,0.00014198057760950178,254.7655487060547,2.616093158721924,419.3988037109375,122.74309539794922
DamageCon6.png,DENT,0.00014180726429913193,781.1421508789062,12.673584938049316,831.0,98.16150665283203
DamageCon6.png,DENT,0.00014176304102875292,523.9609375,27.26449203491211,830.403564453125,240.66400146484375
DamageCon6.png,DENT,0.00014098145766183734,523.303955078125,20.382770538330078,830.1681518554688,168.95533752441406
DamageCon6.png,DENT,0.00013674017100129277,220.04409790039062,179.90817260742188,362.62481689453125,255.94386291503906
DamageCon6.png,DENT,0.0001366085489280522,408.58160400390625,202.29518127441406,622.9345703125,254.7657928466797
DamageCon6.png,DAMAGE - RUST,0.00013599678641185164,27.78330421447754,132.3229217529297,623.5045166015625,280.0
DamageCon6.png,DENT,0.00013509966083802283,395.6605529785156,181.84646606445312,477.7801208496094,251.76571655273438
DamageCon6.png,DENT,0.00013246570597402751,575.8380126953125,56.8478889465332,809.0652465820312,190.24993896484375
DamageCon6.png,DENT,0.00013194166240282357,787.3328857421875,120.52867126464844,831.0,245.20814514160156
DamageCon6.png,DENT,0.0001313996472163126,706.4979248046875,3.758466958999634,827.7659912109375,88.74468231201172
DamageCon6.png,DENT,0.00012843171134591103,589.3392333984375,84.82587432861328,695.2885131835938,236.15176391601562
DamageCon6.png,DENT,0.0001281860313611105,435.21270751953125,85.50332641601562,595.8739013671875,210.88876342773438
DamageCon6.png,DENT,0.0001276437396882102,648.7437744140625,4.007659912109375,818.193359375,75.5676498413086
DamageCon6.png,DAMAGE - RUST,0.00012755260104313493,202.74771118164062,127.19608306884766,724.012451171875,280.0
DamageCon6.png,DENT,0.000127362523926422,603.8682861328125,177.7159881591797,684.25048828125,245.53207397460938
DamageCon6.png,DENT,0.00012569369573611766,744.4873046875,188.12728881835938,830.9697265625,251.69723510742188
DamageCon6.png,DENT,0.0001255980896530673,27.241954803466797,183.5372772216797,345.3324279785156,280.0
DamageCon6.png,DENT,0.00012508606596384197,389.9494323730469,28.703123092651367,826.8079833984375,246.06614685058594
DamageCon6.png,DENT,0.00012441599392332137,320.91107177734375,67.43351745605469,827.0922241210938,261.00653076171875
DamageCon6.png,DENT,0.000123955454910174,787.3157958984375,68.5132827758789,830.9190063476562,161.4925079345703
DamageCon6.png,DENT,0.00012291379971429706,582.444580078125,185.82867431640625,657.7393188476562,244.7725067138672
DamageCon6.png,DENT,0.00012260348012205213,565.4800415039062,179.0680389404297,662.8184814453125,246.93714904785156
DamageCon6.png,DENT,0.00012147608504164964,598.083984375,124.28326416015625,702.2252197265625,244.79556274414062
DamageCon6.png,DENT,0.00012139361933805048,14.844141960144043,148.48251342773438,364.4464416503906,272.54168701171875
DamageCon6.png,DENT,0.00012115229037590325,376.6907958984375,81.09274291992188,699.84228515625,166.76683044433594
DamageCon6.png,DENT,0.0001183611384476535,131.7154083251953,0.0,252.3622283935547,117.98310089111328
DamageCon6.png,DENT,0.00011794687452493235,374.9731140136719,206.86936950683594,465.7432861328125,256.6634521484375
DamageCon6.png,DENT,0.00011604952305788174,784.4439086914062,77.27093505859375,830.81103515625,249.60887145996094
DamageCon6.png,DENT,0.00011559966515051201,0.0,10.615166664123535,27.90155601501465,250.53822326660156
DamageCon6.png,DENT,0.00011471351172076538,500.83660888671875,200.10784912109375,674.7815551757812,251.46102905273438
DamageCon6.png,DENT,0.00011177078704349697,582.8843994140625,71.53524780273438,742.0115356445312,211.7465057373047
DamageCon6.png,DENT,0.00010935935279121622,172.51560974121094,140.5582275390625,668.5925903320312,280.0
DamageCon6.png,DENT,0.0001093170212698169,804.7998046875,1.7261316776275635,831.0,98.54725646972656
DamageCon6.png,DENT,0.00010852796549443156,473.9489440917969,97.38156127929688,581.4786376953125,169.95030212402344
DamageCon6.png,DENT,0.00010725439642556012,803.281494140625,61.711265563964844,831.0,105.86263275146484
DamageCon6.png,DENT,0.00010662816930562258,617.32080078125,200.7083282470703,732.9589233398438,249.92527770996094
DamageCon6.png,DENT,0.00010592283797450364,477.0015869140625,190.36572265625,531.8859252929688,241.64076232910156
DamageCon6.png,DENT,0.00010559598013060167,17.300357818603516,0.0,327.4355163574219,173.47537231445312
DamageCon6.png,DENT,0.00010085643589263782,0.0,2.7648262977600098,49.4523811340332,259.6325988769531
DamageCon6.png,DENT,9.985354699892923e-05,192.4943084716797,196.1556396484375,336.2369079589844,254.3075408935547
DamageCon6.png,DENT,9.917929855873808e-05,28.367162704467773,153.3751983642578,146.7108154296875,259.23822021484375
DamageCon6.png,DENT,9.829594637267292e-05,274.9735412597656,0.0,507.49029541015625,97.34027099609375
DamageCon6.png,DENT,9.197660983772948e-05,128.19639587402344,147.650390625,235.44290161132812,249.3404541015625
DamageCon6.png,DENT,9.151825361186638e-05,622.1163940429688,183.89797973632812,696.8682250976562,244.48431396484375
DamageCon6.png,DENT,9.130511898547411e-05,422.28240966796875,86.8383560180664,693.648681640625,220.9674835205078
DamageCon6.png,DENT,9.056976705323905e-05,148.13096618652344,123.73011779785156,237.62245178222656,245.64808654785156
DamageCon6.png,DENT,9.028865315485746e-05,152.30479431152344,209.9307098388672,233.9700164794922,251.41128540039062
DamageCon6.png,DENT,8.996232645586133e-05,386.28009033203125,200.15309143066406,684.7254028320312,256.27398681640625
DamageCon6.png,DENT,8.9618559286464e-05,0.0,0.0,48.657920837402344,48.90373611450195
DamageCon6.png,DENT,8.808542770566419e-05,12.369946479797363,0.0,217.81106567382812,67.57566833496094
DamageCon6.png,DENT,8.795147732598707e-05,490.4601135253906,105.61650085449219,575.1369018554688,153.82733154296875
DamageCon6.png,DENT,8.75716214068234e-05,480.04559326171875,108.38565063476562,681.712158203125,246.61325073242188
DamageCon6.png,DENT,8.700236503500491e-05,205.1032257080078,151.30068969726562,404.3742370605469,246.0004119873047
DamageCon6.png,DENT,8.593687380198389e-05,2.642760992050171,0.0,76.33003234863281,49.205787658691406
DamageCon6.png,DENT,8.547673496650532e-05,449.6391296386719,95.7013931274414,589.1195678710938,159.58946228027344
DamageCon6.png,DENT,8.505684672854841e-05,419.08453369140625,177.18856811523438,526.04345703125,251.7343292236328
DamageCon6.png,DENT,8.378213533433154e-05,0.07042382657527924,0.0,55.606563568115234,24.142841339111328
DamageCon6.png,DENT,8.349819108843803e-05,659.636962890625,205.88380432128906,748.1234741210938,249.6235809326172
DamageCon6.png,DENT,8.331796561833471e-05,0.33192020654678345,0.0,178.24412536621094,266.1216735839844
DamageCon6.png,DENT,8.287856326205656e-05,0.3296714723110199,0.0,26.533754348754883,64.03620910644531
DamageCon6.png,DENT,8.265898213721812e-05,148.53604125976562,136.7006378173828,499.6372985839844,280.0
DamageCon6.png,DAMAGE - RUST,8.259894093498588e-05,472.8251647949219,105.9649658203125,570.3353881835938,152.47686767578125
DamageCon6.png,DENT,8.192909444915131e-05,331.4831848144531,32.38975143432617,540.2598876953125,155.91812133789062
DamageCon6.png,DENT,8.081913983915001e-05,145.08932495117188,194.87094116210938,206.5889434814453,243.6460418701172
DamageCon6.png,DENT,8.079024701146409e-05,365.9554443359375,58.91194534301758,698.6112060546875,183.3083038330078
DamageCon6.png,DENT,8.034746861085296e-05,105.89469146728516,0.0,784.3343505859375,148.06838989257812
DamageCon6.png,DENT,7.98035689513199e-05,722.4419555664062,0.0,828.1530151367188,24.50996971130371
DamageCon6.png,DENT,7.948245911393315e-05,732.8994750976562,81.69220733642578,830.8031005859375,255.1529541015625
DamageCon6.png,DENT,7.946632103994489e-05,610.9070434570312,122.01395416259766,682.2662963867188,243.0220489501953
DamageCon6.png,DENT,7.936953625176102e-05,476.3466491699219,176.4994354248047,559.5260620117188,245.63136291503906
DamageCon6.png,DENT,7.901618664618582e-05,0.969642698764801,120.01350402832031,72.17205047607422,267.5909423828125
DamageCon6.png,DENT,7.874320726841688e-05,222.28347778320312,0.0,419.9168395996094,80.17501068115234
DamageCon6.png,DENT,7.770346564939246e-05,281.05682373046875,0.0,544.0547485351562,70.6711196899414
DamageCon6.png,DENT,7.763384201098233e-05,682.2365112304688,0.0,823.964599609375,27.74639320373535
DamageCon6.png,DENT,7.744359027128667e-05,438.3977966308594,98.64169311523438,641.9159545898438,244.73057556152344
DamageCon6.png,DENT,7.685958553338423e-05,585.761474609375,1.0112639665603638,793.1919555664062,61.74351119995117
DamageCon6.png,DENT,7.611191540490836e-05,2.1955909729003906,195.9735870361328,151.04856872558594,280.0
DamageCon6.png,DENT,7.582655234728009e-05,4.6819610595703125,0.0,90.63298797607422,29.084753036499023
DamageCon6.png,DENT,7.519088831031695e-05,805.7118530273438,69.21232604980469,831.0,200.56365966796875
DamageCon6.png,DENT,7.516967161791399e-05,0.953718364238739,26.909915924072266,76.02848052978516,266.1658935546875
DamageCon6.png,DENT,7.435976294800639e-05,774.529541015625,184.7578887939453,831.0,269.4426574707031
DamageCon6.png,DENT,7.404064672300592e-05,0.9717478156089783,0.0,27.517013549804688,32.27350997924805
DamageCon6.png,DENT,7.315320544876158e-05,0.07241003960371017,0.0,27.252639770507812,189.84951782226562
DamageCon6.png,DENT,7.259088306454942e-05,394.77691650390625,205.9043731689453,478.3693542480469,256.4912414550781
DamageCon6.png,DENT,7.18658120604232e-05,11.001035690307617,0.0,195.5476837158203,91.66943359375
DamageCon6.png,DENT,6.933096301509067e-05,806.4655151367188,70.84333801269531,831.0,133.78524780273438
DamageCon6.png,DENT,6.893146928632632e-05,578.9563598632812,12.921528816223145,739.0310668945312,106.87069702148438
DamageCon6.png,DENT,6.842312723165378e-05,701.6954345703125,191.3155517578125,824.293212890625,253.31982421875
DamageCon6.png,DENT,6.760410906281322e-05,17.94536590576172,167.154052734375,502.35015869140625,280.0
DamageCon6.png,DENT,6.752344052074477e-05,149.0443572998047,49.565425872802734,344.2172546386719,244.3622589111328
DamageCon6.png,DENT,6.682412640657276e-05,217.75074768066406,175.8218994140625,330.3700866699219,248.2452850341797
DamageCon6.png,DENT,6.65195839246735e-05,0.0,0.0,25.835010528564453,115.43904876708984
DamageCon6.png,DENT,6.63808750687167e-05,144.9385528564453,0.0,371.1309814453125,159.0782470703125
DamageCon6.png,DENT,6.63483515381813e-05,173.58822631835938,205.31317138671875,306.6034240722656,253.15350341796875
DamageCon6.png,DENT,6.621990905841812e-05,41.08380889892578,129.99195861816406,654.7211303710938,280.0
DamageCon6.png,DENT,6.572918209712952e-05,805.4986572265625,0.0,831.0,34.23367691040039
DamageCon6.png,DENT,6.486837810371071e-05,199.47967529296875,160.1180877685547,551.5029296875,280.0
DamageCon6.png,DENT,6.445775943575427e-05,691.0675659179688,206.8672637939453,763.5086059570312,249.5840606689453
DamageCon6.png,DENT,6.307153671514243e-05,529.9088134765625,163.12644958496094,671.4297485351562,249.77206420898438
DamageCon6.png,DENT,6.302157999016345e-05,0.0,0.0,48.77253723144531,160.28768920898438
DamageCon6.png,DENT,6.291121826507151e-05,611.5720825195312,55.64533615112305,808.76513671875,245.77505493164062
DamageCon6.png,DENT,6.29016722086817e-05,778.6944580078125,0.0,830.7343139648438,25.602008819580078
DamageCon6.png,DENT,6.267325079534203e-05,618.1132202148438,139.9980010986328,762.3715209960938,246.81375122070312
DamageCon6.png,DENT,6.248182035051286e-05,24.487957000732422,65.56261444091797,225.1038360595703,265.2914123535156
DamageCon6.png,DENT,6.192635919433087e-05,14.897913932800293,0.0,167.21749877929688,58.04094314575195
DamageCon6.png,DENT,6.147471867734566e-05,5.072258949279785,0.0,130.89002990722656,34.545318603515625
DamageCon6.png,DENT,6.041628876118921e-05,674.1904907226562,242.08453369140625,831.0,280.0
DamageCon6.png,DENT,5.989797864458524e-05,0.0,272.1249694824219,267.5794372558594,280.0
DamageCon6.png,DENT,5.9408928791526705e-05,756.0855102539062,163.4053497314453,831.0,249.62286376953125
DamageCon6.png,DENT,5.936379238846712e-05,7.657196998596191,1.3578182458877563,101.12156677246094,53.83251190185547
DamageCon6.png,DENT,5.934415457886644e-05,648.1339111328125,43.716224670410156,831.0,198.70187377929688
DamageCon6.png,DAMAGE - DEFRAME,5.890415559406392e-05,19.350553512573242,200.06854248046875,565.1560668945312,280.0
DamageCon6.png,DENT,5.8875120885204524e-05,665.7719116210938,0.0,829.840087890625,119.04208374023438
DamageCon6.png,DENT,5.8789784816326573e-05,584.2667236328125,1.2424471378326416,726.8160400390625,53.55773162841797
DamageCon6.png,DENT,5.795007018605247e-05,189.16737365722656,0.03179919719696045,416.6696472167969,126.41719818115234
DamageCon6.png,DENT,5.786216206615791e-05,0.0,0.0,47.43787384033203,90.88877868652344
DamageCon6.png,DENT,5.768019036622718e-05,640.0062255859375,0.0,818.3909301757812,25.66674041748047
DamageCon6.png,DENT,5.746902752434835e-05,0.5040122866630554,0.0,175.4648895263672,107.84244537353516
DamageCon6.png,DENT,5.6756980484351516e-05,604.1500244140625,0.0,828.0702514648438,150.4401397705078
DamageCon6.png,DENT,5.6561329984106123e-05,366.8078308105469,2.735280752182007,532.5339965820312,140.28268432617188
DamageCon6.png,DENT,5.65316149732098e-05,38.12998962402344,2.9257242679595947,224.97450256347656,251.07789611816406
DamageCon6.png,DENT,5.62543973501306e-05,644.4097290039062,0.0,831.0,33.01313781738281
DamageCon6.png,DENT,5.616787530016154e-05,445.2118835449219,155.24708557128906,656.1801147460938,251.42481994628906
DamageCon6.png,DENT,5.603781755780801e-05,356.6837158203125,0.0,546.007568359375,58.71611785888672
DamageCon6.png,DENT,5.410562880570069e-05,716.4076538085938,39.113685607910156,830.718017578125,234.0770721435547
DamageCon6.png,DENT,5.295829032547772e-05,289.9505310058594,0.0,461.081787109375,29.406667709350586
DamageCon6.png,DENT,5.2377188694663346e-05,0.7463598251342773,0.0,202.50450134277344,134.3336944580078
DamageCon6.png,DENT,5.2015715482411906e-05,0.0,0.0,343.65338134765625,29.351530075073242
DamageCon6.png,DENT,5.1690007239812985e-05,189.86874389648438,186.175048828125,292.7252197265625,249.33395385742188
DamageCon6.png,DENT,5.135438186698593e-05,423.0826721191406,30.98929214477539,541.3417358398438,164.4942169189453
DamageCon6.png,DENT,5.0813214329537004e-05,561.0609741210938,0.0,819.27978515625,27.487205505371094
DamageCon6.png,DENT,5.0566733989398926e-05,753.2047119140625,129.009521484375,831.0,244.7406005859375
DamageCon6.png,DENT,5.055515794083476e-05,2.6930649280548096,133.7296142578125,148.09048461914062,271.4552917480469
DamageCon6.png,DENT,5.054797657066956e-05,149.73062133789062,108.8985366821289,268.8147277832031,247.29193115234375
DamageCon6.png,DENT,5.047095692134462e-05,111.21692657470703,0.0,304.2673645019531,79.60016632080078
DamageCon6.png,DENT,4.995429117116146e-05,0.0,202.1473388671875,331.29034423828125,280.0
DamageCon6.png,DENT,4.9281785322818905e-05,133.45285034179688,171.2157440185547,473.1996765136719,280.0
DamageCon6.png,DENT,4.903263470623642e-05,1.7448248863220215,0.0,115.6771469116211,101.80423736572266
DamageCon6.png,DENT,4.880297274212353e-05,501.0693664550781,0.0,831.0,0.0
DamageCon6.png,DENT,4.8445519496453926e-05,425.7767028808594,0.0,557.2877197265625,56.91386413574219
DamageCon6.png,DENT,4.82874020235613e-05,1.1648213863372803,0.0,123.73323822021484,141.76283264160156
DamageCon6.png,DENT,4.749191793962382e-05,574.0699462890625,11.223501205444336,694.4415283203125,88.61754608154297
DamageCon6.png,DENT,4.6963403292465955e-05,703.8250732421875,0.4524599611759186,829.5567016601562,144.74722290039062
DamageCon6.png,DENT,4.670623457059264e-05,277.834716796875,277.5874938964844,594.9967651367188,280.0
DamageCon6.png,DENT,4.59498078271281e-05,209.0153045654297,0.0,472.44525146484375,30.440479278564453
DamageCon6.png,DENT,4.587248258758336e-05,432.5887451171875,3.546046257019043,539.9712524414062,137.93545532226562
DamageCon6.png,DENT,4.587073271977715e-05,1.7015146017074585,103.67279815673828,131.12246704101562,260.0892639160156
DamageCon6.png,DENT,4.563086258713156e-05,362.65411376953125,0.0,775.569580078125,0.0
DamageCon6.png,DENT,4.556828935164958e-05,783.7449340820312,262.06109619140625,831.0,280.0
DamageCon6.png,DENT,4.534305116976611e-05,263.95855712890625,0.0,524.2908325195312,30.004077911376953
DamageCon6.png,DENT,4.525967233348638e-05,158.32301330566406,194.63697814941406,222.36924743652344,243.96372985839844
DamageCon6.png,DENT,4.485846511670388e-05,634.60009765625,187.4621124267578,721.5272216796875,245.34410095214844
DamageCon6.png,DENT,4.4704218453262e-05,2.4461209774017334,0.0,126.68115234375,77.95515441894531
DamageCon7.jpg,DENT,0.09891538321971893,0.0,304.42327880859375,273.91107177734375,636.9839477539062
DamageCon7.jpg,DENT,0.05141386017203331,1.14898681640625,53.876953125,340.2277526855469,640.0
DamageCon7.jpg,DENT,0.04684591293334961,0.4715474247932434,241.86080932617188,327.12493896484375,640.0
DamageCon7.jpg,DENT,0.03974709287285805,1.0078938007354736,396.31402587890625,252.44171142578125,638.7891845703125
DamageCon7.jpg,DENT,0.03335897624492645,0.9572346806526184,473.7256774902344,247.79652404785156,639.9954223632812
DamageCon7.jpg,DENT,0.023863302543759346,0.011494954116642475,371.1110534667969,173.2335662841797,638.5205078125
DamageCon7.jpg,DAMAGE - DEFRAME,0.023297592997550964,0.0,37.420143127441406,445.8131408691406,640.0
DamageCon7.jpg,DENT,0.018097195774316788,0.1447041779756546,413.0404968261719,126.60787963867188,639.7924194335938
DamageCon7.jpg,DENT,0.016909506171941757,0.0,106.01582336425781,210.351806640625,639.9747314453125
DamageCon7.jpg,DENT,0.013887115754187107,0.27080535888671875,278.060302734375,197.99571228027344,637.0457763671875
DamageCon7.jpg,DENT,0.01304274145513773,1.39617919921875,526.9734497070312,239.1546630859375,640.0
DamageCon7.jpg,DAMAGE - DEFRAME,0.012955274432897568,0.0,44.10059356689453,306.7431945800781,349.94683837890625
DamageCon7.jpg,DENT,0.011427804827690125,5.258941650390625,305.54351806640625,251.62957763671875,563.0169677734375
DamageCon7.jpg,DENT,0.011341501958668232,0.0,343.951416015625,206.32017517089844,603.3331298828125
DamageCon7.jpg,DENT,0.009047403000295162,0.0,70.642822265625,285.3011474609375,312.7845458984375
DamageCon7.jpg,DENT,0.008678905665874481,0.0,400.2958984375,352.66802978515625,640.0
DamageCon7.jpg,DENT,0.008538035675883293,79.7984390258789,541.5750122070312,263.5152587890625,639.7593994140625
DamageCon7.jpg,DAMAGE - DEFRAME,0.007888389751315117,0.7444890141487122,84.19746398925781,200.88694763183594,260.443115234375
DamageCon7.jpg,DAMAGE - DEFRAME,0.007417534478008747,41.96977996826172,67.28597259521484,223.48062133789062,187.46327209472656
DamageCon7.jpg,DENT,0.00738380616530776,12.93034839630127,558.8470458984375,270.6915588378906,640.0
DamageCon7.jpg,DENT,0.007195524871349335,56.15348815917969,289.4711608886719,295.0169982910156,640.0
DamageCon7.jpg,DAMAGE - DEFRAME,0.006838914938271046,106.46527099609375,66.39569091796875,210.69541931152344,182.5537567138672
DamageCon7.jpg,DAMAGE - DEFRAME,0.006124487612396479,0.0,95.87727355957031,134.4324493408203,268.3169250488281
DamageCon7.jpg,DENT,0.005979099776595831,0.0,100.85245513916016,114.0442123413086,636.8530883789062
DamageCon7.jpg,DENT,0.005965809337794781,0.0,313.0506896972656,98.76087188720703,637.458251953125
DamageCon7.jpg,DAMAGE - DEFRAME,0.005911578889936209,257.23297119140625,49.707435607910156,509.7301025390625,632.05078125
DamageCon7.jpg,DENT,0.005847986321896315,0.0,42.59363555908203,342.1051025390625,474.1497802734375
DamageCon7.jpg,DAMAGE - DEFRAME,0.005670324899256229,0.0,38.92558288574219,314.5908203125,230.57327270507812
DamageCon7.jpg,DENT,0.0052160415798425674,8.188095092773438,347.27032470703125,205.0610809326172,510.1104736328125
DamageCon7.jpg,DENT,0.004988215398043394,8.174946784973145,268.2099914550781,324.0008544921875,530.4869995117188
DamageCon7.jpg,DENT,0.004884274210780859,25.592548370361328,183.0720977783203,331.6789855957031,537.069580078125
DamageCon7.jpg,DENT,0.0046769739128649235,90.94573974609375,358.3099365234375,258.6407470703125,638.0092163085938
DamageCon7.jpg,DENT,0.0046674637123942375,0.0,102.63984680175781,114.69791412353516,275.06524658203125
DamageCon7.jpg,DENT,0.004554159007966518,1.3433074951171875,521.886962890625,134.5289306640625,640.0
DamageCon7.jpg,DENT,0.00445252051576972,30.980224609375,328.99102783203125,248.42767333984375,491.8368835449219
DamageCon7.jpg,DENT,0.004142166115343571,52.80794143676758,494.2155456542969,260.44293212890625,639.8222045898438
DamageCon7.jpg,DENT,0.0041274712421,102.29044342041016,50.046695709228516,312.97930908203125,253.3943634033203
DamageCon7.jpg,DAMAGE - RUST,0.004083690233528614,254.01651000976562,0.302734375,458.4128723144531,637.9178466796875
DamageCon7.jpg,DENT,0.003902014344930649,69.60769653320312,41.74324035644531,325.7701110839844,328.05511474609375
DamageCon7.jpg,DAMAGE - DEFRAME,0.003841117024421692,38.6614990234375,76.61711883544922,213.51478576660156,231.28128051757812
DamageCon7.jpg,DENT,0.003788598347455263,160.26429748535156,201.68426513671875,353.8460998535156,473.8349914550781
DamageCon7.jpg,DENT,0.003784296102821827,0.1337687075138092,89.65746307373047,162.0932159423828,280.4423828125
DamageCon7.jpg,DENT,0.0036789807491004467,8.440144538879395,593.9874267578125,243.0452880859375,639.8471069335938
DamageCon7.jpg,DENT,0.0036533353850245476,0.212249755859375,503.2929382324219,333.8519592285156,640.0
DamageCon7.jpg,DAMAGE - DEFRAME,0.0035256172996014357,0.0,107.87348175048828,79.02882385253906,257.13641357421875
DamageCon7.jpg,DENT,0.0034066587686538696,0.7233428955078125,51.2518310546875,255.94390869140625,601.43896484375
DamageCon7.jpg,DENT,0.003359549678862095,192.47677612304688,58.63153839111328,261.77325439453125,159.55224609375
DamageCon7.jpg,DENT,0.0033142620231956244,26.98923683166504,68.32763671875,473.7847900390625,640.0
DamageCon7.jpg,DENT,0.003256889060139656,91.81978607177734,99.67493438720703,334.66815185546875,521.7916870117188
DamageCon7.jpg,DENT,0.0031877944711595774,54.35646057128906,293.2291564941406,291.64581298828125,493.8645324707031
DamageCon7.jpg,DAMAGE - RUST,0.0031695568468421698,156.95565795898438,6.3958740234375,428.64410400390625,639.4143676757812
DamageCon7.jpg,DAMAGE - DEFRAME,0.0031305039301514626,0.0,62.640499114990234,244.81887817382812,240.88528442382812
DamageCon7.jpg,DENT,0.00305612082593143,178.5932159423828,50.2498664855957,275.0711364746094,182.10308837890625
DamageCon7.jpg,DENT,0.0029971173498779535,148.18421936035156,56.34396743774414,263.74530029296875,167.8981475830078
DamageCon7.jpg,DAMAGE - DEFRAME,0.002995310118421912,282.74896240234375,136.79574584960938,581.225830078125,633.8513793945312
DamageCon7.jpg,DENT,0.002907127607613802,105.17237091064453,59.73653030395508,245.0525360107422,231.86166381835938
DamageCon7.jpg,DENT,0.0028814151883125305,112.84862518310547,229.6741180419922,314.82958984375,496.36627197265625
DamageCon7.jpg,DAMAGE - DEFRAME,0.00287446822039783,240.619140625,13.402607917785645,460.5042419433594,640.0
DamageCon7.jpg,DAMAGE - DEFRAME,0.0027265509124845266,136.3441619873047,64.9295883178711,216.71002197265625,170.7332763671875
DamageCon7.jpg,DENT,0.002655250718817115,242.1809844970703,180.87570190429688,356.1529541015625,477.5315246582031
DamageCon7.jpg,DENT,0.0025099157355725765,87.44608306884766,598.6112670898438,252.31373596191406,639.738525390625
DamageCon7.jpg,DENT,0.0025078251492232084,108.51045989990234,59.61456298828125,311.6654357910156,471.46484375
DamageCon7.jpg,DENT,0.0024721173103898764,244.442138671875,204.71969604492188,345.42041015625,405.7210693359375
DamageCon7.jpg,DENT,0.002462706994265318,88.03921508789062,338.50677490234375,226.58859252929688,475.846435546875
DamageCon7.jpg,DENT,0.0024620583280920982,0.3776041567325592,163.3138427734375,157.06964111328125,619.7901000976562
DamageCon7.jpg,DAMAGE - DEFRAME,0.0024579898454248905,68.89317321777344,57.905067443847656,614.201416015625,624.8995971679688
DamageCon7.jpg,DENT,0.002448631916195154,0.0,485.29449462890625,104.78932189941406,640.0
DamageCon7.jpg,DENT,0.0024432125501334667,196.33509826660156,105.93912506103516,350.3996276855469,440.7493896484375
DamageCon7.jpg,DENT,0.002345967572182417,0.0,224.33811950683594,224.87152099609375,600.510009765625
DamageCon7.jpg,DENT,0.0023425305262207985,203.15713500976562,173.6480712890625,348.4256286621094,420.7524108886719
DamageCon7.jpg,DENT,0.0023056308273226023,93.38394165039062,334.81842041015625,253.61724853515625,510.08941650390625
DamageCon7.jpg,DENT,0.0022348142229020596,146.6341094970703,307.8636169433594,298.3039245605469,479.4403076171875
DamageCon7.jpg,DENT,0.002207120880484581,191.0837860107422,42.485782623291016,297.8076171875,176.29714965820312
DamageCon7.jpg,DENT,0.002201381139457226,133.44723510742188,68.17272186279297,215.23744201660156,183.55096435546875
DamageCon7.jpg,DENT,0.0021472189109772444,226.9850616455078,120.93842315673828,344.1620788574219,409.7772216796875
DamageCon7.jpg,DENT,0.0020928282756358385,264.985595703125,262.9765319824219,344.9707336425781,413.480712890625
DamageCon7.jpg,DENT,0.0020832521840929985,0.0,79.13837432861328,86.10291290283203,364.6500549316406
DamageCon7.jpg,DENT,0.0020756844896823168,208.9302215576172,242.83543395996094,344.4765625,421.2835998535156
DamageCon7.jpg,DENT,0.0020661158487200737,141.48110961914062,352.3907775878906,240.6142120361328,480.87213134765625
DamageCon7.jpg,DENT,0.001995472237467766,126.12492370605469,52.60203170776367,248.70635986328125,157.36172485351562
DamageCon7.jpg,DENT,0.001990809105336666,116.21922302246094,53.05328369140625,293.5722351074219,394.0890808105469
DamageCon7.jpg,DENT,0.0019525812240317464,170.2405548095703,97.78813171386719,303.1092529296875,425.9318542480469
DamageCon7.jpg,DENT,0.0019276106031611562,183.65464782714844,39.91688919067383,309.3611755371094,203.0732879638672
DamageCon7.jpg,DENT,0.0019150321604683995,101.2863998413086,69.43417358398438,208.56942749023438,207.80914306640625
DamageCon7.jpg,DENT,0.0018913389649242163,0.0,257.0938415527344,515.84716796875,639.3570556640625
DamageCon7.jpg,DENT,0.00189005839638412,151.20162963867188,321.67474365234375,244.17587280273438,450.2420349121094
DamageCon7.jpg,DENT,0.0018844087608158588,0.0,416.8229675292969,59.591827392578125,639.4232788085938
DamageCon7.jpg,DENT,0.0018710107542574406,247.337646484375,252.67425537109375,342.2904357910156,400.7541809082031
DamageCon7.jpg,DENT,0.0018667748663574457,132.23960876464844,316.7550048828125,282.9988708496094,505.83544921875
DamageCon7.jpg,DENT,0.0018575858557596803,0.0,120.54443359375,71.84074401855469,571.9954223632812
DamageCon7.jpg,DENT,0.0018565754871815443,151.96861267089844,37.915802001953125,322.7222900390625,342.4186096191406
DamageCon7.jpg,DENT,0.0018414863152429461,0.0,125.14736938476562,82.59354400634766,283.2723083496094
DamageCon7.jpg,DENT,0.00180395960342139,142.114501953125,273.8962707519531,315.9122009277344,524.4530029296875
DamageCon7.jpg,DENT,0.0018021068535745144,0.0,564.60009765625,432.7103576660156,640.0
DamageCon7.jpg,DENT,0.001791778951883316,183.93203735351562,218.81378173828125,348.3722839355469,528.1998901367188
DamageCon7.jpg,DENT,0.001726781134493649,153.93019104003906,341.76904296875,276.5742492675781,475.8439636230469
DamageCon7.jpg,DAMAGE - DEFRAME,0.0016489295521751046,69.23947143554688,51.25406265258789,290.1489562988281,185.8911895751953
DamageCon7.jpg,DENT,0.0016113833989948034,157.22943115234375,351.6562194824219,231.2067413330078,452.6231384277344
DamageCon7.jpg,DENT,0.0016042321221902966,183.6019287109375,350.1255798339844,295.6358337402344,464.1658935546875
DamageCon7.jpg,DENT,0.0015709843719378114,0.3533490300178528,137.06112670898438,99.2416000366211,264.9830017089844
DamageCon7.jpg,DENT,0.0015592998825013638,234.0387420654297,564.9744262695312,504.84344482421875,640.0
DamageCon7.jpg,DENT,0.001547674648463726,257.4129638671875,200.2447509765625,352.3411865234375,439.7251892089844
DamageCon7.jpg,DENT,0.0015421449206769466,121.05778503417969,246.73837280273438,336.1439514160156,636.1090698242188
DamageCon7.jpg,DAMAGE - DEFRAME,0.0015418834518641233,237.36721801757812,30.182113647460938,347.3962097167969,253.8165740966797
DamageCon7.jpg,DENT,0.0015075849369168282,66.71658325195312,591.1598510742188,321.9382019042969,639.767822265625
DamageCon7.jpg,DENT,0.0015050432411953807,239.37020874023438,195.57955932617188,361.6046142578125,584.8189697265625
DamageCon7.jpg,DENT,0.001475257333368063,205.36386108398438,568.097412109375,427.5517578125,639.5349731445312
DamageCon7.jpg,DENT,0.0014713696436956525,0.0,88.56755065917969,171.96275329589844,363.2841491699219
DamageCon7.jpg,DENT,0.0014460606034845114,137.44419860839844,63.91387939453125,270.9613342285156,431.4873046875
DamageCon7.jpg,DAMAGE - RUST,0.0014408619608730078,191.29312133789062,31.841327667236328,330.5572814941406,223.56285095214844
DamageCon7.jpg,DENT,0.0014310639817267656,0.0,419.9967346191406,46.855812072753906,616.21142578125
DamageCon7.jpg,DAMAGE - RUST,0.0014254751149564981,0.08724212646484375,329.52496337890625,61.84520721435547,640.0
DamageCon7.jpg,DENT,0.0014120552223175764,248.51235961914062,531.4368896484375,413.4251708984375,638.57275390625
DamageCon7.jpg,DENT,0.0014106808230280876,268.15374755859375,241.7854766845703,344.4201965332031,376.46881103515625
DamageCon7.jpg,DAMAGE - RUST,0.0014029752928763628,273.00567626953125,39.55266189575195,373.0828857421875,375.0450134277344
DamageCon7.jpg,DENT,0.0013847847003489733,0.03101348876953125,247.97792053222656,58.470115661621094,640.0
DamageCon7.jpg,DENT,0.001379252877086401,0.09588241577148438,178.3429412841797,46.41161346435547,605.1138916015625
DamageCon7.jpg,DENT,0.001352275488898158,0.0,70.33905792236328,239.66629028320312,442.5843200683594
DamageCon7.jpg,DENT,0.0013391529209911823,150.2847442626953,225.12582397460938,358.422119140625,602.0449829101562
DamageCon7.jpg,DENT,0.0013282892759889364,164.81346130371094,259.5063781738281,294.6075744628906,434.8316345214844
DamageCon7.jpg,DENT,0.0013168661389499903,298.3475646972656,528.3224487304688,457.7081298828125,639.3556518554688
DamageCon7.jpg,DAMAGE - RUST,0.0013012882554903626,221.85604858398438,20.954843521118164,377.8851623535156,363.04132080078125
DamageCon7.jpg,DENT,0.0012921090237796307,0.0,160.60464477539062,65.3663330078125,423.9208984375
DamageCon7.jpg,DAMAGE - DEFRAME,0.0012826542370021343,0.0,24.49371337890625,384.75225830078125,185.4973602294922
DamageCon7.jpg,DENT,0.0012819347903132439,0.23352622985839844,243.27667236328125,36.967872619628906,368.93524169921875
DamageCon7.jpg,DENT,0.001277966657653451,55.5759162902832,201.63958740234375,235.3975830078125,448.8116455078125
DamageCon7.jpg,DAMAGE - DEFRAME,0.0012581647606566548,222.3193817138672,21.701736450195312,370.7724914550781,297.3118591308594
DamageCon7.jpg,DENT,0.0012454019160941243,147.8172149658203,571.1515502929688,390.83245849609375,639.6676025390625
DamageCon7.jpg,DENT,0.0012304818956181407,275.5291748046875,289.657470703125,337.78778076171875,373.2223815917969
DamageCon7.jpg,DENT,0.0012267989804968238,28.340988159179688,129.92356872558594,244.3160400390625,426.07305908203125
DamageCon7.jpg,DENT,0.0012187956599518657,193.01995849609375,30.250160217285156,336.81976318359375,243.0850372314453
DamageCon7.jpg,DENT,0.0012105146888643503,0.26577311754226685,225.55332946777344,40.602622985839844,475.77996826171875
DamageCon7.jpg,DENT,0.0012083459878340364,342.89398193359375,544.6716918945312,525.1959838867188,638.7603149414062
DamageCon7.jpg,DENT,0.0012066983617842197,31.810251235961914,540.1492919921875,387.344482421875,639.3089599609375
DamageCon7.jpg,DENT,0.0011880972888320684,180.86968994140625,110.8837890625,276.133056640625,390.6747741699219
DamageCon7.jpg,DENT,0.0011628756765276194,323.10272216796875,523.6807250976562,501.0175476074219,639.91015625
DamageCon7.jpg,DENT,0.0011597382836043835,0.17546971142292023,137.6352081298828,39.05411148071289,375.22979736328125
DamageCon7.jpg,DENT,0.001122352434322238,1.732635498046875,496.5976867675781,545.748779296875,640.0
DamageCon7.jpg,DENT,0.00111904286313802,333.7397155761719,488.3423156738281,461.2903137207031,637.9967651367188
DamageCon7.jpg,DAMAGE - DEFRAME,0.001078212633728981,0.0,14.053814888000488,561.6671752929688,187.08840942382812
DamageCon7.jpg,DENT,0.0010703884763643146,260.8751220703125,139.267578125,376.1947937011719,561.712646484375
DamageCon7.jpg,DENT,0.0010633239289745688,282.37835693359375,274.0873107910156,356.90447998046875,391.20147705078125
DamageCon7.jpg,DENT,0.0010452419519424438,0.23662248253822327,122.34722900390625,41.084083557128906,291.0638732910156
DamageCon7.jpg,DENT,0.0010384366614744067,0.0,146.23977661132812,115.09432220458984,429.8163146972656
DamageCon7.jpg,DENT,0.0010206209262833,0.0,83.57166290283203,121.66554260253906,378.60504150390625
DamageCon7.jpg,DENT,0.0010090075666084886,203.17666625976562,71.55859375,323.5907897949219,374.08441162109375
DamageCon7.jpg,DENT,0.0009873064700514078,127.35791015625,40.46517562866211,284.7925109863281,128.7623291015625
DamageCon7.jpg,DENT,0.0009598315227776766,346.7700500488281,567.1492309570312,537.3491821289062,640.0
DamageCon7.jpg,DAMAGE - RUST,0.0009569702087901533,266.673828125,179.35784912109375,379.1751403808594,634.1906127929688
DamageCon7.jpg,DENT,0.0009533127886243165,136.7755126953125,597.0819091796875,452.5968322753906,639.9869384765625
DamageCon7.jpg,DENT,0.000950642570387572,205.34930419921875,56.66890335083008,309.3119201660156,287.6736145019531
DamageCon7.jpg,DENT,0.0009391194325871766,182.42401123046875,36.44765090942383,298.1034240722656,122.1911849975586
DamageCon7.jpg,DENT,0.0009162752539850771,192.1486358642578,593.6107788085938,532.7565307617188,640.0
DamageCon7.jpg,DENT,0.0009115635184571147,166.3953399658203,41.078948974609375,273.72088623046875,121.6809310913086
DamageCon7.jpg,DENT,0.00090821273624897,0.0,373.32659912109375,546.7462158203125,640.0
DamageCon7.jpg,DENT,0.0008873147889971733,181.36045837402344,535.822509765625,389.48291015625,638.9176025390625
DamageCon7.jpg,DENT,0.0008528907783329487,14.11168384552002,589.3380737304688,427.1055908203125,639.8157348632812
DamageCon7.jpg,DAMAGE - DEFRAME,0.0008325692033395171,35.63013458251953,41.09336471557617,312.1849365234375,137.05201721191406
DamageCon7.jpg,DAMAGE - RUST,0.000831018085591495,266.8207092285156,37.93629837036133,330.6573791503906,168.61131286621094
DamageCon7.jpg,DENT,0.0008242896874435246,0.014241536147892475,500.2488098144531,50.085594177246094,639.6044921875
DamageCon7.jpg,DAMAGE - DEFRAME,0.00080980418715626,45.6540412902832,17.797138214111328,419.1683349609375,264.3797302246094
DamageCon7.jpg,DENT,0.0008039741078391671,222.44989013671875,37.37024688720703,319.2027282714844,171.111572265625
DamageCon7.jpg,DENT,0.0007894561858847737,0.4156048893928528,106.53650665283203,51.449527740478516,250.69703674316406
DamageCon7.jpg,DENT,0.00078695168485865,364.9248046875,597.7254638671875,525.2382202148438,639.84765625
DamageCon7.jpg,DENT,0.0007809403468854725,302.5657958984375,360.0706481933594,501.56939697265625,638.9990844726562
DamageCon7.jpg,DENT,0.0007542644161731005,1.8224842548370361,170.65911865234375,155.9579315185547,440.71337890625
DamageCon7.jpg,DAMAGE - RUST,0.0007455882732756436,299.50714111328125,119.537353515625,408.6863098144531,592.1231689453125
DamageCon7.jpg,DENT,0.0007417104789055884,243.37442016601562,83.19859313964844,358.141357421875,402.6463623046875
DamageCon7.jpg,DENT,0.0007381903124041855,292.2752380371094,594.4550170898438,514.318359375,640.0
DamageCon7.jpg,DENT,0.0007311422959901392,317.5788879394531,489.9707946777344,524.2839965820312,640.0
DamageCon7.jpg,DENT,0.000712481967639178,0.60333251953125,595.5795288085938,93.01494598388672,639.7046508789062
DamageCon7.jpg,DENT,0.0007062874501571059,8.81322193145752,601.7613525390625,130.1492462158203,639.7911376953125
DamageCon7.jpg,DENT,0.0006921991589479148,245.84121704101562,475.87542724609375,433.2997131347656,637.9007568359375
DamageCon7.jpg,DENT,0.0006843871669843793,182.1016845703125,131.9397430419922,526.6998901367188,638.9868774414062
DamageCon7.jpg,DENT,0.0006708653527311981,281.0804748535156,240.31448364257812,359.26416015625,375.5328674316406
DamageCon7.jpg,DAMAGE - DEFRAME,0.0006675107288174331,322.7570495605469,187.79708862304688,435.8540344238281,420.08807373046875
DamageCon7.jpg,DENT,0.0006660230574198067,98.08031463623047,31.407367706298828,409.07733154296875,592.9697265625
DamageCon7.jpg,DENT,0.0006436018738895655,272.56341552734375,154.2572479248047,375.01824951171875,459.322998046875
DamageCon7.jpg,DENT,0.0006191593711264431,231.1883544921875,73.91812133789062,325.53302001953125,298.7598876953125
DamageCon7.jpg,DAMAGE - RUST,0.0006071065436117351,309.2156066894531,123.36293029785156,384.83648681640625,291.2999267578125
DamageCon7.jpg,DENT,0.0005967086181044579,234.16078186035156,34.410118103027344,315.6505432128906,119.27824401855469
DamageCon7.jpg,DAMAGE - RUST,0.0005892046028748155,269.0866394042969,36.27473068237305,325.7327575683594,115.52013397216797
DamageCon7.jpg,DENT,0.0005747806862927973,284.193603515625,225.33116149902344,509.33526611328125,640.0
DamageCon7.jpg,DAMAGE - RUST,0.000567867245990783,299.0325927734375,212.800537109375,411.3746643066406,509.97039794921875
DamageCon7.jpg,DENT,0.0005443919799290597,45.2896728515625,238.06137084960938,164.64552307128906,393.6123962402344
DamageCon7.jpg,DAMAGE - DEFRAME,0.0005391519516706467,113.09544372558594,29.014205932617188,400.1373291015625,412.1297912597656
DamageCon7.jpg,DENT,0.0005377362249419093,76.736572265625,506.5329895019531,312.184814453125,639.3292236328125
DamageCon7.jpg,DENT,0.0005235688295215368,274.6253356933594,271.260986328125,469.5044860839844,637.9571533203125
DamageCon7.jpg,DAMAGE - RUST,0.0005139834829606116,314.3143615722656,152.82058715820312,388.0075378417969,318.5401306152344
DamageCon7.jpg,DAMAGE - DEFRAME,0.0005113775841891766,1.6784921884536743,13.928196907043457,319.0669250488281,288.2259216308594
DamageCon7.jpg,DENT,0.0005026095313951373,14.041111946105957,139.85963439941406,173.5704803466797,385.1293029785156
DamageCon7.jpg,DENT,0.0004948482383042574,0.0,42.06349563598633,237.9180908203125,351.0688781738281
DamageCon7.jpg,DAMAGE - RUST,0.000475619628559798,307.29876708984375,151.823974609375,407.42822265625,428.3124694824219
DamageCon7.jpg,DAMAGE - RUST,0.0004553740727715194,346.7350158691406,228.52188110351562,448.75848388671875,378.61541748046875
DamageCon7.jpg,DENT,0.000452684034826234,307.5093994140625,444.486572265625,448.84912109375,638.6029663085938
DamageCon7.jpg,DAMAGE - RUST,0.0004501998773775995,336.605224609375,231.11932373046875,463.4739990234375,430.7582092285156
DamageCon7.jpg,DAMAGE - DEFRAME,0.0004473951703403145,318.6592102050781,215.86526489257812,498.03155517578125,445.92132568359375
DamageCon7.jpg,DENT,0.0004303668683860451,285.1799011230469,125.30083465576172,371.4953918457031,415.2098083496094
DamageCon7.jpg,DENT,0.0004300205910112709,243.92495727539062,498.69171142578125,361.1557922363281,633.4816284179688
DamageCon7.jpg,DAMAGE - DEFRAME,0.0004090579168405384,289.3515319824219,343.2489929199219,550.3604736328125,639.8326416015625
DamageCon7.jpg,DAMAGE - DEFRAME,0.00039068973273970187,338.57147216796875,166.2882080078125,472.3497314453125,351.0415954589844
DamageCon7.jpg,DAMAGE - DEFRAME,0.0003843922750093043,341.1509094238281,208.3324737548828,509.3121337890625,396.6028137207031
DamageCon7.jpg,DAMAGE - DEFRAME,0.00038185063749551773,305.2440490722656,252.64251708984375,618.2388305664062,631.954833984375
DamageCon7.jpg,DAMAGE - RUST,0.0003700622182805091,288.9768981933594,159.3420867919922,429.9725646972656,473.9695129394531
DamageCon7.jpg,DENT,0.00036074407398700714,0.7059891819953918,584.364990234375,51.76101303100586,639.6015014648438
DamageCon7.jpg,DENT,0.0003577842144295573,147.42616271972656,501.2486572265625,361.6475524902344,637.8563232421875
DamageCon7.jpg,DAMAGE - RUST,0.00035468966234475374,336.4902038574219,247.0257568359375,439.37890625,461.468994140625
DamageCon7.jpg,DAMAGE - DEFRAME,0.00035200745332986116,0.0,19.85787582397461,328.5331115722656,140.7185516357422
DamageCon7.jpg,DAMAGE - RUST,0.0003406793111935258,274.0587158203125,34.72101593017578,397.58428955078125,321.8377685546875
DamageCon7.jpg,DENT,0.0003382172726560384,0.3171730041503906,66.6657485961914,54.509605407714844,262.62664794921875
DamageCon7.jpg,DAMAGE - RUST,0.0003335330111440271,325.2763366699219,145.54360961914062,455.7603759765625,575.5557250976562
DamageCon7.jpg,DAMAGE - RUST,0.0003247032000217587,244.59446716308594,33.31288528442383,359.7839660644531,188.53965759277344
DamageCon7.jpg,DENT,0.00031998418853618205,143.04444885253906,379.3149719238281,299.6754150390625,636.530517578125
DamageCon7.jpg,DAMAGE - RUST,0.00031740101985633373,361.1215515136719,597.1743774414062,563.2229614257812,639.891845703125
DamageCon7.jpg,DAMAGE - DEFRAME,0.00031108170514926314,349.44354248046875,205.22996520996094,444.28857421875,358.73211669921875
DamageCon7.jpg,DENT,0.00030701892683282495,176.62301635742188,416.5944519042969,546.4728393554688,639.5296020507812
DamageCon7.jpg,DENT,0.000303392531350255,252.41036987304688,194.34014892578125,401.9300842285156,640.0
DamageCon7.jpg,DENT,0.0002996680559590459,322.9593200683594,219.82803344726562,437.8958435058594,618.7098388671875
DamageCon7.jpg,DAMAGE - DEFRAME,0.00028349956846795976,224.27163696289062,27.583160400390625,377.5152587890625,128.5219268798828
DamageCon7.jpg,DENT,0.0002764756209217012,322.7919616699219,391.64794921875,538.9456787109375,636.7438354492188
DamageCon7.jpg,DENT,0.0002707849198486656,183.71939086914062,296.2630310058594,359.6995849609375,624.94873046875
DamageCon7.jpg,DENT,0.0002656797878444195,314.11248779296875,238.30677795410156,402.32568359375,413.75567626953125
DamageCon7.jpg,DAMAGE - RUST,0.00026422072551213205,337.5394592285156,208.79449462890625,438.5577697753906,518.9248046875
DamageCon7.jpg,DAMAGE - RUST,0.0002614157856442034,326.2420654296875,149.2530517578125,423.1054992675781,327.1385803222656
DamageCon7.jpg,DAMAGE - RUST,0.00025894780992530286,605.175537109375,437.3919982910156,640.0,577.0414428710938
DamageCon7.jpg,DAMAGE - DEFRAME,0.00024755531921982765,346.6416320800781,234.14280700683594,569.12841796875,464.7049255371094
DamageCon7.jpg,DAMAGE - DEFRAME,0.0002471459156367928,6.193186283111572,1.7147254943847656,549.4602661132812,75.15389251708984
DamageCon7.jpg,DAMAGE - DEFRAME,0.0002470900653861463,428.7702941894531,269.3630676269531,625.8316650390625,616.5916748046875
DamageCon7.jpg,DENT,0.0002407603751635179,272.1052551269531,425.31158447265625,402.3896789550781,636.7987060546875
DamageCon7.jpg,DENT,0.0002381454105488956,334.1201171875,205.29916381835938,429.9729919433594,562.0924072265625
DamageCon7.jpg,DENT,0.00022953534789849073,365.8838806152344,513.8991088867188,527.223388671875,637.7986450195312
DamageCon7.jpg,DENT,0.00022642874682787806,90.59197235107422,9.612687110900879,389.68896484375,83.16439056396484
DamageCon7.jpg,DAMAGE - RUST,0.000218521076021716,584.1736450195312,432.1220703125,633.1356811523438,568.6001586914062
DamageCon7.jpg,DAMAGE - DEFRAME,0.00021847586322110146,259.00775146484375,28.739368438720703,394.1180419921875,261.6769714355469
DamageCon7.jpg,DENT,0.00021285425464157015,263.1929931640625,520.4404907226562,541.2193603515625,640.0
DamageCon7.jpg,DENT,0.00021262586233206093,273.5587463378906,479.9462890625,340.0272521972656,597.4716796875
DamageCon7.jpg,DAMAGE - DEFRAME,0.00021080583974253386,259.59222412109375,48.93239212036133,606.2003173828125,531.9190063476562
DamageCon7.jpg,DENT,0.00020905306155327708,116.15254211425781,11.977093696594238,322.83477783203125,78.54349517822266
DamageCon7.jpg,DAMAGE - RUST,0.00020867009880021214,109.13748168945312,6.683502197265625,470.6952819824219,80.75165557861328
DamageCon7.jpg,DAMAGE - RUST,0.00020395855244714767,79.2914810180664,2.1527099609375,586.4326782226562,71.34075927734375
DamageCon7.jpg,DENT,0.00020040938397869468,289.7983703613281,439.98504638671875,550.5523681640625,639.117919921875
DamageCon7.jpg,DENT,0.00020021303498651832,343.59857177734375,234.71038818359375,481.340576171875,520.0648193359375
DamageCon7.jpg,DENT,0.0001998923980863765,253.01548767089844,318.2403869628906,360.8238220214844,614.765380859375
DamageCon7.jpg,DAMAGE - DEFRAME,0.00019835756393149495,349.9578857421875,260.74420166015625,535.2322998046875,483.9255676269531
DamageCon7.jpg,DAMAGE - DEFRAME,0.00018636661116033792,480.5954895019531,94.57534790039062,640.0,583.0687255859375
DamageCon7.jpg,DENT,0.00018094127881340683,492.08056640625,277.47247314453125,542.0056762695312,333.9718017578125
DamageCon7.jpg,DAMAGE - DEFRAME,0.00017825310351327062,4.007288455963135,0.43160754442214966,364.8705139160156,88.8594970703125
DamageCon7.jpg,DAMAGE - DEFRAME,0.00017786939861252904,542.1806640625,282.4444580078125,638.2303466796875,562.8678588867188
DamageCon7.jpg,DENT,0.00016075414896477014,407.0228271484375,0.0,640.0,58.421119689941406
DamageCon7.jpg,DAMAGE - RUST,0.00015790337056387216,338.92657470703125,234.99612426757812,477.55877685546875,495.2400207519531
DamageCon7.jpg,DENT,0.00015471334336325526,239.56430053710938,447.8052673339844,331.359130859375,621.0510864257812
DamageCon7.jpg,DENT,0.00014766784443054348,321.53289794921875,273.06640625,552.77587890625,640.0
DamageCon7.jpg,DENT,0.00014737343008164316,476.5152893066406,103.29315185546875,640.0,595.5554809570312
DamageCon7.jpg,DAMAGE - DEFRAME,0.0001472162693971768,376.70245361328125,202.24649047851562,490.6144104003906,341.60784912109375
DamageCon7.jpg,DAMAGE - DEFRAME,0.00014641173765994608,75.68216705322266,355.6717224121094,603.2620239257812,639.411376953125
DamageCon7.jpg,DENT,0.00014407689741346985,257.5133361816406,40.617164611816406,393.9230651855469,149.28952026367188
DamageCon7.jpg,DENT,0.00013591446622740477,482.2157287597656,250.241943359375,561.2825927734375,339.7156066894531
DamageCon7.jpg,DAMAGE - DEFRAME,0.00013478774053510278,201.2575225830078,29.27561378479004,464.5639343261719,467.5325927734375
DamageCon7.jpg,DAMAGE - RUST,0.00013359646254684776,188.2629852294922,29.367700576782227,451.0715637207031,109.36136627197266
DamageCon7.jpg,DAMAGE - DEFRAME,0.0001320524315815419,375.14764404296875,257.0489501953125,609.3335571289062,489.9815673828125
DamageCon7.jpg,DAMAGE - RUST,0.0001315341651206836,538.58251953125,442.99029541015625,625.3499145507812,558.2301635742188
DamageCon7.jpg,DENT,0.00012714810145553201,606.6373291015625,169.65264892578125,640.0,280.8625793457031
DamageCon7.jpg,DAMAGE - DEFRAME,0.00012575724394991994,0.0,0.8902231454849243,640.0,94.29653930664062
DamageCon7.jpg,DENT,0.0001253507798537612,462.0758972167969,263.39556884765625,544.1541137695312,351.2500915527344
DamageCon7.jpg,DAMAGE - DEFRAME,0.00012227482511661947,319.0600891113281,107.32624816894531,621.7911987304688,602.4868774414062
DamageCon7.jpg,DAMAGE - DEFRAME,0.0001192678464576602,257.8611755371094,13.212738037109375,602.5214233398438,183.2652130126953
DamageCon7.jpg,DENT,0.00011910658213309944,12.382405281066895,10.683250427246094,412.12420654296875,67.89158630371094
DamageCon7.jpg,DENT,0.0001183158892672509,605.4564208984375,146.09356689453125,640.0,253.27435302734375
DamageCon7.jpg,DAMAGE - DEFRAME,0.00011741741764126346,537.2625122070312,346.6893615722656,638.5673217773438,606.7230834960938
DamageCon7.jpg,DAMAGE - DEFRAME,0.00011379388888599351,367.4374694824219,298.7900695800781,518.6910400390625,471.3654479980469
DamageCon7.jpg,DENT,0.00011250326497247443,492.5076599121094,263.0451965332031,595.9984741210938,351.0592956542969
DamageCon7.jpg,DAMAGE - DEFRAME,0.00011205550981685519,349.2228088378906,139.03831481933594,482.35137939453125,302.68023681640625
DamageCon7.jpg,DAMAGE - DEFRAME,0.00011086618178524077,538.0444946289062,128.6300048828125,637.9201049804688,579.5376586914062
DamageCon7.jpg,DENT,0.00011067679588450119,490.16259765625,230.279541015625,609.1031494140625,354.9668273925781
DamageCon7.jpg,DAMAGE - DEFRAME,0.00010923272202489898,421.66827392578125,88.14081573486328,627.138671875,600.611083984375
DamageCon7.jpg,DAMAGE - RUST,0.00010753890819614753,258.7284851074219,0.0,579.5001220703125,34.609371185302734
DamageCon7.jpg,DENT,0.0001063676827470772,316.8148193359375,47.124366760253906,457.76971435546875,137.37852478027344
DamageCon7.jpg,DAMAGE - RUST,0.00010610227036522701,603.7953491210938,77.47798919677734,640.0,158.28387451171875
DamageCon7.jpg,DENT,0.00010453460708959028,0.0,0.0,454.0021057128906,167.89849853515625
DamageCon7.jpg,DENT,0.00010351250966778025,226.78643798828125,31.192651748657227,534.198486328125,106.83575439453125
DamageCon7.jpg,DAMAGE - RUST,0.00010096227924805135,0.16780216991901398,0.3753153383731842,69.06283569335938,37.70192337036133
DamageCon7.jpg,DAMAGE - RUST,0.00010052238940261304,330.227294921875,120.56055450439453,428.79266357421875,251.4265899658203
DamageCon7.jpg,DENT,9.996691369451582e-05,607.5979614257812,149.4903564453125,640.0,360.1316223144531
DamageCon7.jpg,DENT,9.796657104743645e-05,602.929443359375,106.52336120605469,640.0,243.2027587890625
DamageCon7.jpg,DAMAGE - DEFRAME,9.787169983610511e-05,476.0321350097656,349.771728515625,594.9468383789062,479.6336364746094
DamageCon7.jpg,DENT,9.761557157617062e-05,342.85113525390625,459.8008728027344,535.285400390625,633.8366088867188
DamageCon7.jpg,DENT,9.743402915773913e-05,584.4813842773438,449.95928955078125,631.3844604492188,575.42236328125
DamageCon7.jpg,DENT,9.655499161453918e-05,329.4803771972656,47.899600982666016,503.95654296875,136.8761749267578
DamageCon7.jpg,DENT,9.461335139349103e-05,12.005462646484375,0.0,336.9132080078125,31.600666046142578
DamageCon7.jpg,DAMAGE - DEFRAME,9.235681500285864e-05,378.4531555175781,331.79229736328125,628.7698974609375,633.676513671875
DamageCon7.jpg,DENT,9.225313260685652e-05,602.4120483398438,86.3031005859375,640.0,205.11212158203125
DamageCon7.jpg,DAMAGE - DEFRAME,9.147576201939955e-05,307.3182067871094,527.1654052734375,586.8655395507812,640.0
DamageCon7.jpg,DENT,8.953962242230773e-05,194.03726196289062,24.47243881225586,604.6123657226562,113.22476196289062
DamageCon7.jpg,DAMAGE - RUST,8.875059575075284e-05,60.85810089111328,0.002613067626953125,601.4177856445312,31.02560043334961
DamageCon7.jpg,DAMAGE - RUST,8.826099656289443e-05,570.9113159179688,426.3415832519531,632.4591674804688,508.2859191894531
DamageCon7.jpg,DAMAGE - RUST,8.680438622832298e-05,519.8628540039062,453.9908752441406,595.936279296875,560.0421142578125
DamageCon7.jpg,DENT,8.678394078742713e-05,452.6007080078125,266.3440856933594,559.0380859375,404.447509765625
DamageCon7.jpg,DAMAGE - RUST,8.666948269819841e-05,545.813720703125,435.888671875,615.8057250976562,497.138671875
DamageCon7.jpg,DENT,8.65173788042739e-05,0.0,17.3063907623291,369.3789367675781,348.4469299316406
DamageCon7.jpg,DAMAGE - RUST,8.627030911156908e-05,603.575927734375,391.3367614746094,640.0,541.6754150390625
NewCon1.png,DAMAGE - DEFRAME,0.004329838789999485,368.8622741699219,424.75543212890625,991.1319580078125,699.1150512695312
NewCon1.png,DAMAGE - DEFRAME,0.0036898578982800245,277.93756103515625,439.5514831542969,882.6508178710938,698.3961791992188
NewCon1.png,DAMAGE - DEFRAME,0.0035756241995841265,8.337530136108398,9.551286697387695,1005.0,650.0816650390625
NewCon1.png,DAMAGE - DEFRAME,0.0022982934024184942,51.751075744628906,386.6134033203125,1000.2655029296875,700.0
NewCon1.png,DAMAGE - DEFRAME,0.00174161687027663,342.8185119628906,0.0,996.1382446289062,195.64605712890625
NewCon1.png,DAMAGE - DEFRAME,0.001666116644628346,0.0,462.594482421875,891.8392944335938,700.0
NewCon1.png,DAMAGE - DEFRAME,0.0014754898147657514,280.85858154296875,13.998151779174805,982.6456909179688,645.8954467773438
NewCon1.png,DAMAGE - DEFRAME,0.0014142420841380954,408.8074035644531,400.77020263671875,901.57666015625,677.31201171875
NewCon1.png,DAMAGE - DEFRAME,0.0011269532842561603,346.4403991699219,0.4650473892688751,999.057861328125,125.29643249511719
NewCon1.png,DAMAGE - DEFRAME,0.0009756381041370332,112.93427276611328,0.0,1005.0,699.4306030273438
NewCon1.png,DAMAGE - DEFRAME,0.0009063972975127399,105.2681884765625,0.0,1001.2914428710938,184.38784790039062
NewCon1.png,DENT,0.0008962153806351125,717.8425903320312,348.62933349609375,759.83349609375,427.2486267089844
NewCon1.png,DAMAGE - RUST,0.0008429840090684593,236.7602081298828,0.0,990.7503662109375,258.0963134765625
NewCon1.png,DAMAGE - DEFRAME,0.0007735267863608897,398.88421630859375,453.34686279296875,779.575927734375,692.8305053710938
NewCon1.png,DENT,0.0007194441859610379,420.0844421386719,432.22003173828125,1005.0,700.0
NewCon1.png,DAMAGE - DEFRAME,0.0007167396834120154,29.503847122192383,536.6838989257812,816.8473510742188,699.9219360351562
NewCon1.png,DAMAGE - DEFRAME,0.0007129780715331435,186.42300415039062,528.9856567382812,901.563232421875,700.0
NewCon1.png,DENT,0.0006684650434181094,381.4181823730469,176.5597381591797,423.1612243652344,248.08290100097656
NewCon1.png,DAMAGE - DEFRAME,0.0006602630601264536,210.17437744140625,196.90777587890625,1005.0,700.0
NewCon1.png,DENT,0.000659331155475229,710.8986206054688,313.71893310546875,761.55859375,445.43804931640625
NewCon1.png,DENT,0.0006513893022201955,247.72706604003906,527.5353393554688,939.0515747070312,700.0
NewCon1.png,DENT,0.0006133047281764448,378.8385925292969,406.326416015625,417.5244140625,501.11224365234375
NewCon1.png,DENT,0.0006009073695167899,645.6339721679688,423.82464599609375,1005.0,700.0
NewCon1.png,DAMAGE - DEFRAME,0.0005723998183384538,100.25908660888672,0.7348299622535706,939.4093017578125,120.55452728271484
NewCon1.png,DENT,0.00048579717986285686,714.0516357421875,338.75830078125,764.4625854492188,462.962646484375
NewCon1.png,DAMAGE - DEFRAME,0.00048234581481665373,56.8909912109375,1.5870134830474854,494.0926513671875,241.237060546875
NewCon1.png,DENT,0.0004805690550711006,716.2048950195312,302.7444763183594,763.3846435546875,415.25811767578125
NewCon1.png,DAMAGE - DEFRAME,0.0004732934175990522,275.6717224121094,9.118213653564453,700.3517456054688,186.59518432617188
NewCon1.png,DENT,0.0004700215649791062,379.09259033203125,513.1903076171875,1005.0,700.0
NewCon1.png,DENT,0.0004657442041207105,314.9566650390625,367.64093017578125,361.5788879394531,425.4803771972656
NewCon1.png,DAMAGE - DEFRAME,0.00046528244274668396,524.9281616210938,352.4129638671875,999.4788818359375,665.2432250976562
NewCon1.png,DAMAGE - DEFRAME,0.0004650215560104698,436.95074462890625,338.90130615234375,836.8187866210938,579.7491455078125
NewCon1.png,DAMAGE - DEFRAME,0.0004534754843916744,429.851318359375,336.1549072265625,918.08203125,637.5751342773438
NewCon1.png,DAMAGE - DEFRAME,0.0004390089015942067,344.1087341308594,20.727542877197266,692.9923706054688,170.28895568847656
NewCon1.png,DAMAGE - DEFRAME,0.0004271317448001355,290.9815368652344,0.0,779.1835327148438,134.60935974121094
NewCon1.png,DENT,0.00042302734800614417,667.1171264648438,304.03338623046875,708.0426635742188,361.1629333496094
NewCon1.png,DENT,0.0003943763149436563,376.2801513671875,376.0126953125,419.81048583984375,509.1272277832031
NewCon1.png,DAMAGE - DEFRAME,0.0003901675227098167,387.87371826171875,130.90943908691406,996.3855590820312,698.3770141601562
NewCon1.png,DAMAGE - DEFRAME,0.0003840684948954731,39.093631744384766,0.0,788.0349731445312,190.6417999267578
NewCon1.png,DAMAGE - DEFRAME,0.00038105607382021844,421.24700927734375,445.05096435546875,857.0760498046875,609.2113647460938
NewCon1.png,DAMAGE - RUST,0.00038077356293797493,371.41717529296875,126.78121185302734,423.15545654296875,431.43084716796875
NewCon1.png,DAMAGE - DEFRAME,0.0003725096466951072,415.3119201660156,456.0797119140625,772.2059326171875,577.8245849609375
NewCon1.png,DAMAGE - DEFRAME,0.000362863065674901,0.0,458.0596923828125,590.845947265625,700.0
NewCon1.png,DENT,0.00035940599627792835,700.24169921875,297.2834167480469,760.5322265625,417.26629638671875
NewCon1.png,DAMAGE - RUST,0.00032995009678415954,34.572471618652344,0.0,908.6859741210938,268.5585632324219
NewCon1.png,DENT,0.0003284373669885099,390.43853759765625,183.29786682128906,442.41546630859375,244.88893127441406
NewCon1.png,DENT,0.00032793928403407335,666.301025390625,297.902587890625,745.2240600585938,434.6429138183594
NewCon1.png,DAMAGE - DEFRAME,0.0003186888061463833,175.3525390625,0.0,637.8333129882812,129.53404235839844
NewCon1.png,DAMAGE - DEFRAME,0.00031670884345658123,358.81756591796875,474.5479736328125,711.4442138671875,685.2857055664062
NewCon1.png,DAMAGE - DEFRAME,0.0003095990978181362,382.1922302246094,12.553289413452148,777.267822265625,180.40599060058594
NewCon1.png,DENT,0.00030257130856625736,311.52593994140625,369.69940185546875,373.72479248046875,511.8785095214844
NewCon1.png,DAMAGE - DEFRAME,0.0002928217872977257,338.3153381347656,486.7727355957031,661.445556640625,662.6948852539062
NewCon1.png,DENT,0.0002918646496254951,296.902099609375,364.97216796875,355.8880310058594,430.8673095703125
NewCon1.png,DAMAGE - DEFRAME,0.0002894490899052471,549.8700561523438,0.0,981.4220581054688,146.8013153076172
NewCon1.png,DENT,0.00028070001280866563,666.1062622070312,273.33819580078125,714.3704223632812,368.440185546875
NewCon1.png,DENT,0.00027719113859348,711.1519165039062,209.4019775390625,755.0648193359375,273.7352294921875
NewCon1.png,DENT,0.00027610367396846414,315.6888732910156,382.384765625,358.9702453613281,443.4404602050781
NewCon1.png,DAMAGE - DEFRAME,0.0002750524436123669,131.60391235351562,13.356378555297852,484.4009704589844,212.9956512451172
NewCon1.png,DAMAGE - DEFRAME,0.0002643104235175997,562.9745483398438,0.0,1005.0,238.1435089111328
NewCon1.png,DENT,0.00025913797435350716,722.7807006835938,210.92596435546875,761.207275390625,270.7834777832031
NewCon1.png,DENT,0.0002571721561253071,359.7574157714844,357.4324951171875,412.6241149902344,516.6229248046875
NewCon1.png,DENT,0.0002495340013410896,708.0906982421875,205.9959716796875,756.9449462890625,390.5273742675781
NewCon1.png,DAMAGE - DEFRAME,0.00024841073900461197,668.5120849609375,432.787841796875,918.6653442382812,622.877197265625
NewCon1.png,DENT,0.00024675598251633346,720.3192749023438,200.96958923339844,765.3592529296875,382.860595703125
NewCon1.png,DAMAGE - DEFRAME,0.000244895025389269,146.90980529785156,0.0,616.16552734375,173.58399963378906
NewCon1.png,DENT,0.00024351640604436398,578.9894409179688,189.7433624267578,639.0470581054688,261.9294738769531
NewCon1.png,DENT,0.0002432203182252124,714.2730712890625,209.09347534179688,766.3750610351562,441.0397033691406
NewCon1.png,DAMAGE - DEFRAME,0.00024309003492817283,443.7584228515625,0.0,921.6452026367188,141.8250732421875
NewCon1.png,DENT,0.00024143805785570294,297.2530517578125,377.87188720703125,354.8990173339844,443.9158020019531
NewCon1.png,DENT,0.00024030949862208217,374.4240417480469,395.5677490234375,458.2777404785156,533.0357666015625
NewCon1.png,DENT,0.0002385417028563097,459.4740295410156,195.27719116210938,769.4931640625,489.1793212890625
NewCon1.png,DENT,0.00023531568876933306,432.35986328125,405.0098571777344,502.9190673828125,529.2805786132812
NewCon1.png,DAMAGE - DEFRAME,0.0002345811517443508,634.3950805664062,426.5293884277344,880.4472045898438,571.6080932617188
NewCon1.png,DENT,0.00023017707280814648,640.6980590820312,304.48004150390625,694.022705078125,367.12689208984375
NewCon1.png,DENT,0.00022968622215557843,632.001708984375,264.111572265625,703.718505859375,387.3601989746094
NewCon1.png,DENT,0.00022804527543485165,605.7351684570312,489.6363830566406,1005.0,700.0
NewCon1.png,DAMAGE - DEFRAME,0.0002276961167808622,504.04931640625,465.3634338378906,847.1961669921875,566.166015625
NewCon1.png,DAMAGE - DEFRAME,0.00022699337569065392,511.08203125,463.6746826171875,839.727294921875,671.0498046875
NewCon1.png,DENT,0.00022612973407376558,482.6364440917969,390.842529296875,547.1405029296875,448.0715637207031
NewCon1.png,DENT,0.00022505447850562632,1.4164766073226929,536.9063110351562,543.7161865234375,699.6795654296875
NewCon1.png,DENT,0.00022504955995827913,380.68524169921875,389.3290100097656,449.678466796875,514.455078125
NewCon1.png,DENT,0.0002247664815513417,699.9750366210938,242.23036193847656,759.0621948242188,408.2364501953125
NewCon1.png,DENT,0.00022364033793564886,697.5203247070312,389.7412414550781,761.2343139648438,475.8986511230469
NewCon1.png,DENT,0.0002236377913504839,375.7120666503906,402.7447814941406,421.5635681152344,528.9942626953125
NewCon1.png,DENT,0.00022306854953058064,286.7371520996094,375.7378234863281,361.42889404296875,507.07659912109375
NewCon1.png,DENT,0.0002222046023234725,510.7720642089844,187.57211303710938,639.6345825195312,265.0720520019531
NewCon1.png,DAMAGE - DEFRAME,0.00022177494247443974,163.78948974609375,61.83772659301758,433.7106628417969,259.154296875
NewCon1.png,DENT,0.00021857359388377517,458.7942199707031,376.52154541015625,512.05224609375,479.6427307128906
NewCon1.png,DENT,0.00021553412079811096,515.7576904296875,5.402994155883789,990.6744995117188,247.23793029785156
NewCon1.png,DAMAGE - DEFRAME,0.00021445237507577986,416.6368103027344,331.3123779296875,778.8511962890625,550.4261474609375
NewCon1.png,DENT,0.00021404035214800388,393.6796569824219,385.21099853515625,453.1217041015625,480.20660400390625
NewCon1.png,DENT,0.000213702252949588,487.7706298828125,186.3961639404297,622.4833374023438,261.8294677734375
NewCon1.png,DAMAGE - DEFRAME,0.00020954635692760348,85.17991638183594,0.0,535.6542358398438,132.60140991210938
NewCon1.png,DENT,0.0002094538795063272,571.66796875,204.5673065185547,819.740234375,457.4890441894531
NewCon1.png,DENT,0.00020924050477333367,418.8238830566406,192.8997802734375,661.3839721679688,499.4890441894531
NewCon1.png,DENT,0.00020921556279063225,458.5636901855469,178.86734008789062,506.3493957519531,258.6572570800781
NewCon1.png,DAMAGE - RUST,0.00020907259022351354,375.4339294433594,159.37974548339844,420.0918273925781,315.11767578125
NewCon1.png,DENT,0.0002063471038127318,599.2294921875,203.455078125,657.041748046875,270.072021484375
NewCon1.png,DENT,0.00020602723816409707,436.4193420410156,371.0217590332031,494.55218505859375,518.8147583007812
NewCon1.png,DENT,0.00020415564358700067,442.7283935546875,275.1474914550781,702.5421752929688,525.437255859375
NewCon1.png,DENT,0.00019700628763530403,639.5653076171875,317.49346923828125,690.3221435546875,409.89239501953125
NewCon1.png,DENT,0.00019569187134038657,385.02398681640625,163.20751953125,587.921142578125,521.1924438476562
NewCon1.png,DENT,0.00019147201965097338,384.650634765625,148.18292236328125,451.303955078125,338.140869140625
NewCon1.png,DENT,0.00019110848370473832,438.2947082519531,381.3152770996094,488.6018371582031,474.958251953125
NewCon1.png,DAMAGE - DEFRAME,0.00019106239778921008,363.78509521484375,76.08200073242188,759.2405395507812,209.62217712402344
NewCon1.png,DAMAGE - DEFRAME,0.00019056153541896492,691.4959716796875,199.3700714111328,887.8121948242188,478.1261291503906
NewCon1.png,DAMAGE - DEFRAME,0.00018974021077156067,216.99957275390625,18.753732681274414,545.254150390625,215.59231567382812
NewCon1.png,DAMAGE - DEFRAME,0.0001886482787085697,345.6336975097656,109.31168365478516,485.69561767578125,528.521484375
NewCon1.png,DAMAGE - DEFRAME,0.00018859971896745265,269.3533630371094,94.48080444335938,380.08636474609375,184.9871368408203
NewCon1.png,DAMAGE - RUST,0.00018739084771368653,360.91143798828125,180.70619201660156,406.6551208496094,343.11077880859375
NewCon1.png,DENT,0.00018472291412763298,665.923828125,201.15025329589844,724.5615844726562,400.09149169921875
NewCon1.png,DENT,0.0001836206065490842,267.4079895019531,0.0,750.2850341796875,79.96756744384766
NewCon1.png,DENT,0.0001833927963161841,706.505126953125,340.7117919921875,820.9841918945312,468.0321350097656
NewCon1.png,DENT,0.00018323794938623905,309.5009765625,332.47003173828125,369.6463928222656,426.73046875
NewCon1.png,DENT,0.00018292441382072866,567.479736328125,281.3641052246094,843.0855102539062,527.0223388671875
NewCon1.png,DAMAGE - DEFRAME,0.0001815229479689151,181.84217834472656,566.5922241210938,564.6411743164062,699.5839233398438
NewCon1.png,DENT,0.000179103939444758,354.62750244140625,0.0,838.2830200195312,77.9177474975586
NewCon1.png,DENT,0.0001785206695785746,580.1177978515625,205.3643798828125,635.6212768554688,269.0419006347656
NewCon1.png,DENT,0.00017787126125767827,645.1502075195312,204.19314575195312,868.0335693359375,451.2698059082031
NewCon1.png,DAMAGE - DEFRAME,0.00017496140208095312,219.42453002929688,30.4486083984375,459.8183288574219,211.3601837158203
NewCon1.png,DENT,0.0001743976172292605,456.59619140625,275.8197326660156,788.35302734375,540.7350463867188
NewCon1.png,DAMAGE - DEFRAME,0.00017382997612003237,649.3124389648438,441.05389404296875,831.2513427734375,537.5972900390625
NewCon1.png,DENT,0.0001721596927382052,363.1673583984375,125.56045532226562,411.6280212402344,273.1643981933594
NewCon1.png,DAMAGE - DEFRAME,0.0001719961001072079,20.10548973083496,58.31325149536133,781.6931762695312,690.7698974609375
NewCon1.png,DENT,0.0001706921902950853,432.12542724609375,176.4461669921875,488.7248229980469,251.85581970214844
NewCon1.png,DENT,0.0001702726149233058,456.3419189453125,376.7907409667969,513.783447265625,517.994140625
NewCon1.png,DENT,0.00017014829791150987,457.66448974609375,172.36830139160156,508.20745849609375,323.9313659667969
NewCon1.png,DAMAGE - DEFRAME,0.00016981911903712898,6.578032493591309,0.1597861498594284,773.4685668945312,108.75955200195312
NewCon1.png,DAMAGE - DEFRAME,0.0001696289546089247,631.9613037109375,275.7431945800781,876.7700805664062,521.5375366210938
NewCon1.png,DENT,0.00016961165238171816,360.61895751953125,134.21652221679688,415.31683349609375,445.55999755859375
NewCon1.png,DAMAGE - DEFRAME,0.00016932014841586351,682.6715087890625,441.78515625,999.507568359375,688.2369384765625
NewCon1.png,DENT,0.00016882426280062646,637.6715087890625,344.7992248535156,686.33203125,428.5189514160156
NewCon1.png,DENT,0.00016758753918111324,312.3924865722656,117.72944641113281,375.505859375,263.0322265625
NewCon1.png,DENT,0.00016563144163228571,435.9368896484375,155.99758911132812,494.1844482421875,360.2588195800781
NewCon1.png,DAMAGE - DEFRAME,0.0001649984042160213,432.4467468261719,465.6312255859375,654.2132568359375,541.80078125
NewCon1.png,DAMAGE - DEFRAME,0.00016459738253615797,0.626238226890564,389.283447265625,669.6937255859375,700.0
NewCon1.png,DENT,0.00016304751625284553,455.937255859375,442.591552734375,515.9835815429688,518.0677490234375
NewCon1.png,DENT,0.00016270180640276521,315.85247802734375,175.0399169921875,370.6747131347656,282.20166015625
NewCon1.png,DENT,0.00016257169772870839,292.4172668457031,648.8758544921875,722.0850830078125,700.0
NewCon1.png,DAMAGE - DEFRAME,0.00016183164552785456,637.9954223632812,470.382568359375,837.6267700195312,569.8573608398438
NewCon1.png,DENT,0.00015891082875896245,628.9296264648438,207.39425659179688,688.32177734375,270.73028564453125
NewCon1.png,DENT,0.00015861852443777025,114.83057403564453,610.2664794921875,653.027099609375,700.0
NewCon1.png,DENT,0.0001583676494192332,478.67718505859375,0.0,949.7122802734375,76.66815948486328
NewCon1.png,DENT,0.00015835768135730177,256.525634765625,609.7559814453125,801.083740234375,700.0
NewCon1.png,DAMAGE - DEFRAME,0.00015828506730031222,354.500244140625,1.7898997068405151,1000.1165161132812,319.8351745605469
NewCon1.png,DAMAGE - DEFRAME,0.00015817538951523602,230.12277221679688,69.8463363647461,380.13043212890625,190.32003784179688
NewCon1.png,DAMAGE - DEFRAME,0.00015766025171615183,235.3406219482422,547.736328125,534.2513427734375,700.0
NewCon1.png,DENT,0.00015718680515419692,358.2411804199219,0.0,829.6327514648438,47.61859893798828
NewCon1.png,DAMAGE - DEFRAME,0.00015682869707234204,204.61358642578125,50.26594924926758,403.0132751464844,580.6161499023438
NewCon1.png,DENT,0.00015663157682865858,287.9869079589844,329.0771484375,361.24560546875,426.87872314453125
NewCon1.png,DENT,0.00015546013310085982,552.3659057617188,157.9514617919922,651.4367065429688,240.35707092285156
NewCon1.png,DENT,0.00015538559819106013,358.4912414550781,288.80230712890625,406.6602478027344,468.09100341796875
NewCon1.png,DAMAGE - RUST,0.00015417818212881684,359.9295654296875,169.61070251464844,411.1592712402344,490.2082824707031
NewCon1.png,DENT,0.00015343124687206,0.0,603.1045532226562,468.42156982421875,700.0
NewCon1.png,DENT,0.00015334979980252683,378.0215148925781,83.1750259399414,462.4239196777344,460.25872802734375
NewCon1.png,DENT,0.0001501185615779832,267.71820068359375,0.0,748.6465454101562,47.41129684448242
NewCon1.png,DENT,0.00014992630167398602,710.6582641601562,346.5792541503906,806.0534057617188,441.85125732421875
NewCon1.png,DAMAGE - DEFRAME,0.00014919726527296007,449.62335205078125,442.3412170410156,732.5478515625,525.1328735351562
NewCon1.png,DENT,0.00014897677465341985,467.0721740722656,147.26931762695312,705.2640991210938,258.1492614746094
NewCon1.png,DENT,0.00014884230040479451,371.9400634765625,291.79034423828125,423.9991149902344,525.8084106445312
NewCon1.png,DAMAGE - DEFRAME,0.0001487280969740823,405.5238037109375,566.8659057617188,800.5942993164062,699.8171997070312
NewCon1.png,DENT,0.00014720490435138345,377.7021484375,280.156005859375,420.7532043457031,398.5395812988281
NewCon1.png,DAMAGE - DEFRAME,0.00014667374489363283,0.0,27.83719825744629,422.78216552734375,693.868408203125
NewCon1.png,DENT,0.0001462041400372982,596.9959106445312,187.31832885742188,657.2186889648438,260.6226806640625
NewCon1.png,DENT,0.0001455466408515349,453.862548828125,377.7556457519531,636.9694213867188,513.4674072265625
NewCon1.png,DENT,0.0001443427026970312,508.9203186035156,0.0,967.1435546875,47.13671112060547
NewCon1.png,DENT,0.00014387165720108896,355.5195617675781,336.7041015625,405.83380126953125,485.810302734375
NewCon1.png,DENT,0.00014377071056514978,666.90771484375,208.393798828125,719.5628051757812,275.0693359375
NewCon1.png,DENT,0.0001434382429579273,777.8147583007812,377.867919921875,838.677734375,457.2118225097656
NewCon1.png,DENT,0.00014230140368454158,248.2229766845703,343.8609619140625,307.9908142089844,446.84112548828125
NewCon1.png,DENT,0.0001408840180374682,202.31407165527344,0.0,654.25830078125,84.03337860107422
NewCon1.png,DAMAGE - DEFRAME,0.00013981288066133857,439.39862060546875,11.50948429107666,846.8908081054688,193.58181762695312
NewCon1.png,DENT,0.00013970892177894711,0.0,551.700439453125,423.6671447753906,700.0
NewCon1.png,DAMAGE - DEFRAME,0.000138809802592732,162.90054321289062,543.2218627929688,486.8649597167969,700.0
NewCon1.png,DAMAGE - DEFRAME,0.00013858590682502836,109.92057800292969,570.9534301757812,508.017333984375,699.6412963867188
NewCon1.png,DENT,0.0001385618670610711,737.7576904296875,197.53958129882812,830.1649169921875,332.66650390625
NewCon1.png,DENT,0.0001383143535349518,665.7451171875,342.2344970703125,749.122314453125,470.2042541503906
NewCon1.png,DAMAGE - DEFRAME,0.0001377960725221783,634.9351196289062,460.5881042480469,881.7128295898438,600.8052978515625
NewCon1.png,DENT,0.0001372199330944568,476.0803527832031,608.6553955078125,1005.0,700.0
NewCon1.png,DAMAGE - DEFRAME,0.00013664332800544798,0.0,0.0,784.5642700195312,274.4055480957031
NewCon1.png,DENT,0.0001359362358925864,625.7025756835938,0.0,1005.0,185.91574096679688
NewCon1.png,DENT,0.00013445924560073763,383.96697998046875,650.5166015625,808.2208862304688,700.0
NewCon1.png,DAMAGE - DEFRAME,0.0001342335162917152,421.87554931640625,83.34236145019531,817.6703491210938,360.262939453125
NewCon1.png,DENT,0.0001330293744103983,435.2221374511719,352.33941650390625,490.91925048828125,464.78558349609375
NewCon1.png,DENT,0.0001324216282228008,344.9267883300781,556.1676635742188,743.1458740234375,699.8806762695312
NewCon1.png,DENT,0.0001323890610365197,477.3235778808594,359.97943115234375,582.0338134765625,466.165771484375
NewCon1.png,DAMAGE - RUST,0.00013202033005654812,379.4917297363281,144.7826385498047,425.8634033203125,250.8157196044922
NewCon1.png,DENT,0.0001310489169554785,183.8448944091797,0.0,663.8618774414062,48.28607177734375
NewCon1.png,DENT,0.00013091540313325822,591.3884887695312,178.47889709472656,669.9303588867188,374.2580261230469
NewCon1.png,DENT,0.000130853004520759,392.1828918457031,205.20285034179688,455.96661376953125,376.96392822265625
NewCon1.png,DENT,0.00013046876119915396,372.3170166015625,463.52642822265625,427.7757873535156,533.4500122070312
NewCon1.png,DENT,0.00013036106247454882,591.6096801757812,0.0,990.8634033203125,76.44190979003906
NewCon1.png,DAMAGE - DEFRAME,0.00013018777826800942,624.4138793945312,476.236328125,807.7714233398438,557.5597534179688
NewCon1.png,DENT,0.00012960005551576614,426.0910949707031,254.02919006347656,498.3014831542969,487.2583923339844
NewCon1.png,DENT,0.00012912933016195893,0.0,501.2782897949219,361.4142761230469,700.0
NewCon1.png,DAMAGE - DEFRAME,0.00012845301534980536,269.1213684082031,102.68788146972656,446.224365234375,532.3192749023438
NewCon1.png,DENT,0.00012816928210668266,457.6540222167969,271.2198486328125,509.1239318847656,409.05364990234375
NewCon1.png,DENT,0.00012810916814487427,401.8505554199219,299.8229675292969,450.19940185546875,370.940185546875
NewCon1.png,DAMAGE - DEFRAME,0.00012676446931436658,250.45367431640625,573.2568969726562,625.6106567382812,699.6043701171875
NewCon1.png,DAMAGE - DEFRAME,0.00012648964184336364,452.49859619140625,430.1857604980469,820.8272094726562,549.0115966796875
NewCon1.png,DENT,0.0001260706048924476,218.1090850830078,349.00213623046875,272.14520263671875,439.5584411621094
NewCon1.png,DENT,0.00012606916425283998,653.6301879882812,381.388427734375,771.4267578125,485.0060729980469
NewCon1.png,DENT,0.00012601760681718588,456.3515930175781,440.16546630859375,658.1873168945312,528.7828979492188
NewCon1.png,DAMAGE - DEFRAME,0.00012599093315657228,244.32093811035156,99.1260757446289,367.6128234863281,205.91123962402344
NewCon1.png,DENT,0.00012598204193636775,444.1569519042969,371.3728332519531,677.0844116210938,524.6390991210938
NewCon1.png,DENT,0.00012555629655253142,618.0406494140625,190.04676818847656,707.0255737304688,403.1439514160156
NewCon1.png,DENT,0.0001252389483852312,252.86349487304688,351.694580078125,307.24420166015625,471.1397399902344
NewCon1.png,DENT,0.00012452031660359353,720.3348388671875,189.8507843017578,770.4953002929688,266.5627136230469
NewCon1.png,DAMAGE - DEFRAME,0.00012328990851528943,568.3966674804688,28.295639038085938,951.2135009765625,469.2324523925781
NewCon1.png,DENT,0.00012327037984505296,390.36614990234375,312.4217224121094,465.7806091308594,498.5003662109375
NewCon1.png,DENT,0.00012104569759685546,742.0430297851562,207.74496459960938,813.9939575195312,273.0216064453125
NewCon1.png,DAMAGE - DEFRAME,0.00012068497017025948,96.29789733886719,13.657523155212402,515.4246215820312,522.676513671875
NewCon1.png,DENT,0.00012045457697240636,486.33880615234375,650.959716796875,953.6658325195312,700.0
NewCon1.png,DENT,0.00012016169057460502,219.6832733154297,339.3487243652344,274.8736267089844,479.335693359375
NewCon1.png,DENT,0.00011996362445643172,637.3463134765625,357.3759765625,687.7355346679688,458.336669921875
NewCon1.png,DENT,0.00011946201993850991,707.8079223632812,187.5569610595703,765.1802368164062,272.05389404296875
NewCon1.png,DENT,0.00011913679190911353,318.17010498046875,189.06005859375,386.8672180175781,357.4767150878906
NewCon1.png,DAMAGE - DEFRAME,0.00011851643648697063,539.152587890625,71.31047821044922,881.3604736328125,217.25967407226562
NewCon1.png,DENT,0.00011826953414129093,333.75408935546875,614.0606079101562,906.0956420898438,700.0
NewCon1.png,DAMAGE - DEFRAME,0.000117954179586377,338.9322204589844,113.05530548095703,402.1787414550781,216.9187774658203
NewCon1.png,DENT,0.0001177609883598052,485.7037353515625,364.41668701171875,610.0401611328125,454.9093933105469
NewCon1.png,DENT,0.0001176499790744856,429.941162109375,287.9853820800781,492.4561767578125,392.7314453125
NewCon1.png,DAMAGE - RUST,0.00011668411752907559,0.0,16.36079978942871,60.62617492675781,661.0991821289062
NewCon1.png,DAMAGE - DEFRAME,0.00011546703171916306,147.63856506347656,272.92864990234375,513.4320678710938,608.00537109375
NewCon1.png,DENT,0.00011537149111973122,0.0,644.684814453125,433.2554626464844,700.0
NewCon1.png,DENT,0.00011449996964074671,522.194091796875,0.0,930.4212036132812,188.27487182617188
NewCon1.png,DENT,0.00011428888683440164,602.5126953125,229.26065063476562,680.0574340820312,424.8251037597656
NewCon1.png,DENT,0.00011395764158805832,231.7967529296875,651.5653686523438,620.7489624023438,699.8528442382812
NewCon1.png,DENT,0.00011382623051758856,436.9436950683594,253.0349578857422,493.3838195800781,362.642822265625
NewCon1.png,DENT,0.00011359613563399762,510.0092468261719,160.11009216308594,655.14453125,343.8529968261719
NewCon1.png,DENT,0.00011319907935103402,464.679443359375,383.05474853515625,573.104736328125,512.3945922851562
NewCon1.png,DENT,0.0001130061355070211,308.0312194824219,431.1373291015625,370.8362731933594,517.9716796875
NewCon1.png,DENT,0.00011265066132182255,492.6091003417969,392.0746765136719,590.0895385742188,446.8844909667969
NewCon1.png,DAMAGE - DEFRAME,0.00011251065734541044,341.56158447265625,298.61053466796875,649.3784790039062,534.317138671875
NewCon1.png,DENT,0.00011120701674371958,357.7659912109375,119.5643539428711,408.388427734375,243.8657989501953
NewCon1.png,DAMAGE - DEFRAME,0.00011111384810646996,283.3442687988281,27.58441162109375,624.6774291992188,522.3836669921875
NewCon1.png,DENT,0.00011108260514447466,707.74853515625,379.4068298339844,775.0400390625,475.86932373046875
NewCon1.png,DENT,0.00011064756836276501,462.6847229003906,445.3581848144531,576.6475219726562,518.4573974609375
NewCon1.png,DENT,0.00010998223297065124,0.0,359.41925048828125,248.7850799560547,700.0
NewCon1.png,DENT,0.00010976880002999678,585.3264770507812,154.10122680664062,668.0932006835938,235.97979736328125
NewCon1.png,DENT,0.00010974535689456388,454.2530822753906,241.7165985107422,515.6954956054688,496.7992248535156
NewCon1.png,DENT,0.00010964639659505337,460.4488220214844,159.12030029296875,641.0203857421875,333.3069763183594
NewCon1.png,DAMAGE - DEFRAME,0.0001093827304430306,422.1512756347656,80.68537139892578,677.7802124023438,204.1788330078125
NewCon1.png,DENT,0.00010917233157670125,473.6195068359375,290.37841796875,560.5057983398438,374.3043518066406
NewCon1.png,DAMAGE - DEFRAME,0.00010915724851656705,383.74658203125,80.01713562011719,715.25439453125,401.1752014160156
NewCon1.png,DENT,0.00010850076068891212,787.374267578125,357.9549255371094,834.9339599609375,437.1053771972656
NewCon1.png,DENT,0.00010602267866488546,27.259414672851562,3.262341260910034,956.4580688476562,340.4324951171875
NewCon1.png,DENT,0.00010590425517875701,460.81451416015625,259.94921875,505.7174377441406,356.6008605957031
NewCon1.png,DAMAGE - DEFRAME,0.00010579524678178132,441.446044921875,89.23670959472656,595.6241455078125,215.50827026367188
NewCon1.png,DENT,0.0001053407322615385,788.7633056640625,303.8937683105469,839.6436157226562,444.1207275390625
NewCon1.png,DAMAGE - DEFRAME,0.00010489598935237154,386.26123046875,91.99081420898438,527.0318603515625,228.62521362304688
NewCon1.png,DAMAGE - DEFRAME,0.00010483367077540606,375.8368225097656,123.42372131347656,428.4853515625,214.90184020996094
NewCon1.png,DENT,0.00010446753731230274,313.51776123046875,125.36724853515625,368.3304443359375,214.35198974609375
NewCon1.png,DAMAGE - DEFRAME,0.00010416057193651795,500.0783386230469,55.466644287109375,907.3992919921875,383.7588195800781
NewCon1.png,DENT,0.00010368954826844856,2.9388747215270996,594.7125854492188,342.0617980957031,699.8159790039062
NewCon1.png,DAMAGE - DEFRAME,0.00010312837548553944,277.9398498535156,194.3884735107422,435.18878173828125,488.36578369140625
NewCon1.png,DENT,0.00010258989641442895,458.4690246582031,339.1936950683594,514.0021362304688,496.24456787109375
NewCon1.png,DENT,0.00010234258661512285,109.89960479736328,0.0,547.6072998046875,47.586971282958984
NewCon1.png,DAMAGE - DEFRAME,0.00010215626389253885,211.97549438476562,158.96209716796875,381.73193359375,521.7135009765625
NewCon1.png,DENT,0.00010211837798124179,251.5011444091797,318.7650451660156,308.0406188964844,417.6315612792969
NewCon1.png,DENT,0.00010185890278080478,290.84326171875,209.43690490722656,355.54852294921875,282.09393310546875
NewCon1.png,DENT,0.00010179772652918473,282.46441650390625,443.81988525390625,349.0510559082031,513.4223022460938
NewCon1.png,DENT,0.00010169342567678541,281.232421875,123.54906463623047,362.8592224121094,193.09326171875
NewCon1.png,DENT,0.00010162819671677426,346.8249816894531,0.0,802.5469360351562,172.15142822265625
NewCon1.png,DENT,0.00010134076728718355,128.98609924316406,0.0,547.201904296875,82.70276641845703
NewCon1.png,DENT,0.00010046939860330895,250.21713256835938,377.36834716796875,304.3704528808594,500.74334716796875
NewCon1.png,DENT,0.00010009683319367468,668.9735107421875,249.99725341796875,999.35205078125,697.4332275390625
NewCon1.png,DAMAGE - DEFRAME,9.904018952511251e-05,137.2495574951172,504.4851989746094,364.1621398925781,670.9031372070312
NewCon1.png,DAMAGE - DEFRAME,9.86517479759641e-05,430.0307922363281,469.1935729980469,573.9139404296875,533.85302734375
NewCon1.png,DENT,9.858451085165143e-05,515.2670288085938,122.73490142822266,807.174072265625,253.64845275878906
NewCon1.png,DAMAGE - DEFRAME,9.830851922743022e-05,369.46881103515625,515.1292724609375,633.5618896484375,696.0393676757812
NewCon1.png,DAMAGE - DEFRAME,9.78531243163161e-05,287.6195373535156,540.6666870117188,603.49267578125,700.0
NewCon1.png,DENT,9.779287211131305e-05,550.7672119140625,38.05767059326172,990.03271484375,682.1715087890625
NewCon1.png,DENT,9.749221499077976e-05,472.3111267089844,182.69190979003906,622.0624389648438,281.66973876953125
NewCon1.png,DAMAGE - DEFRAME,9.69739121501334e-05,575.5108642578125,39.09638595581055,905.2921142578125,237.30751037597656
NewCon1.png,DENT,9.667053382145241e-05,0.0,450.68310546875,421.1105651855469,700.0
NewCon1.png,DAMAGE - DEFRAME,9.617557225283235e-05,557.7135009765625,8.299283981323242,883.386962890625,205.54527282714844
NewCon1.png,DENT,9.569191024638712e-05,457.1332092285156,149.5351104736328,516.4124755859375,251.42758178710938
NewCon1.png,DENT,9.50495814322494e-05,1005.0,4.9701714515686035,1005.0,65.89360046386719
NewCon1.png,DENT,9.435907850274816e-05,388.5129089355469,243.35977172851562,472.9431457519531,504.92291259765625
NewCon1.png,DENT,9.388402395416051e-05,276.0994567871094,110.38551330566406,376.8524475097656,275.117919921875
NewCon1.png,DENT,9.314042836194858e-05,600.5213623046875,3.790154218673706,899.3494873046875,212.75511169433594
NewCon1.png,DENT,9.277892968384549e-05,349.135986328125,44.45228958129883,742.0305786132812,493.940673828125
NewCon1.png,DENT,9.247410343959928e-05,321.8190612792969,235.36404418945312,369.6187744140625,300.2039794921875
NewCon1.png,DAMAGE - DEFRAME,9.245074761565775e-05,569.234130859375,442.4633483886719,814.60400390625,525.67333984375
NewCon1.png,DENT,9.231376316165552e-05,254.91488647460938,302.076171875,304.10369873046875,365.0199279785156
NewCon1.png,DENT,9.229694842360914e-05,110.90807342529297,650.31591796875,546.482177734375,699.791015625
NewCon1.png,DAMAGE - DEFRAME,9.178315667668357e-05,0.0,213.314697265625,545.7610473632812,699.5494995117188
NewCon1.png,DAMAGE - DEFRAME,9.069232328329235e-05,670.6903686523438,0.0,1005.0,196.67430114746094
NewCon1.png,DAMAGE - DEFRAME,9.008139750221744e-05,633.4536743164062,444.5362548828125,917.6028442382812,670.537841796875
NewCon1.png,DENT,8.997494296636432e-05,494.2325134277344,198.53392028808594,614.622802734375,271.2109375
NewCon1.png,DENT,8.981815335573629e-05,543.2493286132812,379.80474853515625,627.2254638671875,457.7650451660156
NewCon1.png,DAMAGE - DEFRAME,8.957224054029211e-05,636.24609375,447.9038391113281,799.3724975585938,521.5505981445312
NewCon1.png,DENT,8.956105739343911e-05,795.3722534179688,213.0772705078125,845.0850219726562,326.3262939453125
NewCon1.png,DENT,8.918453386286274e-05,704.4459228515625,300.5384216308594,810.0321044921875,449.89801025390625
NewCon1.png,DENT,8.882077963789925e-05,534.725341796875,562.0985717773438,969.81494140625,699.79150390625
NewCon1.png,DAMAGE - DEFRAME,8.84830515133217e-05,392.5553894042969,458.71563720703125,546.4114990234375,538.3491821289062
NewCon1.png,DENT,8.794660971034318e-05,515.8870849609375,201.69850158691406,630.3815307617188,271.7930603027344
NewCon1.png,DAMAGE - DEFRAME,8.7606196757406e-05,586.6947021484375,473.7606506347656,843.4805297851562,653.764892578125
NewCon1.png,DENT,8.759683259995654e-05,485.00445556640625,261.2204284667969,609.1375732421875,354.9898376464844
NewCon2.png,DENT,0.028482336550951004,542.3812255859375,141.992431640625,589.0679931640625,218.78268432617188
NewCon2.png,DAMAGE - RUST,0.015975957736372948,925.20947265625,254.30853271484375,1024.191162109375,579.498046875
NewCon2.png,DENT,0.014988972805440426,533.2099609375,121.05914306640625,604.75244140625,224.62319946289062
NewCon2.png,DENT,0.014289784245193005,0.0,244.663818359375,1110.0,768.0
NewCon2.png,DENT,0.012608613818883896,529.5546875,109.92527770996094,688.376220703125,212.3157501220703
NewCon2.png,DENT,0.012240801937878132,533.7181396484375,113.08580017089844,629.1715087890625,229.65089416503906
NewCon2.png,DAMAGE - DEFRAME,0.009926057420670986,28.00372314453125,410.4620666503906,836.2323608398438,766.9229736328125
NewCon2.png,DAMAGE - RUST,0.009046788327395916,940.01318359375,295.101806640625,1018.58056640625,563.291259765625
NewCon2.png,DENT,0.007839107885956764,0.0,80.01025390625,1015.3797607421875,768.0
NewCon2.png,DENT,0.007668443024158478,0.95208740234375,364.9642639160156,641.45654296875,766.9683837890625
NewCon2.png,DENT,0.007628574501723051,496.01904296875,113.0614013671875,628.361083984375,225.81594848632812
NewCon2.png,DENT,0.006889506708830595,700.7122802734375,438.4893798828125,781.0128173828125,603.1795654296875
NewCon2.png,DAMAGE - DEFRAME,0.006822717376053333,5.30377197265625,377.7303466796875,645.9468383789062,768.0
NewCon2.png,DENT,0.006474329624325037,686.320556640625,397.821533203125,783.624267578125,616.4833984375
NewCon2.png,DENT,0.0062667629681527615,537.5156860351562,104.18560028076172,602.4179077148438,275.53466796875
NewCon2.png,DENT,0.006222362630069256,530.6653442382812,131.22840881347656,595.5816040039062,216.23585510253906
NewCon2.png,DENT,0.005982416681945324,0.0,372.87969970703125,952.806396484375,767.3555297851562
NewCon2.png,DENT,0.005955731030553579,852.16650390625,168.98724365234375,1034.71435546875,591.1424560546875
NewCon2.png,DENT,0.005250217858701944,541.83642578125,79.146240234375,768.6123046875,624.2637939453125
NewCon2.png,DENT,0.0052165016531944275,526.015869140625,91.68968963623047,750.05126953125,199.31964111328125
NewCon2.png,DENT,0.005175500176846981,710.7061767578125,486.5702209472656,784.2196044921875,618.9093017578125
NewCon2.png,DAMAGE - RUST,0.004679974168539047,936.47314453125,196.8748779296875,1033.593994140625,608.8504638671875
NewCon2.png,DENT,0.004591256380081177,0.0,469.7401123046875,879.33984375,768.0
NewCon2.png,DENT,0.004338190425187349,487.2935791015625,85.9720458984375,713.5999755859375,590.2711791992188
NewCon2.png,DENT,0.004307875409722328,640.330810546875,79.94696044921875,785.9443359375,628.3549194335938
NewCon2.png,DENT,0.004131695255637169,896.6300048828125,224.03622436523438,1002.7239990234375,510.5536193847656
NewCon2.png,DENT,0.003937043249607086,682.1643676757812,324.8902587890625,787.2555541992188,627.7109985351562
NewCon2.png,DAMAGE - DEFRAME,0.0035868152044713497,8.64141845703125,495.74676513671875,909.3594360351562,767.2243041992188
NewCon2.png,DENT,0.0034135382156819105,639.073974609375,238.92193603515625,787.201171875,613.7745361328125
NewCon2.png,DAMAGE - DEFRAME,0.0033094151876866817,0.0,49.51593017578125,854.3026123046875,767.971923828125
NewCon2.png,DENT,0.003278657328337431,793.22802734375,151.24310302734375,980.650634765625,612.864501953125
NewCon2.png,DENT,0.003243095241487026,688.6885986328125,460.0548095703125,781.5533447265625,622.78173828125
NewCon2.png,DENT,0.0030991944950073957,532.29443359375,98.64244842529297,636.0299072265625,299.0054931640625
NewCon2.png,DENT,0.0029756862204521894,555.5284423828125,261.0068664550781,611.0325927734375,365.4586486816406
NewCon2.png,DENT,0.0029196911491453648,543.9171142578125,121.79169464111328,609.4544677734375,357.03985595703125
NewCon2.png,DENT,0.0028202757239341736,658.6710205078125,227.67144775390625,844.3826904296875,615.6275634765625
NewCon2.png,DENT,0.002810260048136115,668.2254638671875,406.2372741699219,805.4766845703125,646.37548828125
NewCon2.png,DENT,0.002793622203171253,555.2918701171875,257.49493408203125,613.2467041015625,476.04510498046875
NewCon2.png,DENT,0.002699187258258462,550.7860107421875,384.9278869628906,596.6234130859375,492.6662292480469
NewCon2.png,DENT,0.002665937412530184,853.1867065429688,226.76832580566406,998.7726440429688,485.2506103515625
NewCon2.png,DENT,0.002640695543959737,761.908447265625,191.67799377441406,1018.7991943359375,605.0206298828125
NewCon2.png,DENT,0.0026224981993436813,891.71923828125,235.067626953125,1022.6168212890625,570.6510620117188
NewCon2.png,DENT,0.0025802929885685444,681.2616577148438,104.857666015625,845.2340698242188,616.142333984375
NewCon2.png,DENT,0.002568500814959407,569.8050537109375,273.6937255859375,628.1561279296875,347.9466552734375
NewCon2.png,DENT,0.002544386312365532,549.5706787109375,88.24214172363281,753.5811767578125,165.0174560546875
NewCon2.png,DENT,0.0025299028493463993,709.140869140625,347.5128479003906,765.868896484375,441.8895568847656
NewCon2.png,DENT,0.002214282751083374,429.4474182128906,79.96260070800781,743.9410400390625,236.56468200683594
NewCon2.png,DENT,0.002197509165853262,921.0504150390625,218.76031494140625,1007.9862060546875,523.9404907226562
NewCon2.png,DENT,0.0021349824965000153,840.252685546875,253.6575927734375,1022.38525390625,529.255615234375
NewCon2.png,DENT,0.002122539794072509,549.25244140625,297.4149169921875,601.251953125,506.07904052734375
NewCon2.png,DENT,0.002007903065532446,612.8890380859375,83.78030395507812,736.0107421875,145.34181213378906
NewCon2.png,DENT,0.002006030408665538,889.9581298828125,208.91958618164062,973.9952392578125,476.6217956542969
NewCon2.png,DAMAGE - RUST,0.0019843755289912224,958.05908203125,419.82379150390625,1011.84619140625,550.9992065429688
NewCon2.png,DENT,0.0017486454453319311,56.34552001953125,550.5277099609375,911.5827026367188,768.0
NewCon2.png,DENT,0.001732171862386167,359.9200134277344,59.32854461669922,747.4683837890625,221.05908203125
NewCon2.png,DENT,0.0017006156267598271,569.21240234375,279.15484619140625,626.39013671875,387.00726318359375
NewCon2.png,DENT,0.0016432678094133735,318.68023681640625,63.127479553222656,705.1644897460938,279.9349670410156
NewCon2.png,DAMAGE - DEFRAME,0.0016268325271084905,780.80322265625,145.1358642578125,966.998779296875,600.6477661132812
NewCon2.png,DENT,0.0016262495191767812,848.7476806640625,301.4410400390625,1001.9498291015625,454.5174560546875
NewCon2.png,DENT,0.0016011655097827315,366.29736328125,107.82183837890625,703.869384765625,206.90835571289062
NewCon2.png,DAMAGE - DEFRAME,0.0015630755806341767,515.410888671875,86.8753662109375,1063.696533203125,750.651611328125
NewCon2.png,DENT,0.0015604797517880797,553.8936767578125,256.91668701171875,628.0526123046875,503.53424072265625
NewCon2.png,DENT,0.0015561144100502133,553.6389770507812,154.2158203125,635.2634887695312,367.1190185546875
NewCon2.png,DENT,0.001544846105389297,711.9892578125,338.44805908203125,762.984375,418.5135498046875
NewCon2.png,DENT,0.0015178798930719495,714.3229370117188,344.75555419921875,783.0285034179688,455.781494140625
NewCon2.png,DAMAGE - RUST,0.001480688457377255,0.0,15.197479248046875,13.854385375976562,479.87579345703125
NewCon2.png,DENT,0.0014717438025400043,44.697967529296875,144.744140625,383.41192626953125,726.6048583984375
NewCon2.png,DAMAGE - RUST,0.001455626916140318,0.0,241.62754821777344,11.674768447875977,452.0772705078125
NewCon2.png,DENT,0.0014481993857771158,560.435546875,209.775146484375,776.816162109375,612.692138671875
NewCon2.png,DENT,0.0014396151527762413,855.6322631835938,295.6407470703125,983.4291381835938,431.05218505859375
NewCon2.png,DENT,0.0013858401216566563,428.5228271484375,122.61457824707031,618.28857421875,210.4766387939453
NewCon2.png,DENT,0.0013427863596007228,926.0406494140625,383.498046875,1014.6741943359375,570.4732666015625
NewCon2.png,DENT,0.0013188488082960248,91.42501831054688,120.23529052734375,469.9380798339844,499.76263427734375
NewCon2.png,DAMAGE - RUST,0.0013148824218660593,1099.059326171875,141.2711639404297,1110.0,602.7427368164062
NewCon2.png,DENT,0.0013111825101077557,832.2691650390625,329.128662109375,887.1883544921875,416.3446044921875
NewCon2.png,DENT,0.001304375589825213,0.78173828125,519.6646728515625,612.1380615234375,768.0
NewCon2.png,DENT,0.0012737814104184508,720.037109375,334.27386474609375,784.107666015625,419.7083740234375
NewCon2.png,DENT,0.001222055172547698,621.531005859375,327.44439697265625,825.8277587890625,648.8508911132812
NewCon2.png,DENT,0.00120347342453897,823.0530395507812,223.162353515625,904.5062866210938,475.4273681640625
NewCon2.png,DENT,0.0012023687595501542,0.0,206.88980102539062,11.473878860473633,453.0243835449219
NewCon2.png,DENT,0.001197974430397153,441.0495910644531,65.44401550292969,714.457275390625,452.69451904296875
NewCon2.png,DAMAGE - DEFRAME,0.0011977730318903923,0.0,342.6400451660156,480.712646484375,765.2105712890625
NewCon2.png,DENT,0.00119226542301476,618.6080322265625,84.50898742675781,757.2550048828125,162.69212341308594
NewCon2.png,DENT,0.0011841107625514269,543.1783447265625,306.375244140625,620.1285400390625,508.680419921875
NewCon2.png,DENT,0.0011681257747113705,886.0255126953125,527.97705078125,1110.0,765.4344482421875
NewCon2.png,DENT,0.001164755318313837,844.7255859375,260.0843505859375,1077.8702392578125,611.3997802734375
NewCon2.png,DAMAGE - DEFRAME,0.001151185599155724,286.1002502441406,54.63755798339844,745.6514892578125,230.32627868652344
NewCon2.png,DENT,0.0011250011157244444,477.20062255859375,216.53529357910156,791.7616577148438,622.39013671875
NewCon2.png,DENT,0.0011214439291507006,29.717052459716797,283.80548095703125,69.17576599121094,408.87994384765625
NewCon2.png,DENT,0.0011206063209101558,642.8782958984375,81.5540771484375,769.2781982421875,153.099609375
NewCon2.png,DENT,0.001119675813242793,0.0,348.8334045410156,278.9845275878906,685.8922119140625
NewCon2.png,DENT,0.0011085448786616325,277.52386474609375,156.67552185058594,372.66290283203125,236.98597717285156
NewCon2.png,DENT,0.0011029620654881,348.49920654296875,126.2143325805664,613.246337890625,205.32339477539062
NewCon2.png,DENT,0.0011014915071427822,963.8663330078125,226.66053771972656,1021.00439453125,535.0350341796875
NewCon2.png,DENT,0.0010960167273879051,797.201416015625,291.9737548828125,854.571533203125,428.08740234375
NewCon2.png,DENT,0.0010888957185670733,0.0,229.33724975585938,38.01958465576172,432.8147888183594
NewCon2.png,DENT,0.0010672773933038116,831.0401611328125,348.333984375,887.7222900390625,428.286376953125
NewCon2.png,DENT,0.0010602655820548534,864.66552734375,211.89852905273438,949.5655517578125,459.9685363769531
NewCon2.png,DAMAGE - RUST,0.0010405166540294886,946.0452880859375,585.5732421875,1038.697021484375,645.103271484375
NewCon2.png,DENT,0.0010385261848568916,280.19281005859375,102.01974487304688,467.69805908203125,230.03591918945312
NewCon2.png,DENT,0.0010375698329880834,273.96783447265625,139.3416748046875,387.64410400390625,233.7869873046875
NewCon2.png,DENT,0.0010375174460932612,111.80068969726562,429.05560302734375,238.2359619140625,520.0119018554688
NewCon2.png,DENT,0.0010361775057390332,838.653076171875,617.6593017578125,1108.9869384765625,768.0
NewCon2.png,DENT,0.0010345213813707232,176.19888305664062,434.8826904296875,244.59701538085938,502.554931640625
NewCon2.png,DENT,0.0010321896988898516,717.6875,342.70654296875,822.275146484375,604.4830322265625
NewCon2.png,DENT,0.0010255665984004736,641.0380859375,329.52587890625,982.271728515625,644.2501220703125
NewCon2.png,DENT,0.0010194352362304926,699.3648071289062,407.97955322265625,819.8563842773438,604.1820678710938
NewCon2.png,DENT,0.001011114101856947,421.0893859863281,95.72547912597656,704.77734375,531.819091796875
NewCon2.png,DENT,0.001006951555609703,18.95226287841797,273.36602783203125,68.77738189697266,423.26361083984375
NewCon2.png,DENT,0.0009653519955463707,303.2299499511719,147.33274841308594,384.6577453613281,216.3423614501953
NewCon2.png,DENT,0.0009566739317961037,0.0,140.707763671875,666.9979248046875,768.0
NewCon2.png,DENT,0.0009481884189881384,585.9397583007812,75.72807312011719,765.2007446289062,200.5869903564453
NewCon2.png,DENT,0.0009298296645283699,296.11383056640625,155.3006591796875,386.91680908203125,230.90667724609375
NewCon2.png,DENT,0.0009227005066350102,779.67724609375,300.3167419433594,821.134521484375,425.3946838378906
NewCon2.png,DENT,0.0009215319878421724,819.2435913085938,268.675048828125,969.5856323242188,514.6043701171875
NewCon2.png,DENT,0.0009133744752034545,900.35400390625,333.7933349609375,1019.99658203125,575.9293823242188
NewCon2.png,DENT,0.0009105209610424936,921.8419189453125,575.66845703125,1110.0,762.44140625
NewCon2.png,DENT,0.0008994181407615542,357.63153076171875,68.00140380859375,702.7476196289062,374.3271484375
NewCon2.png,DENT,0.0008950380724854767,308.1761474609375,79.8846435546875,477.968505859375,201.22808837890625
NewCon2.png,DAMAGE - RUST,0.0008938325918279588,953.4725341796875,240.60028076171875,1021.1768798828125,531.0305786132812
NewCon2.png,DAMAGE - DEFRAME,0.0008869649027474225,395.31134033203125,56.955322265625,937.1326293945312,733.26318359375
NewCon2.png,DENT,0.0008708057575859129,293.2166748046875,132.83670043945312,552.2156372070312,210.84683227539062
NewCon2.png,DENT,0.0008630525553599,789.2530517578125,211.1070556640625,854.733642578125,495.788330078125
NewCon2.png,DENT,0.0008580143330618739,708.357421875,227.1923828125,830.79248046875,609.5120849609375
NewCon2.png,DENT,0.0008505518781021237,8.499038696289062,282.7989807128906,70.92057800292969,436.8412780761719
NewCon2.png,DAMAGE - RUST,0.000842246925458312,977.0703125,205.4914093017578,1030.85693359375,568.8218383789062
NewCon2.png,DENT,0.0008407558780163527,930.7122802734375,638.5081787109375,1110.0,767.8973388671875
NewCon2.png,DENT,0.0008319855551235378,330.83062744140625,104.15878295898438,647.2603759765625,199.2091064453125
NewCon2.png,DENT,0.0008293587598018348,67.60580444335938,381.5045166015625,246.1456298828125,545.041259765625
NewCon2.png,DENT,0.0008278550812974572,70.70164489746094,441.51165771484375,231.9237518310547,533.9420776367188
NewCon2.png,DENT,0.000826895993668586,156.60919189453125,400.03857421875,248.468017578125,506.72784423828125
NewCon2.png,DENT,0.0008212121319957078,803.0393676757812,336.6397705078125,859.3744506835938,439.87841796875
NewCon2.png,DENT,0.0008204275509342551,242.28897094726562,130.64749145507812,400.0193786621094,257.1715393066406
NewCon2.png,DENT,0.0008124951855279505,458.0234375,110.01979064941406,610.2835693359375,231.18690490722656
NewCon2.png,DAMAGE - RUST,0.0008117843535728753,1102.827880859375,264.28082275390625,1110.0,601.3773803710938
NewCon2.png,DAMAGE - RUST,0.0008104104781523347,951.067138671875,373.5909423828125,1029.122802734375,577.3318481445312
NewCon2.png,DAMAGE - RUST,0.0008077702950686216,941.2249145507812,573.7276000976562,1097.892333984375,652.4122924804688
NewCon2.png,DAMAGE - RUST,0.0008076221565715969,674.34765625,568.201904296875,795.454345703125,677.48974609375
NewCon2.png,DENT,0.0007989171426743269,0.0,38.42681884765625,38.73386764526367,467.0353088378906
NewCon2.png,DENT,0.0007977932109497488,265.57794189453125,25.678863525390625,706.2791748046875,258.3694763183594
NewCon2.png,DAMAGE - RUST,0.000793689803685993,942.063232421875,559.725341796875,1074.959716796875,644.52880859375
NewCon2.png,DENT,0.0007884898222982883,665.853759765625,251.51585388183594,1086.815673828125,641.376708984375
NewCon2.png,DENT,0.000787592027336359,0.0,504.10858154296875,358.8037414550781,764.2647094726562
NewCon2.png,DENT,0.0007786130299791694,216.0286865234375,167.4268035888672,341.099853515625,436.37725830078125
NewCon2.png,DENT,0.0007688690675422549,783.699951171875,223.05245971679688,823.828125,452.1269226074219
NewCon2.png,DENT,0.0007680232520215213,887.7987060546875,189.46604919433594,961.0067138671875,403.0142822265625
NewCon2.png,DENT,0.00075998913962394,796.2235107421875,240.98875427246094,886.7598876953125,568.3203125
NewCon2.png,DENT,0.0007517976337112486,947.607177734375,425.23614501953125,1015.409912109375,567.0150756835938
NewCon2.png,DENT,0.0007471922435797751,821.3424072265625,255.30108642578125,929.8997802734375,559.8853149414062
NewCon2.png,DENT,0.0007397044100798666,354.135009765625,115.92471313476562,606.4654541015625,231.5760498046875
NewCon2.png,DENT,0.0007329419022426009,103.43888854980469,269.223388671875,162.70933532714844,443.4505615234375
NewCon2.png,DENT,0.0007329072686843574,308.1745300292969,141.06329345703125,434.8427429199219,214.57415771484375
NewCon2.png,DENT,0.0007299577700905502,266.93157958984375,156.22726440429688,365.22772216796875,274.8006896972656
NewCon2.png,DENT,0.0007297585252672434,317.9330139160156,27.945648193359375,805.6424560546875,220.80319213867188
NewCon2.png,DENT,0.0007252900395542383,51.91790771484375,283.13763427734375,110.22845458984375,422.71282958984375
NewCon2.png,DENT,0.000722028489690274,0.0,198.79766845703125,427.23193359375,768.0
NewCon2.png,DENT,0.0007206103182397783,764.0347290039062,304.771728515625,824.5012817382812,510.739013671875
NewCon2.png,DAMAGE - RUST,0.0007169921300373971,945.081787109375,568.110107421875,1028.939453125,638.008056640625
NewCon2.png,DAMAGE - DEFRAME,0.0007148589938879013,118.248291015625,534.52197265625,1081.7559814453125,768.0
NewCon2.png,DENT,0.0007125413976609707,0.0,279.72906494140625,41.0786247253418,443.36724853515625
NewCon2.png,DENT,0.0007088491111062467,672.6121826171875,585.0130615234375,781.8726806640625,668.217041015625
NewCon2.png,DENT,0.0007078962516970932,273.0335388183594,204.79452514648438,341.3001403808594,346.0086364746094
NewCon2.png,DENT,0.0006959987804293633,0.0,490.67950439453125,260.0000305175781,759.1937866210938
NewCon2.png,DAMAGE - RUST,0.0006959310849197209,935.14013671875,417.87066650390625,1026.036865234375,628.1864624023438
NewCon2.png,DENT,0.0006906833150424063,971.4769287109375,207.81732177734375,1023.859375,499.51483154296875
NewCon2.png,DENT,0.0006896773120388389,298.55322265625,143.280517578125,427.298583984375,232.6356201171875
NewCon2.png,DENT,0.0006834271480329335,785.9110717773438,168.3697509765625,852.4263305664062,559.4429931640625
NewCon2.png,DENT,0.0006731546018272638,168.23095703125,568.0809326171875,633.7343139648438,767.4957275390625
NewCon2.png,DENT,0.0006717311916872859,198.70860290527344,133.13763427734375,397.9991455078125,287.48577880859375
NewCon2.png,DENT,0.0006484232726506889,352.7415771484375,84.73270416259766,482.49505615234375,181.21817016601562
NewCon2.png,DENT,0.0006415927782654762,167.8067626953125,444.0748291015625,242.6846923828125,519.8328247070312
NewCon2.png,DENT,0.0006398768164217472,237.43658447265625,155.7939453125,359.41387939453125,251.9090576171875
NewCon2.png,DENT,0.0006326136644929647,93.04925537109375,70.30975341796875,729.83837890625,465.5257568359375
NewCon2.png,DENT,0.0006321320543065667,59.832427978515625,152.36865234375,372.166015625,520.7706909179688
NewCon2.png,DENT,0.0006214686436578631,529.6983642578125,352.06610107421875,603.7425537109375,500.61175537109375
NewCon2.png,DENT,0.0006205207901075482,720.031494140625,222.63674926757812,798.91650390625,476.6307067871094
NewCon2.png,DENT,0.0006187043036334217,701.9114990234375,561.4415893554688,1110.0,768.0
NewCon2.png,DENT,0.000617553130723536,703.1940307617188,253.0134735107422,774.0421752929688,475.04559326171875
NewCon2.png,DENT,0.0006125563522800803,120.24365234375,274.203857421875,179.93212890625,438.0634765625
NewCon2.png,DENT,0.0006074529374018312,799.6883544921875,243.85987854003906,863.3671875,594.673828125
NewCon2.png,DENT,0.0006064464105293155,636.8935546875,368.827880859375,791.69970703125,646.376953125
NewCon2.png,DENT,0.000603819265961647,1039.0400390625,129.74700927734375,1110.0,563.8928833007812
NewCon2.png,DENT,0.0006022335728630424,924.85009765625,399.41864013671875,1028.92822265625,594.7947998046875
NewCon2.png,DENT,0.0006014657556079328,813.6710205078125,149.70501708984375,924.6597900390625,561.8043823242188
NewCon2.png,DENT,0.0005988919292576611,696.743408203125,87.98500061035156,787.475830078125,170.4414825439453
NewCon2.png,DAMAGE - RUST,0.0005979668349027634,1096.9512939453125,142.81927490234375,1110.0,466.208740234375
NewCon2.png,DAMAGE - DEFRAME,0.0005977554246783257,613.293701171875,569.9830322265625,1049.84228515625,768.0
NewCon2.png,DENT,0.0005965405725874007,75.74109649658203,329.63751220703125,220.0087890625,529.3859252929688
NewCon2.png,DENT,0.0005950507475063205,284.6873779296875,20.796051025390625,475.1439208984375,177.92105102539062
NewCon2.png,DENT,0.000585332396440208,413.1756896972656,624.794189453125,808.9586181640625,768.0
NewCon2.png,DENT,0.0005811096634715796,283.923095703125,127.45625305175781,546.8826904296875,233.61756896972656
NewCon2.png,DENT,0.0005807754932902753,102.23802185058594,316.11798095703125,159.32725524902344,445.2972412109375
NewCon2.png,DENT,0.0005803538369946182,20.4627685546875,534.8414306640625,434.66314697265625,765.830810546875
NewCon2.png,DENT,0.00057820143410936,851.141357421875,293.54559326171875,1018.697509765625,572.0267333984375
NewCon2.png,DENT,0.0005775457248091698,884.6475830078125,658.3927612304688,1110.0,767.8937377929688
NewCon2.png,DENT,0.0005766823887825012,667.3255615234375,78.04640197753906,788.4212646484375,163.1681671142578
NewCon2.png,DENT,0.000576120859477669,661.8397216796875,73.71136474609375,782.0013427734375,201.3328857421875
NewCon2.png,DENT,0.0005714804283343256,154.209228515625,57.16766357421875,740.9912109375,362.59649658203125
NewCon2.png,DENT,0.000569722440559417,0.0,7.46728515625,53.295265197753906,297.7164306640625
NewCon2.png,DENT,0.0005675060674548149,292.73834228515625,381.3721923828125,342.77679443359375,496.7498779296875
NewCon2.png,DENT,0.0005590639193542302,42.97503662109375,258.89874267578125,118.67489624023438,434.72686767578125
NewCon2.png,DENT,0.000548752723261714,865.9227294921875,714.5667724609375,1101.704833984375,767.85302734375
NewCon2.png,DENT,0.0005464646965265274,609.8448486328125,614.8097534179688,1054.3004150390625,768.0
NewCon2.png,DENT,0.000543248257599771,226.43658447265625,164.5018310546875,346.65313720703125,303.49310302734375
NewCon2.png,DENT,0.0005224650376476347,7.70660400390625,334.4761962890625,254.55645751953125,612.1967163085938
NewCon2.png,DENT,0.000522363989148289,527.0081176757812,110.89010620117188,612.9824829101562,337.3037414550781
NewCon2.png,DENT,0.0005215344135649502,274.20947265625,141.62582397460938,394.1943359375,265.1114196777344
NewCon2.png,DENT,0.0005173064419068396,294.5265197753906,427.45269775390625,343.9417419433594,500.22760009765625
NewCon2.png,DAMAGE - RUST,0.0005141035071574152,927.8212890625,577.7559814453125,1065.71484375,658.6138916015625
NewCon2.png,DENT,0.0005138928536325693,115.86839294433594,310.3139953613281,179.9582977294922,446.6521301269531
NewCon2.png,DENT,0.0005123413866385818,268.640625,675.3011474609375,928.76904296875,768.0
NewCon2.png,DAMAGE - DEFRAME,0.0005122417933307588,502.20361328125,530.0040893554688,1102.720458984375,768.0
NewCon2.png,DENT,0.0005036029033362865,0.0,384.2084045410156,342.9484558105469,717.2191162109375
NewCon2.png,DENT,0.0005032794433645904,0.0,255.18841552734375,13.443199157714844,539.3758544921875
NewCon2.png,DENT,0.000499500019941479,248.3731689453125,101.93598937988281,383.76104736328125,224.9393768310547
NewCon2.png,DENT,0.0004992239992134273,524.2982788085938,213.15211486816406,623.5559692382812,529.607177734375
NewCon2.png,DENT,0.000497439585160464,0.0,592.4508666992188,215.80776977539062,767.4922485351562
NewCon2.png,DENT,0.0004971289308741689,907.3197021484375,163.188720703125,1103.7535400390625,601.9987182617188
NewCon2.png,DAMAGE - RUST,0.0004966420237906277,1104.4168701171875,429.31549072265625,1110.0,610.7028198242188
NewCon2.png,DENT,0.0004924744716845453,429.2891845703125,52.44275665283203,782.4068603515625,286.53912353515625
NewCon2.png,DENT,0.0004835055733565241,0.0,4.7691497802734375,16.58559799194336,244.8582763671875
NewCon2.png,DENT,0.00048014530329965055,301.3807373046875,513.2997436523438,1077.27001953125,768.0
NewCon2.png,DENT,0.00047908438136801124,550.01318359375,89.78274536132812,654.423583984375,294.9793701171875
NewCon2.png,DENT,0.00047687077312730253,153.769287109375,215.3790283203125,231.3260498046875,423.2364501953125
NewCon2.png,DENT,0.00047452416038140655,320.3935852050781,10.239028930664062,464.2654113769531,167.0848846435547
NewCon2.png,DENT,0.0004727100022137165,562.4190673828125,694.2130126953125,803.4766845703125,768.0
NewCon2.png,DENT,0.0004682662838604301,912.8369140625,181.62127685546875,1004.884033203125,461.53289794921875
NewCon2.png,DENT,0.00046682360698468983,598.5849609375,575.0447387695312,1002.990966796875,767.8927612304688
NewCon2.png,DENT,0.00046626993571408093,538.7076416015625,372.97607421875,609.4906005859375,527.5012817382812
NewCon2.png,DAMAGE - DEFRAME,0.0004656820383388549,726.316650390625,80.37890625,981.06884765625,580.5820922851562
NewCon2.png,DENT,0.0004622976412065327,205.2669677734375,704.1537475585938,682.520263671875,768.0
NewCon2.png,DENT,0.0004619260726030916,1109.074462890625,15.299903869628906,1110.0,102.70440673828125
NewCon2.png,DENT,0.0004578476073220372,685.3004150390625,310.20513916015625,759.8841552734375,465.98272705078125
NewCon2.png,DENT,0.0004575086641125381,1108.98974609375,8.522109985351562,1110.0,84.2579574584961
NewCon2.png,DENT,0.0004570207092911005,734.065673828125,203.56658935546875,805.4039306640625,503.8541259765625
NewCon2.png,DENT,0.00045545000466518104,81.0507583618164,360.30853271484375,166.92080688476562,489.15838623046875
NewCon2.png,DAMAGE - RUST,0.00045541051076725125,0.0,0.0,20.36284637451172,364.9727783203125
NewCon2.png,DENT,0.00045058393152430654,509.4871826171875,663.5635375976562,1099.9393310546875,768.0
NewCon2.png,DENT,0.00044670861097984016,211.77392578125,171.04306030273438,301.50189208984375,254.23294067382812
NewCon2.png,DENT,0.0004420903278514743,261.4990234375,385.1890869140625,336.7640380859375,490.4114990234375
NewCon2.png,DAMAGE - DEFRAME,0.00044037404586561024,200.8299560546875,602.8208618164062,1061.60302734375,768.0
NewCon2.png,DENT,0.0004371754184830934,251.34713745117188,417.5072021484375,340.0346374511719,506.3848876953125
NewCon2.png,DENT,0.00043539516627788544,609.783203125,57.112606048583984,776.613037109375,167.97091674804688
NewCon2.png,DENT,0.00043495066347531974,244.6639404296875,224.6993865966797,333.49627685546875,433.63555908203125
NewCon2.png,DENT,0.00043443081085570157,538.969482421875,642.9833984375,794.10107421875,768.0
NewCon2.png,DENT,0.00042827744618989527,750.823974609375,666.6502685546875,1100.8421630859375,768.0
NewCon2.png,DENT,0.00042579486034810543,569.708740234375,723.796142578125,763.594970703125,767.75439453125
NewCon2.png,DENT,0.00042373122414574027,632.3203735351562,589.7215576171875,839.1649780273438,757.1280517578125
NewCon2.png,DENT,0.0004235155647620559,529.707275390625,321.82061767578125,641.508056640625,566.3768920898438
NewCon2.png,DENT,0.00042175696580670774,585.320068359375,268.71624755859375,646.212890625,345.77899169921875
NewCon2.png,DENT,0.000418684707256034,133.07989501953125,257.94317626953125,187.22979736328125,444.05035400390625
NewCon2.png,DENT,0.0004143267578911036,526.8558959960938,281.09527587890625,610.8279418945312,522.1819458007812
NewCon2.png,DENT,0.0004139645607210696,75.527099609375,255.89794921875,229.59201049804688,500.49981689453125
NewCon2.png,DENT,0.00041063668322749436,341.67510986328125,716.58984375,841.4335327148438,767.965087890625
NewCon2.png,DENT,0.0004100268706679344,0.0,402.0229797363281,446.7920837402344,767.815673828125
NewCon2.png,DENT,0.0004092513700015843,685.898681640625,487.71331787109375,819.66015625,629.6133422851562
NewCon2.png,DENT,0.0004092300951015204,0.0,670.5841064453125,196.22500610351562,768.0
NewCon2.png,DAMAGE - RUST,0.00040891714161261916,994.353515625,175.11822509765625,1029.294189453125,396.38458251953125
NewCon2.png,DENT,0.0004081999068148434,386.3665466308594,320.9693603515625,902.8009033203125,715.645751953125
NewCon2.png,DENT,0.00040789454942569137,0.0,147.301025390625,315.9637451171875,760.8145751953125
NewCon2.png,DENT,0.0004070718423463404,974.636962890625,189.31436157226562,1024.96484375,408.5070495605469
NewCon2.png,DENT,0.0004067211993969977,547.5419921875,589.49072265625,1104.994384765625,768.0
NewCon2.png,DENT,0.0004062826919835061,705.385009765625,81.31035614013672,800.718994140625,203.51007080078125
NewCon2.png,DENT,0.00040577122126705945,187.26490783691406,167.21463012695312,290.1539306640625,264.3405456542969
NewCon2.png,DENT,0.00040400135912932456,586.5087890625,279.37310791015625,646.1708984375,376.11456298828125
NewCon2.png,DAMAGE - RUST,0.0004022075445391238,943.6800537109375,403.74090576171875,1032.7822265625,594.6989135742188
NewCon2.png,DENT,0.00040033928235061467,0.0,2.0327911376953125,51.766029357910156,176.50990295410156
NewCon2.png,DAMAGE - DEFRAME,0.00040026678470894694,816.740966796875,132.401123046875,1016.84814453125,583.274658203125
NewCon2.png,DENT,0.0003999627660959959,858.4296264648438,183.49224853515625,949.2359008789062,392.0650634765625
NewCon2.png,DENT,0.00039848292362876236,109.3121337890625,690.1676025390625,640.01220703125,767.8927001953125
NewCon2.png,DENT,0.00039617563015781343,588.2803955078125,597.3084106445312,796.8692626953125,755.8126831054688
NewCon2.png,DENT,0.0003956046130042523,654.2815551757812,608.0067749023438,790.2949829101562,698.5206909179688
NewCon2.png,DENT,0.00039425413706339896,631.2175903320312,725.458984375,764.8596801757812,767.456298828125
NewCon2.png,DENT,0.00039393611950799823,261.7838134765625,704.140869140625,567.047607421875,768.0
NewCon2.png,DENT,0.0003903217439074069,436.38531494140625,689.249755859375,826.4144897460938,768.0
NewCon2.png,DAMAGE - DEFRAME,0.0003893545363098383,433.3938293457031,41.73130798339844,837.973876953125,220.1495819091797
NewCon2.png,DENT,0.0003870997461490333,284.369873046875,245.79591369628906,334.7628173828125,380.43212890625
NewCon2.png,DENT,0.00038661310099996626,0.0,295.6207275390625,870.2052612304688,721.4556274414062
NewCon2.png,DAMAGE - DEFRAME,0.0003857424599118531,863.239990234375,141.84124755859375,1038.20703125,597.2813720703125
NewCon2.png,DENT,0.00038556286017410457,949.00537109375,575.794677734375,1104.178466796875,656.107177734375
NewCon2.png,DENT,0.00038379948819056153,672.9371337890625,64.19064331054688,838.3656005859375,172.4052734375
NewCon2.png,DENT,0.00038227043114602566,806.93505859375,514.931396484375,849.069091796875,589.7939453125
NewCon2.png,DENT,0.00038141460390761495,800.1302490234375,715.667724609375,1064.385498046875,767.86767578125
NewCon2.png,DENT,0.0003811156493611634,0.0,175.5371856689453,76.16905975341797,422.19830322265625
NewCon2.png,DENT,0.00037881339085288346,212.89642333984375,6.678558349609375,752.4237060546875,302.25714111328125
NewCon2.png,DENT,0.0003777967067435384,0.0,582.7431640625,352.0069580078125,767.3662109375
NewCon2.png,DENT,0.00037654474726878107,742.5556640625,224.46856689453125,791.4754638671875,310.38922119140625
NewCon2.png,DENT,0.0003758020466193557,131.5472412109375,643.2947387695312,604.6025390625,768.0
NewCon2.png,DENT,0.0003754271601792425,375.28021240234375,53.330108642578125,448.47222900390625,150.37698364257812
NewCon2.png,DENT,0.0003748126036953181,274.4251403808594,61.00107192993164,382.6771545410156,157.23226928710938
NewCon2.png,DENT,0.0003733387275133282,0.0,661.2027587890625,548.245361328125,768.0
NewCon2.png,DAMAGE - DEFRAME,0.00037290656473487616,473.1243896484375,15.031402587890625,767.2540283203125,197.99168395996094
NewCon2.png,DENT,0.00037196316407062113,0.0,235.1734161376953,820.9207153320312,600.6188354492188
NewCon2.png,DENT,0.00036927388282492757,1.70416259765625,469.5689697265625,164.29632568359375,653.33984375
NewCon2.png,DAMAGE - DEFRAME,0.0003676594642456621,312.7432556152344,0.02565765380859375,677.1976318359375,102.04988098144531
NewCon2.png,DENT,0.000365965737728402,611.0985107421875,635.3069458007812,822.5279541015625,768.0
NewCon2.png,DENT,0.0003656944027170539,1045.9024658203125,644.9617919921875,1110.0,766.9619140625
NewCon2.png,DENT,0.00036542172892950475,526.857177734375,193.59815979003906,626.994384765625,436.9803466796875
NewCon2.png,DENT,0.00036482891300693154,703.7313232421875,90.36209106445312,828.7130126953125,177.7421875
NewCon2.png,DENT,0.0003616607282310724,0.0,266.0167236328125,47.08807373046875,514.608154296875
NewCon3.png,DENT,0.0032011137809604406,133.5978546142578,87.21818542480469,340.63720703125,155.09426879882812
NewCon3.png,DENT,0.002949353540316224,138.26670837402344,105.19735717773438,177.4488983154297,150.27487182617188
NewCon3.png,DENT,0.0023902454413473606,134.4779815673828,97.72401428222656,280.4426574707031,151.27328491210938
NewCon3.png,DENT,0.0018739391816779971,141.7491455078125,105.48311614990234,210.67715454101562,149.86550903320312
NewCon3.png,DENT,0.0018687619594857097,387.5113525390625,103.65099334716797,429.22442626953125,148.0641632080078
NewCon3.png,DENT,0.0017796854954212904,104.63516235351562,78.01429748535156,399.27392578125,176.7607421875
NewCon3.png,DENT,0.0017025191336870193,147.65457153320312,105.35851287841797,270.23388671875,149.56175231933594
NewCon3.png,DENT,0.001552626839838922,100.8247299194336,106.0985336303711,135.69546508789062,151.6148223876953
NewCon3.png,DENT,0.0014044451527297497,177.4156951904297,93.38397216796875,313.4603271484375,151.91587829589844
NewCon3.png,DENT,0.0012986015062779188,105.01488494873047,103.86813354492188,171.4723358154297,153.41580200195312
NewCon3.png,DENT,0.0012792306952178478,218.37667846679688,109.33815002441406,282.536865234375,149.50119018554688
NewCon3.png,DENT,0.001185020199045539,126.8331069946289,70.76811981201172,292.7645263671875,155.92152404785156
NewCon3.png,DENT,0.0010933694429695606,0.08660058677196503,252.76522827148438,29.103713989257812,371.45001220703125
NewCon3.png,DENT,0.0010175795760005713,111.65575408935547,83.36331939697266,279.4848327636719,172.23507690429688
NewCon3.png,DENT,0.0010166449937969446,124.3581771850586,70.61902618408203,373.36358642578125,157.9798583984375
NewCon3.png,DENT,0.0010056132450699806,369.3173828125,103.05305480957031,426.62127685546875,148.73745727539062
NewCon3.png,DENT,0.0009932535467669368,175.4530792236328,95.4785385131836,394.6567077636719,151.80528259277344
NewCon3.png,DENT,0.000947707099840045,121.05039978027344,85.30599212646484,191.19482421875,171.0359649658203
NewCon3.png,DENT,0.0009101224131882191,49.44809341430664,243.49327087402344,461.83538818359375,427.8321533203125
NewCon3.png,DENT,0.000897695601452142,238.5016326904297,89.6861572265625,410.8625793457031,149.87509155273438
NewCon3.png,DENT,0.0008785545942373574,134.20484924316406,73.79703521728516,238.26907348632812,151.58641052246094
NewCon3.png,DENT,0.0008220020681619644,259.36810302734375,98.06611633300781,389.9196472167969,150.35511779785156
NewCon3.png,DENT,0.000820071145426482,0.37577998638153076,262.1253662109375,28.190044403076172,338.34478759765625
NewCon3.png,DENT,0.0008106754394248128,142.4558563232422,85.25833129882812,429.1151123046875,155.92897033691406
NewCon3.png,DENT,0.0007649444742128253,109.84278106689453,0.036338966339826584,483.8687744140625,55.504268646240234
NewCon3.png,DENT,0.0007128778961487114,324.639404296875,93.33744049072266,435.6169128417969,146.51190185546875
NewCon3.png,DENT,0.0006954199634492397,381.6032409667969,94.02023315429688,437.3548278808594,173.3036651611328
NewCon3.png,DENT,0.0006949435919523239,317.71435546875,93.85282135009766,383.3367614746094,143.99209594726562
NewCon3.png,DENT,0.0006874006357975304,0.0,261.06695556640625,39.26821517944336,341.9876708984375
NewCon3.png,DENT,0.000680280034430325,101.93338012695312,97.44001770019531,151.63677978515625,152.89320373535156
NewCon3.png,DENT,0.0006652288720943034,330.0862121582031,101.34093475341797,424.6463623046875,149.25106811523438
NewCon3.png,DENT,0.0006146092782728374,75.42240905761719,329.1562805175781,430.2661437988281,414.2233581542969
NewCon3.png,DENT,0.0006102691404521465,34.55829620361328,301.7009582519531,417.816162109375,390.9553527832031
NewCon3.png,DENT,0.0005882876575924456,134.28273010253906,75.2632064819336,185.77435302734375,151.6682586669922
NewCon3.png,DENT,0.0005801549996249378,38.94361114501953,280.9095458984375,471.8170166015625,487.23101806640625
NewCon3.png,DENT,0.0005781360669061542,0.0,250.4001922607422,42.7984504699707,391.67730712890625
NewCon3.png,DENT,0.0005421118694357574,464.1285095214844,194.6937713623047,498.5072021484375,290.46636962890625
NewCon3.png,DENT,0.0005174410762265325,102.11442565917969,88.38290405273438,176.37818908691406,172.2451629638672
NewCon3.png,DENT,0.0005164123140275478,92.98921203613281,297.52947998046875,448.9767761230469,422.28216552734375
NewCon3.png,DENT,0.000498218578286469,465.9129943847656,209.77012634277344,493.07427978515625,330.4109802246094
NewCon3.png,DENT,0.0004934321623295546,179.3014678955078,147.32252502441406,290.8268737792969,210.9609375
NewCon3.png,DENT,0.0004817224689759314,382.7892761230469,157.57786560058594,428.2920227050781,210.19979858398438
NewCon3.png,DAMAGE - RUST,0.0004790759121533483,183.871826171875,336.0150451660156,467.2968444824219,424.3479309082031
NewCon3.png,DENT,0.0004779042210429907,290.2130432128906,89.08067321777344,402.3196716308594,176.899658203125
NewCon3.png,DENT,0.0004698454577010125,0.020578503608703613,232.66212463378906,31.584463119506836,424.38763427734375
NewCon3.png,DENT,0.0004649597394745797,392.1087646484375,191.93836975097656,421.1786804199219,250.40512084960938
NewCon3.png,DENT,0.00045978272100910544,209.22157287597656,80.37126159667969,416.00982666015625,183.2527618408203
NewCon3.png,DENT,0.0004542923124972731,221.6851806640625,155.6731719970703,286.7239074707031,210.1145477294922
NewCon3.png,DENT,0.00044747276115231216,146.0276336669922,272.4912109375,435.6393127441406,409.698486328125
NewCon3.png,DENT,0.00044639685074798763,31.818708419799805,344.906494140625,200.95233154296875,446.67626953125
NewCon3.png,DENT,0.0004415443108882755,388.441162109375,178.72708129882812,422.8545227050781,229.26792907714844
NewCon3.png,DAMAGE - RUST,0.0004402378690429032,240.94064331054688,344.03118896484375,463.0248718261719,428.29229736328125
NewCon3.png,DENT,0.00043877316056750715,128.33071899414062,119.09043884277344,337.2151184082031,211.1767578125
NewCon3.png,DENT,0.00043232477037236094,27.834774017333984,0.09556611627340317,436.0774230957031,52.585018157958984
NewCon3.png,DENT,0.0004164323618169874,88.22782897949219,108.51014709472656,441.16912841796875,295.4977722167969
NewCon3.png,DENT,0.00041258963756263256,360.87506103515625,93.33326721191406,435.703857421875,172.72958374023438
NewCon3.png,DENT,0.0004100972437299788,52.61707305908203,353.4544372558594,317.84002685546875,428.12127685546875
NewCon3.png,DENT,0.0004048676637466997,169.9152374267578,309.0921325683594,437.0439453125,418.3666687011719
NewCon3.png,DENT,0.0003933486295863986,466.13189697265625,220.859619140625,491.8612365722656,290.0631408691406
NewCon3.png,DENT,0.00039251596899703145,465.7212219238281,172.3334503173828,499.3756103515625,278.81689453125
NewCon3.png,DENT,0.00039102486334741116,135.4050750732422,278.9906311035156,377.1995849609375,375.1966552734375
NewCon3.png,DENT,0.0003889750223606825,220.87701416015625,149.73602294921875,317.48736572265625,212.71920776367188
NewCon3.png,DENT,0.0003841049619950354,252.684326171875,322.31298828125,365.2615966796875,394.4103088378906
NewCon3.png,DENT,0.0003809728950727731,137.623291015625,358.86578369140625,261.2642822265625,438.9858093261719
NewCon3.png,DENT,0.0003761644475162029,123.80412292480469,364.1076965332031,213.25743103027344,435.90118408203125
NewCon3.png,DENT,0.00037326058372855186,36.12590026855469,329.3628845214844,380.5487976074219,431.65423583984375
NewCon3.png,DENT,0.00037027502548880875,108.9451904296875,74.75568389892578,185.21131896972656,153.99395751953125
NewCon3.png,DENT,0.00036922088474966586,39.843719482421875,344.4027099609375,299.1890869140625,441.7970275878906
NewCon3.png,DENT,0.00036670296685770154,293.5899963378906,364.0455627441406,338.2232971191406,404.1024169921875
NewCon3.png,DENT,0.0003627052064985037,225.78518676757812,351.8704528808594,337.5772705078125,416.75433349609375
NewCon3.png,DENT,0.00036261562490835786,56.60224151611328,81.2049331665039,461.3123779296875,432.7626647949219
NewCon3.png,DENT,0.00036104992614127696,464.2225646972656,226.04159545898438,498.89697265625,332.00482177734375
NewCon3.png,DENT,0.0003598309413064271,392.9733581542969,205.1100616455078,428.82611083984375,287.42144775390625
NewCon3.png,DENT,0.000357773998985067,116.71690368652344,0.0,439.9555969238281,35.04192352294922
NewCon3.png,DENT,0.00035054818727076054,95.13807678222656,91.49794006347656,151.19827270507812,172.01849365234375
NewCon3.png,DENT,0.0003504397755023092,61.292171478271484,0.0,378.9962158203125,35.05046463012695
NewCon3.png,DENT,0.00034176144981756806,111.77555847167969,77.813232421875,429.224609375,236.1544647216797
NewCon3.png,DENT,0.0003411587094888091,240.51385498046875,347.97137451171875,352.41314697265625,407.96575927734375
NewCon3.png,DENT,0.0003385117743164301,78.57243347167969,342.1754150390625,361.0886535644531,424.26739501953125
NewCon3.png,DENT,0.0003371541097294539,393.3527526855469,253.6099395751953,424.24847412109375,301.14862060546875
NewCon3.png,DENT,0.00033691362477838993,135.97898864746094,286.86016845703125,342.8980712890625,356.3780822753906
NewCon3.png,DENT,0.00033326889388263226,393.35980224609375,200.5160369873047,426.7771911621094,267.990234375
NewCon3.png,DAMAGE - RUST,0.00033034413354471326,329.2179260253906,351.0635070800781,450.7673034667969,412.2917785644531
NewCon3.png,DENT,0.00032129010651260614,38.90117263793945,351.8172912597656,153.61329650878906,440.2322998046875
NewCon3.png,DENT,0.0003212854790035635,274.3258972167969,361.7357482910156,335.5253601074219,406.10003662109375
NewCon3.png,DENT,0.00031815204420126975,392.67901611328125,91.46525573730469,440.3107604980469,143.1208953857422
NewCon3.png,DAMAGE - RUST,0.0003089089004788548,83.7513656616211,0.26854872703552246,472.44366455078125,96.19017791748047
NewCon3.png,DENT,0.0003055323613807559,92.76636505126953,196.9913330078125,453.861572265625,374.92791748046875
NewCon3.png,DENT,0.0002998798154294491,114.02375030517578,100.96745300292969,272.7580871582031,206.4415740966797
NewCon3.png,DAMAGE - RUST,0.00029842383810319006,358.5373229980469,363.3442687988281,410.96588134765625,408.96466064453125
NewCon3.png,DENT,0.00029756355797871947,325.0946350097656,93.3836898803711,430.1774597167969,174.2596893310547
NewCon3.png,DENT,0.00029401713982224464,18.34561538696289,0.0,299.5101013183594,33.98235321044922
NewCon3.png,DENT,0.0002868037554435432,374.281005859375,190.56277465820312,409.2134704589844,250.998779296875
NewCon3.png,DENT,0.0002853832265827805,202.16505432128906,0.0,488.0429992675781,35.5281867980957
NewCon3.png,DENT,0.0002828613214660436,7.131616592407227,352.51324462890625,245.62332153320312,460.93585205078125
NewCon3.png,DAMAGE - RUST,0.00027911431971006095,0.683079183101654,227.5813446044922,26.381404876708984,317.8714294433594
NewCon3.png,DENT,0.0002781004295684397,372.6983642578125,178.59884643554688,413.2724304199219,230.92831420898438
NewCon3.png,DENT,0.0002780314825940877,108.4190444946289,91.62579345703125,228.069091796875,198.23287963867188
NewCon3.png,DENT,0.0002731189888436347,464.06072998046875,240.0995635986328,499.3896484375,363.7179260253906
NewCon3.png,DENT,0.0002713848080020398,367.5943298339844,157.23793029785156,422.4328308105469,209.84388732910156
NewCon3.png,DENT,0.00026999428519047797,0.0,272.5527038574219,50.33534240722656,432.89129638671875
NewCon3.png,DENT,0.0002649118541739881,34.05655288696289,198.6239013671875,63.577823638916016,356.7653503417969
NewCon3.png,DENT,0.00026238890131935477,11.972030639648438,0.0,292.60369873046875,53.53899383544922
NewCon3.png,DENT,0.00026009316206909716,279.472412109375,350.26806640625,348.6232604980469,406.159423828125
NewCon3.png,DENT,0.0002581271983217448,351.1390075683594,78.55174255371094,436.3663330078125,151.57861328125
NewCon3.png,DENT,0.0002558527048677206,79.33810424804688,99.70655059814453,139.6448211669922,157.14096069335938
NewCon3.png,DAMAGE - RUST,0.0002550618664827198,37.83814239501953,278.5472412109375,476.4862976074219,426.7845764160156
NewCon3.png,DENT,0.00024914200184866786,40.77305221557617,158.62313842773438,64.43844604492188,363.1184997558594
NewCon3.png,DENT,0.00024573164409957826,155.4189910888672,339.0296325683594,467.5821533203125,491.5514221191406
NewCon3.png,DENT,0.00024452031357213855,263.93194580078125,358.722412109375,345.1287536621094,428.1720886230469
NewCon3.png,DENT,0.00024348252918571234,321.8337707519531,156.3313446044922,369.9336242675781,197.82444763183594
NewCon3.png,DENT,0.00024320573720615357,233.10829162597656,0.0033229589462280273,496.5804443359375,62.12592315673828
NewCon3.png,DENT,0.00024306061095558107,252.75997924804688,154.64096069335938,327.04119873046875,206.27113342285156
NewCon3.png,DENT,0.0002413800684735179,311.8882751464844,74.03399658203125,440.1689453125,146.5087127685547
NewCon3.png,DENT,0.00023958610836416483,266.56103515625,351.82611083984375,384.4115905761719,434.4346618652344
NewCon3.png,DENT,0.00023720451281405985,404.4281005859375,193.42494201660156,443.2489318847656,252.07781982421875
NewCon3.png,DAMAGE - RUST,0.00023713326663710177,111.15646362304688,52.62905502319336,451.96185302734375,185.0284423828125
NewCon3.png,DENT,0.00023384355881717056,412.2125549316406,212.93783569335938,441.0627746582031,259.7075500488281
NewCon3.png,DENT,0.00023297942243516445,391.71771240234375,275.6982116699219,421.14849853515625,330.57232666015625
NewCon3.png,DENT,0.00023103391868062317,234.0664520263672,174.65927124023438,280.602294921875,221.7183380126953
NewCon3.png,DENT,0.00022962094226386398,186.8554229736328,172.75531005859375,260.95794677734375,220.42181396484375
NewCon3.png,DENT,0.00022473004355560988,215.63778686523438,174.59165954589844,275.0127258300781,220.50767517089844
NewCon3.png,DENT,0.0002242303016828373,195.83872985839844,331.3382568359375,467.9764709472656,450.7383728027344
NewCon3.png,DENT,0.00021961514721624553,30.351003646850586,0.0,396.65625,74.94676971435547
NewCon3.png,DENT,0.00021834384824614972,34.02032470703125,378.34930419921875,260.5680236816406,449.26025390625
NewCon3.png,DENT,0.00021575350547209382,16.597986221313477,331.1050720214844,486.5184631347656,499.7035827636719
NewCon3.png,DAMAGE - RUST,0.00021539644512813538,0.14228373765945435,162.0863494873047,23.766786575317383,270.4793395996094
NewCon3.png,DENT,0.00021394179202616215,47.11489486694336,359.76690673828125,126.493896484375,435.60577392578125
NewCon3.png,DENT,0.00021273232414387167,17.652572631835938,358.2566833496094,122.16769409179688,433.2610778808594
NewCon3.png,DENT,0.00020912960462737828,291.8253479003906,156.35385131835938,351.591552734375,201.19935607910156
NewCon3.png,DENT,0.00020784225489478558,466.05706787109375,206.889892578125,491.2552185058594,280.2528076171875
NewCon3.png,DENT,0.0002076695382129401,43.00558853149414,176.20448303222656,480.6667175292969,451.77734375
NewCon3.png,DENT,0.00020747871894855052,198.96630859375,276.4229736328125,298.7520446777344,347.1819763183594
NewCon3.png,DENT,0.00020723494526464492,238.8306884765625,351.9749755859375,354.92529296875,432.7791748046875
NewCon3.png,DENT,0.0002052699710475281,45.387943267822266,347.2638244628906,359.3659973144531,406.9156799316406
NewCon3.png,DENT,0.00020479981321841478,3.6737844944000244,341.9800720214844,80.045654296875,431.0263977050781
NewCon3.png,DENT,0.00020409120770636946,414.2357177734375,249.45481872558594,445.22467041015625,297.7893371582031
NewCon3.png,DENT,0.00020266961655579507,82.77253723144531,1.8497308492660522,495.82122802734375,208.18643188476562
NewCon3.png,DENT,0.00019713689107447863,386.9792785644531,294.3367919921875,422.1449890136719,341.1343078613281
NewCon3.png,DENT,0.00019657661323435605,190.57139587402344,287.9919738769531,433.0150451660156,402.1480712890625
NewCon3.png,DENT,0.0001960399968083948,414.64044189453125,227.1881103515625,441.8482971191406,277.9463195800781
NewCon3.png,DENT,0.00019578219507820904,10.701894760131836,360.0183410644531,75.31336975097656,424.53472900390625
NewCon3.png,DENT,0.0001942707458510995,335.3419494628906,292.44268798828125,499.7417297363281,469.2168884277344
NewCon3.png,DENT,0.00019383149628993124,344.1678771972656,157.2843780517578,395.1443176269531,201.1128692626953
NewCon3.png,DENT,0.0001935686741489917,173.911376953125,176.32687377929688,219.53659057617188,220.53567504882812
NewCon3.png,DENT,0.00018970512610394508,69.93345642089844,386.8869934082031,271.75994873046875,448.0141906738281
NewCon3.png,DENT,0.00018965519848279655,395.0263671875,150.81373596191406,446.3330993652344,203.39251708984375
NewCon3.png,DENT,0.00018855764938052744,10.693669319152832,367.8487243652344,142.74923706054688,443.1875
NewCon3.png,DENT,0.00018719905347097665,28.79540252685547,313.58258056640625,483.8357238769531,450.0751647949219
NewCon3.png,DENT,0.0001867702667368576,53.65932083129883,40.0069465637207,466.24267578125,340.9756774902344
NewCon3.png,DENT,0.0001856033777585253,0.0,344.71258544921875,52.47365188598633,427.81768798828125
NewCon3.png,DENT,0.0001837318268371746,383.4887390136719,82.97637176513672,434.397705078125,150.73654174804688
NewCon3.png,DENT,0.00018260968499816954,0.0,192.8917694091797,42.19830322265625,339.731689453125
NewCon3.png,DENT,0.00018147018272429705,0.16095738112926483,322.81243896484375,27.883373260498047,431.8822021484375
NewCon3.png,DENT,0.00018077589629683644,43.81119155883789,181.74681091308594,65.41876983642578,323.9981384277344
NewCon3.png,DENT,0.00018045610340777785,467.4681701660156,153.25765991210938,499.9518127441406,264.37109375
NewCon3.png,DENT,0.00017899126396514475,173.5308837890625,255.15679931640625,332.0094909667969,353.3998718261719
NewCon3.png,DENT,0.00017865961126517504,0.0,197.88882446289062,46.81116485595703,425.1951599121094
NewCon3.png,DENT,0.00017763891082722694,207.5164031982422,72.13885498046875,431.50433349609375,149.24241638183594
NewCon3.png,DENT,0.0001756574638420716,76.54405212402344,134.2108612060547,390.24432373046875,328.8592224121094
NewCon3.png,DAMAGE - RUST,0.00017419135838281363,0.10474026203155518,108.6226806640625,25.262744903564453,285.9537353515625
NewCon3.png,DENT,0.00017314596334472299,42.55342483520508,38.96131134033203,406.89569091796875,126.11878967285156
NewCon3.png,DENT,0.00017215526895597577,75.74813079833984,316.3512268066406,367.5085144042969,379.6488952636719
NewCon3.png,DENT,0.00017143384320661426,370.65985107421875,195.4823455810547,409.58612060546875,268.0144348144531
NewCon3.png,DENT,0.0001701356377452612,0.0,131.93067932128906,54.022647857666016,366.1622619628906
NewCon3.png,DENT,0.00016988390416372567,89.5647201538086,123.93234252929688,138.40330505371094,191.8946533203125
NewCon3.png,DENT,0.0001697248953860253,31.702672958374023,262.36956787109375,62.061256408691406,339.9542236328125
NewCon3.png,DENT,0.00016786661581136286,354.77728271484375,191.58876037597656,381.2641296386719,245.09458923339844
NewCon3.png,DENT,0.00016703316941857338,43.575843811035156,181.7763671875,64.57804107666016,274.2742919921875
NewCon3.png,DENT,0.00016623821284156293,399.00390625,175.31414794921875,444.3063049316406,225.54295349121094
NewCon3.png,DENT,0.00016623316332697868,86.23095703125,0.0,481.5406799316406,76.05091857910156
NewCon3.png,DENT,0.00016414349374826998,230.37506103515625,359.24395751953125,316.5081481933594,430.2445373535156
NewCon3.png,DENT,0.00016324943862855434,202.3414764404297,271.07708740234375,360.6225891113281,363.92999267578125
NewCon3.png,DENT,0.00016188473091460764,10.387222290039062,425.6855773925781,359.6757507324219,499.9803161621094
NewCon3.png,DENT,0.0001600708783371374,330.015380859375,380.5513610839844,489.08770751953125,465.88104248046875
NewCon3.png,DENT,0.00015968260413501412,465.405029296875,267.7900085449219,499.4740905761719,378.10504150390625
NewCon3.png,DENT,0.00015889130008872598,207.45838928222656,360.4508361816406,278.56640625,432.5754699707031
NewCon3.png,DENT,0.00015888856432866305,351.119140625,178.49398803710938,386.06494140625,226.05316162109375
NewCon3.png,DENT,0.000156778609380126,8.044123649597168,0.0,289.51837158203125,79.10513305664062
NewCon3.png,DENT,0.00015291699673980474,371.33154296875,189.7686309814453,423.2781982421875,290.82928466796875
NewCon3.png,DENT,0.00015278378850780427,158.13909912109375,177.26004028320312,208.3802032470703,221.72486877441406
NewCon3.png,DENT,0.0001525131956441328,237.36331176757812,178.8792724609375,282.6182556152344,243.91079711914062
NewCon3.png,DENT,0.00015217167674563825,466.3608093261719,291.1607971191406,500.0,390.56585693359375
NewCon3.png,DENT,0.00015000122948549688,16.062538146972656,415.48236083984375,449.54022216796875,499.6942138671875
NewCon3.png,DENT,0.00014713473501615226,35.53398513793945,280.2829895019531,394.7733459472656,430.759521484375
NewCon3.png,DENT,0.0001462309155613184,219.54917907714844,178.1636962890625,276.03546142578125,245.8057403564453
NewCon3.png,DENT,0.00014327926328405738,13.550515174865723,273.0704650878906,64.66547393798828,346.99310302734375
NewCon3.png,DENT,0.00014321137859951705,79.77885437011719,88.10157012939453,161.69900512695312,154.40121459960938
NewCon3.png,DAMAGE - DEFRAME,0.0001424834772478789,172.485595703125,0.20046035945415497,491.33905029296875,96.34257507324219
NewCon3.png,DENT,0.00014023920812178403,331.60406494140625,410.6094970703125,500.0,499.73919677734375
NewCon3.png,DAMAGE - RUST,0.0001399223692715168,301.402099609375,346.0285339355469,438.8791198730469,440.54132080078125
NewCon3.png,DENT,0.0001399181055603549,460.64410400390625,332.1476745605469,499.4192199707031,413.77362060546875
NewCon3.png,DENT,0.0001394161517964676,75.80614471435547,57.123802185058594,441.8483581542969,174.9018096923828
NewCon3.png,DENT,0.00013648433377966285,2.8699240684509277,407.8746032714844,241.37989807128906,499.74951171875
NewCon3.png,DENT,0.00013510417193174362,343.1717529296875,241.58168029785156,385.9206237792969,313.4615478515625
NewCon3.png,DENT,0.00013455415319185704,238.77529907226562,169.91839599609375,300.6147155761719,226.6164093017578
NewCon3.png,DENT,0.00013449192920234054,466.83416748046875,321.65655517578125,500.0,406.57513427734375
NewCon3.png,DENT,0.00013316923286765814,46.2355842590332,175.0830535888672,83.71035766601562,354.9540100097656
NewCon3.png,DENT,0.0001324380427831784,3.58736515045166,459.1373596191406,265.96038818359375,500.0
NewCon3.png,DENT,0.00013075296010356396,165.58644104003906,274.4858703613281,295.91632080078125,348.7709045410156
NewCon3.png,DENT,0.00012999871978536248,37.43721008300781,161.74185180664062,66.27111053466797,298.5583190917969
NewCon3.png,DENT,0.00012939433509018272,157.4491729736328,72.44090270996094,451.3458251953125,208.37991333007812
NewCon3.png,DENT,0.0001292520173592493,350.0666198730469,201.4652099609375,381.221435546875,275.78546142578125
NewCon3.png,DENT,0.00012895201507490128,4.852871417999268,0.0,209.3202667236328,33.47276306152344
NewCon3.png,DENT,0.0001279355783481151,37.35152816772461,307.603271484375,350.80322265625,415.0483703613281
NewCon3.png,DENT,0.00012729840818792582,371.64044189453125,211.45773315429688,428.6387023925781,326.9825134277344
NewCon3.png,DENT,0.00012645722017623484,380.39239501953125,358.8717041015625,483.2751159667969,431.00970458984375
NewCon3.png,DENT,0.000126445505884476,0.2564837634563446,357.661865234375,27.912195205688477,431.4406433105469
NewCon3.png,DENT,0.00012633319420274347,311.87530517578125,388.3446044921875,445.4532165527344,455.2736511230469
NewCon3.png,DENT,0.0001259814453078434,2.8607449531555176,440.7947998046875,186.48001098632812,499.4642028808594
NewCon3.png,DAMAGE - RUST,0.00012589161633513868,1.3969441652297974,174.7121124267578,45.40699768066406,259.27386474609375
NewCon3.png,DENT,0.00012543376942630857,465.40802001953125,268.0003662109375,494.2247314453125,357.13848876953125
NewCon3.png,DENT,0.00012431471259333193,353.24859619140625,205.3275604248047,378.8186950683594,257.2810974121094
NewCon3.png,DENT,0.00012373673962429166,338.623046875,393.0719909667969,456.4147033691406,451.704345703125
NewCon3.png,DENT,0.00012219497875776142,32.76006317138672,0.0,466.3234558105469,133.29234313964844
NewCon3.png,DENT,0.00012070303637301549,415.46417236328125,269.39483642578125,451.0435485839844,331.2599182128906
NewCon3.png,DENT,0.00011863424151670188,71.11853790283203,148.3618621826172,112.96882629394531,196.95379638671875
NewCon3.png,DENT,0.00011808799172285944,451.44775390625,176.5103759765625,500.0,331.7341613769531
NewCon3.png,DENT,0.00011774380982387811,51.985137939453125,170.44264221191406,83.28306579589844,290.809814453125
NewCon3.png,DENT,0.00011749190889531747,131.9716339111328,363.3480224609375,423.3052978515625,470.5882263183594
NewCon3.png,DAMAGE - RUST,0.0001168637172668241,0.043839216232299805,154.58554077148438,48.057891845703125,283.13653564453125
NewCon3.png,DENT,0.00011593868111958727,327.06103515625,176.51287841796875,376.59869384765625,218.70558166503906
NewCon3.png,DENT,0.00011580465798033401,189.97523498535156,271.5729675292969,406.0989990234375,372.92169189453125
NewCon3.png,DAMAGE - RUST,0.00011473341874079779,360.4691467285156,351.0869445800781,464.3085632324219,409.34674072265625
NewCon3.png,DENT,0.00011393460590625182,72.4774398803711,92.24957275390625,143.08758544921875,180.0640106201172
NewCon3.png,DENT,0.0001137541767093353,368.1381530761719,298.71038818359375,413.87017822265625,350.4529113769531
NewCon3.png,DENT,0.00011208459181943908,349.37030029296875,321.3681335449219,435.05181884765625,394.89849853515625
NewCon3.png,DENT,0.00011188061762368307,120.1554946899414,464.28594970703125,443.0186462402344,499.92572021484375
NewCon3.png,DENT,0.00011157123662997037,4.163344860076904,441.11810302734375,269.06048583984375,499.72186279296875
NewCon3.png,DENT,0.00011074774374719709,134.8398895263672,175.16317749023438,197.77915954589844,220.91165161132812
NewCon3.png,DENT,0.0001104198963730596,251.01467895507812,250.46392822265625,388.7710266113281,336.6307067871094
NewCon3.png,DAMAGE - RUST,0.00011002198152709752,0.05312512442469597,96.83120727539062,24.712160110473633,234.49374389648438
NewCon3.png,DENT,0.00010991920862579718,0.0,175.21505737304688,45.28158187866211,310.47064208984375
NewCon3.png,DENT,0.00010951683361781761,360.02557373046875,359.69580078125,474.8791198730469,422.54803466796875
NewCon3.png,DENT,0.00010859721805900335,375.4627685546875,317.6744384765625,432.4233703613281,357.02252197265625
NewCon3.png,DENT,0.00010816563735716045,298.8692626953125,294.90386962890625,410.7552795410156,389.19921875
NewCon3.png,DENT,0.00010744213795987889,443.6466064453125,187.76239013671875,498.9943542480469,424.2886047363281
NewCon3.png,DENT,0.00010726166510721669,255.05734252929688,170.1451416015625,323.9949645996094,222.06463623046875
NewCon3.png,DENT,0.00010661799751687795,336.93194580078125,337.7657775878906,498.9342956542969,500.0
NewCon3.png,DENT,0.0001025472447508946,49.78962707519531,191.9770050048828,81.3565444946289,306.3146667480469
NewCon3.png,DENT,0.00010125392873305827,202.0232696533203,246.9942626953125,398.7998352050781,356.32403564453125
NewCon3.png,DENT,0.00010107460548169911,376.7160339355469,349.802490234375,469.26287841796875,416.5952453613281
NewCon3.png,DENT,0.00010106574336532503,370.7994689941406,272.6907958984375,420.3760681152344,349.8151550292969
NewCon3.png,DENT,9.972223051590845e-05,3.6930441856384277,244.09410095214844,71.36943054199219,426.8977355957031
NewCon3.png,DENT,9.903065074468032e-05,131.64369201660156,61.22962951660156,472.6410827636719,390.7774658203125
NewCon3.png,DAMAGE - DEFRAME,9.855236567091197e-05,0.0,74.61467742919922,56.99529266357422,358.27655029296875
NewCon3.png,DENT,9.78883181232959e-05,0.0,443.9153747558594,358.4921875,499.6967468261719
NewCon3.png,DENT,9.744239650899544e-05,229.58323669433594,279.4261779785156,383.4814758300781,361.1030578613281
NewCon3.png,DENT,9.633501031203195e-05,51.297813415527344,189.30030822753906,80.63355255126953,276.1032409667969
NewCon3.png,DENT,9.604543447494507e-05,22.529245376586914,464.4934387207031,334.7894592285156,499.875
NewCon3.png,DENT,9.400532144354656e-05,452.9848327636719,348.7362060546875,499.6051940917969,431.38824462890625
NewCon3.png,DENT,9.336139191873372e-05,281.0308532714844,0.0,496.3388977050781,32.97572326660156
NewCon3.png,DENT,9.313722694059834e-05,28.51372718811035,136.8016815185547,65.22933959960938,301.7431945800781
NewCon3.png,DENT,9.304490231443197e-05,50.319515228271484,189.5444793701172,396.9501647949219,395.5190734863281
NewCon3.png,DENT,9.299354132963344e-05,94.96963500976562,324.71868896484375,348.7510681152344,366.4036560058594
NewCon3.png,DAMAGE - RUST,9.160408080788329e-05,354.9942321777344,364.330810546875,422.1307678222656,433.3199462890625
NewCon3.png,DENT,9.149425750365481e-05,343.01043701171875,280.2353515625,383.751708984375,349.7019348144531
NewCon3.png,DENT,9.085149940801784e-05,181.40530395507812,441.63140869140625,494.20367431640625,499.91656494140625
NewCon3.png,DENT,8.982612052932382e-05,127.41988372802734,391.9833679199219,307.2131652832031,446.7188720703125
NewCon3.png,DENT,8.967805479187518e-05,186.02670288085938,176.87632751464844,261.6495666503906,247.20277404785156
NewCon3.png,DENT,8.94701515790075e-05,201.1819610595703,464.00701904296875,467.7029724121094,499.9054870605469
NewCon3.png,DENT,8.90695519046858e-05,3.1356513500213623,363.8040466308594,107.10429382324219,439.232666015625
NewCon3.png,DENT,8.896453800844029e-05,136.44342041015625,420.2502746582031,478.5184326171875,499.63134765625
NewCon3.png,DENT,8.823785174172372e-05,232.39959716796875,79.41129302978516,448.695556640625,246.34231567382812
NewCon3.png,DENT,8.594777318648994e-05,1.0914306640625,387.2896423339844,114.17854309082031,499.2582702636719
NewCon3.png,DENT,8.30966528155841e-05,45.312225341796875,291.50042724609375,86.77751159667969,340.6187744140625
NewCon3.png,DENT,8.232206891989335e-05,114.56712341308594,380.9700012207031,362.8682861328125,462.8408203125
NewCon3.png,DENT,8.150557550834492e-05,454.2816467285156,80.55887603759766,499.78631591796875,179.98231506347656
NewCon3.png,DENT,8.132606308208779e-05,289.954345703125,173.18817138671875,353.6671142578125,218.9550018310547
NewCon3.png,DENT,8.06521566119045e-05,413.0621032714844,295.6672058105469,452.52008056640625,342.0484313964844
NewCon3.png,DENT,8.025757415452972e-05,176.0411376953125,185.44778442382812,218.57723999023438,241.360595703125
NewCon3.png,DENT,8.011611498659477e-05,55.24649429321289,107.0016860961914,85.12718963623047,300.22662353515625
NewCon3.png,DENT,7.987109711393714e-05,69.34907531738281,177.4217071533203,107.78437042236328,228.10275268554688
NewCon3.png,DENT,7.948791608214378e-05,242.337158203125,171.5784454345703,300.2568054199219,249.22796630859375
NewCon3.png,DENT,7.891144196037203e-05,272.2671813964844,134.5023193359375,452.59771728515625,301.2394104003906
NewCon3.png,DENT,7.869854744058102e-05,31.54252052307129,47.32636642456055,312.45611572265625,125.58454895019531
NewCon3.png,DENT,7.84158255555667e-05,16.58604621887207,291.607666015625,139.63580322265625,429.8541259765625
NewCon3.png,DENT,7.83625291660428e-05,261.3121337890625,460.8856201171875,490.68408203125,500.0
NewCon3.png,DENT,7.742807792965323e-05,1.1440515518188477,457.9091491699219,153.53976440429688,500.0
NewCon3.png,DENT,7.72054263507016e-05,53.61247253417969,444.26806640625,480.1039123535156,499.73846435546875
NewCon3.png,DENT,7.650668703718111e-05,162.36868286132812,185.6917266845703,206.43093872070312,242.52157592773438
NewCon3.png,DENT,7.576642383355647e-05,111.34314727783203,175.94619750976562,171.4279327392578,219.375732421875
NewCon3.png,DENT,7.570185698568821e-05,67.58274841308594,57.50703811645508,187.47457885742188,161.45774841308594
NewCon3.png,DENT,7.503137749154121e-05,239.8338165283203,332.3554382324219,496.6456298828125,500.0
NewCon3.png,DENT,7.45919969631359e-05,469.7101745605469,341.973388671875,500.0,427.2433166503906
NewCon3.png,DENT,7.389076199615374e-05,389.2532958984375,3.7662885189056396,500.0,162.61282348632812
NewCon3.png,DENT,7.199394894996658e-05,407.9346008300781,358.2017517089844,493.2012023925781,427.9859313964844
NewCon3.png,DENT,7.136577914934605e-05,5.1961541175842285,0.0,180.592529296875,51.73719024658203
NewCon3.png,DENT,7.123754039639607e-05,94.82192993164062,137.02337646484375,464.3406066894531,485.2453918457031
NewCon3.png,DENT,7.108505815267563e-05,302.5409851074219,0.1926521509885788,498.6885070800781,53.770721435546875
NewCon3.png,DENT,6.994503200985491e-05,0.30639272928237915,446.2289123535156,31.168298721313477,500.0
NewCon3.png,DENT,6.973604467930272e-05,232.42959594726562,159.30416870117188,330.3462829589844,252.86399841308594
NewCon3.png,DENT,6.964219937799498e-05,0.12159844487905502,379.04803466796875,29.370607376098633,439.5168762207031
NewCon3.png,DENT,6.740519893355668e-05,320.1435241699219,437.79534912109375,499.4470520019531,499.51873779296875
NewCon3.png,DENT,6.736593786627054e-05,253.75247192382812,425.90850830078125,481.23614501953125,499.8390808105469
NewCon3.png,DENT,6.650810973951593e-05,212.205810546875,188.84425354003906,279.6582336425781,264.55841064453125
NewCon3.png,DENT,6.605837552342564e-05,1.1453430652618408,441.0448303222656,105.75424194335938,499.4020690917969
NewCon3.png,DENT,6.572528945980594e-05,466.193603515625,109.11388397216797,500.0,264.1416931152344
NewCon3.png,DENT,6.57175260130316e-05,202.24659729003906,196.002685546875,340.7903747558594,343.8717346191406
NewCon3.png,DENT,6.506743375211954e-05,219.61935424804688,181.2865753173828,453.39825439453125,349.41571044921875
NewCon4.png,DENT,0.10727159678936005,857.4151611328125,0.0,2536.44921875,751.7777099609375
NewCon4.png,DENT,0.08837468922138214,1102.5909423828125,1.0774738788604736,2339.362060546875,650.4947509765625
NewCon4.png,DENT,0.061025653034448624,535.2931518554688,0.5678303837776184,2411.693603515625,877.235595703125
NewCon4.png,DENT,0.054958414286375046,1160.693115234375,0.0,2090.67333984375,588.03515625
NewCon4.png,DENT,0.031056668609380722,16.932373046875,0.0,2515.084228515625,790.3897094726562
NewCon4.png,DENT,0.02728269435465336,360.00506591796875,0.0872802734375,2532.19140625,611.8753662109375
NewCon4.png,DENT,0.025943364948034286,978.934326171875,0.0,2120.73876953125,736.0988159179688
NewCon4.png,DENT,0.020462695509195328,942.8993530273438,0.0,1923.090576171875,622.2733154296875
NewCon4.png,DENT,0.015778798609972,1289.947021484375,2.8756203651428223,1969.490478515625,464.423095703125
NewCon4.png,DENT,0.014069189317524433,1146.1212158203125,0.0,2356.4248046875,419.5491638183594
NewCon4.png,DENT,0.013603715226054192,959.5387573242188,0.0,2501.8583984375,481.0422668457031
NewCon4.png,DENT,0.013011295348405838,1052.976806640625,0.0,2043.23828125,380.47296142578125
NewCon4.png,DENT,0.009030447341501713,3.569793701171875,10.12700366973877,692.2899780273438,681.1871948242188
NewCon4.png,DENT,0.008923251181840897,604.103759765625,1042.4228515625,754.0579223632812,1382.8411865234375
NewCon4.png,DENT,0.008261671289801598,599.159912109375,0.0,2023.576416015625,543.4496459960938
NewCon4.png,DENT,0.008008977398276329,1907.97802734375,984.1893310546875,2075.686767578125,1413.6763916015625
NewCon4.png,DENT,0.007633268367499113,764.6174926757812,0.0,2001.5811767578125,338.6346740722656
NewCon4.png,DENT,0.006765651982277632,1.67510986328125,0.0,847.1039428710938,836.0802001953125
NewCon4.png,DENT,0.006149910856038332,583.2421875,1016.3211669921875,767.8265380859375,1352.368896484375
NewCon4.png,DENT,0.005992411635816097,1021.5130615234375,0.0,2383.839599609375,272.2740478515625
NewCon4.png,DENT,0.005200151354074478,34.23024368286133,20.896656036376953,594.4135131835938,572.4306640625
NewCon4.png,DENT,0.004971600603312254,0.0,0.0,1702.0556640625,756.7523803710938
NewCon4.png,DENT,0.004569472279399633,766.021728515625,0.0,2145.546142578125,235.84942626953125
NewCon4.png,DENT,0.004524890799075365,34.46868896484375,1.3361103534698486,1087.730224609375,646.045654296875
NewCon4.png,DENT,0.0036130454391241074,44.11885452270508,0.0,1967.3359375,533.588134765625
NewCon4.png,DENT,0.0035620012786239386,25.78104591369629,0.0,2033.4443359375,325.9814758300781
NewCon4.png,DENT,0.0035077810753136873,1889.3424072265625,964.5225830078125,2089.5595703125,1512.988525390625
NewCon4.png,DENT,0.0034793447703123093,582.9085083007812,1027.88916015625,770.0014038085938,1482.765625
NewCon4.png,DENT,0.002980077639222145,937.6416015625,949.2069091796875,1161.421630859375,1450.5987548828125
NewCon4.png,DENT,0.002921465551480651,2095.22900390625,1367.723388671875,2253.17333984375,1635.7083740234375
NewCon4.png,DENT,0.002731533022597432,0.0,1279.53857421875,113.04058074951172,1567.5931396484375
NewCon4.png,DENT,0.00272033060900867,2023.433837890625,989.2791748046875,2243.63427734375,1638.8929443359375
NewCon4.png,DENT,0.0024678760673850775,1823.7698974609375,958.5941162109375,2056.46484375,1475.86376953125
NewCon4.png,DENT,0.002259631175547838,1291.7935791015625,0.0,2550.7861328125,536.6415405273438
NewCon4.png,DENT,0.002222815528512001,231.08815002441406,819.7294921875,328.0766296386719,1055.5042724609375
NewCon4.png,DENT,0.0021848692558705807,1960.39990234375,914.1127319335938,2206.795166015625,1613.7855224609375
NewCon4.png,DENT,0.0020979782566428185,71.28153228759766,0.0,2020.880126953125,220.16812133789062
NewCon4.png,DENT,0.002059980295598507,1180.635986328125,0.0,2560.0,325.8641357421875
NewCon4.png,DENT,0.002003573579713702,2103.70361328125,1221.7774658203125,2261.253173828125,1640.2357177734375
NewCon4.png,DENT,0.0019746075849980116,897.17626953125,12.556304931640625,1911.3380126953125,835.2720947265625
NewCon4.png,DENT,0.0019318185513839126,919.7635498046875,979.8748779296875,1161.4273681640625,1228.3050537109375
NewCon4.png,DENT,0.001844576676376164,11.115213394165039,0.0,909.2805786132812,474.73876953125
NewCon4.png,DENT,0.001831398461945355,1891.25732421875,976.2739868164062,2190.490966796875,1600.3372802734375
NewCon4.png,DENT,0.0018196270102635026,484.6222229003906,936.9473266601562,779.1101684570312,1362.822998046875
NewCon4.png,DENT,0.0018049353966489434,1030.32421875,11.204324722290039,1609.8328857421875,658.4000854492188
NewCon4.png,DENT,0.0017070375615730882,1974.036376953125,0.0,2560.0,482.9493103027344
NewCon4.png,DENT,0.001642621704377234,1131.3575439453125,8.71917724609375,1958.2830810546875,945.5589599609375
NewCon4.png,DENT,0.0015695438487455249,144.8297119140625,0.0,1246.4361572265625,716.731689453125
NewCon4.png,DENT,0.0015673843445256352,1734.306640625,2028.9190673828125,2559.81201171875,2559.818603515625
NewCon4.png,DENT,0.001505894004367292,0.0,67.52796936035156,340.0785827636719,728.8543701171875
NewCon4.png,DENT,0.00149862642865628,1922.6138916015625,916.0231323242188,2137.32666015625,1571.4764404296875
NewCon4.png,DENT,0.0014920243993401527,1805.797119140625,979.4216918945312,1996.6376953125,1514.3287353515625
NewCon4.png,DENT,0.0014802218647673726,94.11732482910156,0.0,1381.8896484375,506.7041015625
NewCon4.png,DENT,0.0014642509631812572,2168.47607421875,0.7995096445083618,2557.235107421875,277.6136169433594
NewCon4.png,DENT,0.001459576771594584,2097.416259765625,1031.31787109375,2271.28466796875,1621.106689453125
NewCon4.png,DENT,0.0014560832642018795,1660.64599609375,3.2993061542510986,2373.880126953125,570.7808227539062
NewCon4.png,DENT,0.001455600606277585,881.8582153320312,924.1090698242188,1175.71337890625,1239.9761962890625
NewCon4.png,DENT,0.0014233929105103016,1732.0181884765625,0.0,2560.0,506.088134765625
NewCon4.png,DENT,0.0014216832350939512,6.3712053298950195,0.0,752.3099975585938,395.6834716796875
NewCon4.png,DENT,0.001406936440616846,1802.2586669921875,0.0,2556.909423828125,712.0471801757812
NewCon4.png,DENT,0.0013824247289448977,2020.311279296875,2.003606081008911,2560.0,267.480712890625
NewCon4.png,DENT,0.0013024043291807175,1703.0260009765625,908.3136596679688,2292.835693359375,1586.1156005859375
NewCon4.png,DENT,0.001298589282669127,233.73504638671875,1210.7880859375,344.013671875,1436.66015625
NewCon4.png,DENT,0.0012879696441814303,1929.10107421875,953.95849609375,2123.524169921875,1423.867919921875
NewCon4.png,DENT,0.001259649870917201,2037.8876953125,1313.895263671875,2232.5556640625,1640.5643310546875
NewCon4.png,DENT,0.001249659457243979,0.6453068852424622,1175.0404052734375,108.51295471191406,1563.4925537109375
NewCon4.png,DENT,0.0012278114445507526,1895.7279052734375,914.36376953125,2097.312255859375,1398.60693359375
NewCon4.png,DENT,0.0012213547015562654,830.321044921875,937.5239868164062,1136.3642578125,1386.2369384765625
NewCon4.png,DENT,0.0012043088208884,825.3189697265625,902.8800048828125,1138.04931640625,1248.323486328125
NewCon4.png,DENT,0.001174664474092424,575.71923828125,995.9474487304688,827.5947265625,1362.8223876953125
NewCon4.png,DENT,0.00116856605745852,2216.06689453125,3.9593505859375,2560.0,441.169921875
NewCon4.png,DENT,0.001161542721092701,1642.4539794921875,0.0,2558.21728515625,280.8821105957031
NewCon4.png,DENT,0.0011501919943839312,937.7638549804688,0.0,2035.480712890625,995.8946533203125
NewCon4.png,DENT,0.0011252353433519602,514.1905517578125,900.63818359375,981.2378540039062,1362.5048828125
NewCon4.png,DENT,0.0011190269142389297,563.370361328125,1184.41748046875,790.8148803710938,1504.5001220703125
NewCon4.png,DENT,0.001067346427589655,1507.6737060546875,416.4319763183594,1815.4935302734375,855.7301635742188
NewCon4.png,DENT,0.001033678068779409,1115.24365234375,0.0,2560.0,196.49359130859375
NewCon4.png,DENT,0.0010034966981038451,1920.71484375,9.737649917602539,2495.7001953125,567.1668090820312
NewCon4.png,DENT,0.000977170653641224,2158.42333984375,3.1980385780334473,2557.6845703125,592.9712524414062
NewCon4.png,DENT,0.0009220044012181461,1625.6903076171875,2183.783447265625,2560.0,2560.0
NewCon4.png,DENT,0.0009126054355874658,1990.2301025390625,12.059885025024414,2558.97314453125,679.20556640625
NewCon4.png,DENT,0.0008792924345470965,2087.9560546875,1200.716552734375,2364.902587890625,1648.394287109375
NewCon4.png,DENT,0.0008743426878936589,19.466552734375,0.0,1113.2288818359375,376.6664733886719
NewCon4.png,DENT,0.0008442621910944581,1941.4898681640625,2103.9794921875,2554.592529296875,2556.48583984375
NewCon4.png,DENT,0.0008255618740804493,2384.56494140625,1063.387451171875,2560.0,1663.6453857421875
NewCon4.png,DENT,0.000822697882540524,1930.239990234375,898.1064453125,2148.360595703125,1348.6890869140625
NewCon4.png,DENT,0.0008146382751874626,2400.44580078125,1332.563232421875,2560.0,1670.7940673828125
NewCon4.png,DENT,0.0008130783098749816,2336.572265625,979.3009033203125,2558.050048828125,1639.371337890625
NewCon4.png,DENT,0.0008117220131680369,2019.813232421875,0.0,2553.743408203125,172.5524444580078
NewCon4.png,DENT,0.0008006716379895806,2338.884521484375,1284.2818603515625,2556.6982421875,1683.566162109375
NewCon4.png,DENT,0.0007935831090435386,2347.5244140625,1034.278076171875,2554.356201171875,1446.424560546875
NewCon4.png,DENT,0.0007911892025731504,810.3865356445312,963.8411254882812,1122.7802734375,1500.603759765625
NewCon4.png,DENT,0.0007865937077440321,1372.8927001953125,4.265085697174072,2488.3955078125,820.4535522460938
NewCon4.png,DENT,0.0007808562368154526,1880.640625,909.451904296875,2542.5615234375,1656.54296875
NewCon4.png,DENT,0.0007773400866426528,956.5045166015625,27.79205322265625,1473.1259765625,647.47412109375
NewCon4.png,DAMAGE - DEFRAME,0.0007758478168398142,0.0,1624.861572265625,2553.0322265625,2560.0
NewCon4.png,DENT,0.0007618439849466085,2106.455322265625,1035.581787109375,2397.873779296875,1609.8311767578125
NewCon4.png,DENT,0.0007554401527158916,1778.88525390625,1016.108154296875,1974.7156982421875,1583.2452392578125
NewCon4.png,DAMAGE - RUST,0.0007454789010807872,2055.285888671875,931.8140258789062,2280.638671875,1620.65966796875
NewCon4.png,DENT,0.000722807424608618,1525.3985595703125,0.0,2542.087890625,181.45297241210938
NewCon4.png,DENT,0.0007112646126188338,2372.6552734375,2088.986083984375,2560.0,2554.83740234375
NewCon4.png,DENT,0.0006921968888491392,1585.1893310546875,1801.19580078125,2552.697021484375,2559.428955078125
NewCon4.png,DENT,0.0006738799274899065,554.4044799804688,987.08740234375,842.91259765625,1495.8658447265625
NewCon4.png,DENT,0.0006705878768116236,1884.7818603515625,1225.0284423828125,2210.869873046875,1628.714111328125
NewCon4.png,DENT,0.0006690242444165051,1867.68994140625,73.63739013671875,2306.53515625,611.6543579101562
NewCon4.png,DENT,0.0006579953478649259,208.48130798339844,741.6140747070312,352.1066589355469,1057.41162109375
NewCon4.png,DENT,0.0006553121493197978,292.4308166503906,2.7630105018615723,1540.5557861328125,693.4940795898438
NewCon4.png,DENT,0.0006550817051902413,2131.412353515625,992.6338500976562,2494.327392578125,1582.5250244140625
NewCon4.png,DENT,0.0006532238330692053,0.0,1245.09423828125,208.0813751220703,1571.4840087890625
NewCon4.png,DENT,0.0006473304238170385,2356.507568359375,4.03564453125,2560.0,296.1004943847656
NewCon4.png,DENT,0.0006342441774904728,2394.54248046875,1052.227783203125,2560.0,1377.510498046875
NewCon4.png,DENT,0.0006310335593298078,2089.927490234375,1343.29833984375,2356.8896484375,1655.1185302734375
NewCon4.png,DENT,0.0006283256807364523,1973.9462890625,84.76658630371094,2402.74072265625,611.2877807617188
NewCon4.png,DENT,0.0006254629697650671,2162.067138671875,2111.979248046875,2560.0,2557.839111328125
NewCon4.png,DENT,0.000625093758571893,1629.1177978515625,0.0,2555.55126953125,970.3233642578125
NewCon4.png,DENT,0.0006145870429463685,833.222412109375,2205.21630859375,2560.0,2560.0
NewCon4.png,DENT,0.0006102563347667456,1493.16162109375,920.2620239257812,2170.694580078125,1526.7945556640625
NewCon4.png,DENT,0.0006065446650609374,1011.8533935546875,2056.472900390625,2550.10693359375,2558.792236328125
NewCon4.png,DENT,0.0005947142490185797,0.4300180971622467,1335.6546630859375,125.7217788696289,1704.7708740234375
NewCon4.png,DENT,0.0005848622531630099,0.21910348534584045,154.74049377441406,177.68441772460938,731.0366821289062
NewCon4.png,DENT,0.0005827719578519464,2.2275795936584473,0.0,549.12548828125,804.9135131835938
NewCon4.png,DENT,0.0005793595919385552,1630.9840087890625,582.1634521484375,1840.3504638671875,810.36865234375
NewCon4.png,DENT,0.0005754554877057672,820.191162109375,818.3223266601562,1242.534912109375,1315.5765380859375
NewCon4.png,DENT,0.0005627619102597237,234.8297119140625,0.0,1331.7105712890625,314.5313415527344
NewCon4.png,DAMAGE - RUST,0.0005601231823675334,2086.185546875,951.4454956054688,2268.206298828125,1497.2845458984375
NewCon4.png,DENT,0.0005596415721811354,434.0400085449219,987.1704711914062,762.004150390625,1308.3497314453125
NewCon4.png,DENT,0.0005482824635691941,2067.094482421875,1838.3380126953125,2554.590087890625,2557.267333984375
NewCon4.png,DENT,0.000541534973308444,1166.5869140625,1807.6785888671875,2559.121826171875,2560.0
NewCon4.png,DENT,0.0005254033021628857,514.361328125,1132.8516845703125,763.0488891601562,1508.2672119140625
NewCon4.png,DENT,0.0005250218091532588,579.7909545898438,13.3935546875,1658.014404296875,679.7427978515625
NewCon4.png,DENT,0.0005217735306359828,2063.51220703125,1352.785400390625,2287.688232421875,1699.4586181640625
NewCon4.png,DENT,0.0005205194465816021,1783.6944580078125,2362.417724609375,2549.111083984375,2560.0
NewCon4.png,DENT,0.0005184749024920166,270.0287780761719,0.0,1626.857421875,179.94297790527344
NewCon4.png,DENT,0.0005168215138837695,2364.90380859375,9.103036880493164,2560.0,449.3842468261719
NewCon4.png,DENT,0.0005143039743416011,216.1104736328125,1091.0391845703125,352.0212097167969,1456.92578125
NewCon4.png,DENT,0.0005093475338071585,14.958597183227539,0.0,922.2553100585938,246.84783935546875
NewCon4.png,DENT,0.0005042893462814391,1343.37646484375,2229.07373046875,2501.265869140625,2560.0
NewCon4.png,DENT,0.0004915104946121573,63.61165237426758,2247.173583984375,1556.7255859375,2560.0
NewCon4.png,DENT,0.0004885202506557107,2302.07470703125,2.2601318359375,2560.0,219.188232421875
NewCon4.png,DENT,0.0004850476107094437,110.11042022705078,1187.475341796875,351.201171875,1497.0008544921875
NewCon4.png,DENT,0.00048094178782776,2256.211181640625,2295.724365234375,2560.0,2558.4189453125
NewCon4.png,DAMAGE - RUST,0.0004767587233800441,2153.21044921875,952.5565185546875,2488.826416015625,1504.3035888671875
NewCon4.png,DENT,0.0004748567589558661,207.5911407470703,799.2600708007812,358.96942138671875,1328.2313232421875
NewCon4.png,DENT,0.00047415276640094817,1878.673095703125,1853.9993896484375,2557.669677734375,2534.168701171875
NewCon4.png,DENT,0.00047037136391736567,592.3729248046875,2284.510009765625,1101.5394287109375,2560.0
NewCon4.png,DENT,0.0004695002571679652,1761.131591796875,38.742164611816406,2408.687744140625,739.392822265625
NewCon4.png,DENT,0.00046775233931839466,1100.9759521484375,0.0,2560.0,937.4163818359375
NewCon4.png,DENT,0.0004665831511374563,24.26310157775879,0.0,497.59521484375,1041.760498046875
NewCon4.png,DENT,0.0004600817337632179,929.3798828125,1251.293701171875,1130.6192626953125,1517.847900390625
NewCon4.png,DENT,0.00045491958735510707,905.6312866210938,941.46337890625,1289.71630859375,1495.8701171875
NewCon4.png,DENT,0.0004288130148779601,2319.909912109375,7.047220706939697,2560.0,627.2015991210938
NewCon4.png,DENT,0.0004257027176208794,1705.898193359375,986.7860717773438,1888.3392333984375,1535.5067138671875
NewCon4.png,DENT,0.00041910557774826884,434.82257080078125,1010.120849609375,773.61083984375,1414.928955078125
NewCon4.png,DENT,0.00041366275399923325,2320.3173828125,2191.15625,2560.0,2560.0
NewCon4.png,DAMAGE - DEFRAME,0.0004078780475538224,36.08601760864258,2041.6827392578125,2214.538818359375,2559.961181640625
NewCon4.png,DENT,0.0004075486504007131,254.8848419189453,39.6774787902832,1115.3800048828125,787.5824584960938
NewCon4.png,DENT,0.00040730184991844,677.097900390625,796.7651977539062,1248.355224609375,1327.9715576171875
NewCon4.png,DENT,0.0003959632304031402,16.98638916015625,0.0,690.7860107421875,206.22152709960938
NewCon4.png,DAMAGE - RUST,0.0003945794014725834,1571.353515625,1989.8756103515625,2487.286865234375,2549.641357421875
NewCon4.png,DENT,0.0003914714907296002,1632.4088134765625,451.07623291015625,2017.7701416015625,841.3214721679688
NewCon4.png,DENT,0.0003869611828122288,1363.74267578125,2377.5068359375,2419.682861328125,2560.0
NewCon4.png,DENT,0.00037773820804432034,890.0772705078125,58.91728591918945,1595.8692626953125,763.199462890625
NewCon4.png,DENT,0.0003772050840780139,408.0126953125,875.655517578125,791.2767333984375,1365.289306640625
NewCon4.png,DENT,0.0003765258879866451,2176.8310546875,2239.0966796875,2559.89404296875,2559.610107421875
NewCon4.png,DENT,0.00037191531737335026,1012.6004638671875,899.0513916015625,2069.82421875,1465.4161376953125
NewCon4.png,DENT,0.0003718583902809769,604.2037963867188,1285.6666259765625,854.70556640625,1513.81396484375
NewCon4.png,DENT,0.000371721078408882,0.30173617601394653,1083.9130859375,98.41964721679688,1491.5933837890625
NewCon4.png,DENT,0.0003714084450621158,840.2034301757812,2368.782470703125,2560.0,2560.0
NewCon4.png,DENT,0.000369039160432294,171.93038940429688,676.170654296875,419.4337463378906,1025.77880859375
NewCon4.png,DENT,0.00036444273428060114,1.9507852792739868,1267.1666259765625,394.03338623046875,2430.556884765625
NewCon4.png,DENT,0.00036394744529388845,1794.924072265625,2398.160400390625,2448.559814453125,2559.927978515625
NewCon4.png,DENT,0.0003631482250057161,451.1673889160156,786.6678466796875,1303.5819091796875,1385.3272705078125
NewCon4.png,DENT,0.0003578841860871762,2227.91943359375,1788.958251953125,2559.01123046875,2560.0
NewCon4.png,DENT,0.00035677332198247313,0.0,1302.569091796875,218.33389282226562,1798.115234375
NewCon4.png,DENT,0.00035575745278038085,1902.685302734375,824.4368286132812,2217.490478515625,1375.3409423828125
NewCon4.png,DENT,0.0003503567713778466,1704.8826904296875,1033.661865234375,1828.111083984375,1553.2093505859375
NewCon4.png,DENT,0.00034938432509079576,1431.3187255859375,2059.51318359375,2506.42822265625,2559.14453125
NewCon4.png,DENT,0.00034719897666946054,0.0,1209.530029296875,242.3750762939453,1504.1669921875
NewCon4.png,DENT,0.00034405404585413635,2184.806396484375,887.1170654296875,2555.649658203125,1609.328125
NewCon4.png,DENT,0.0003438712446950376,2021.692626953125,1557.8223876953125,2556.68212890625,2541.501220703125
NewCon4.png,DENT,0.00034258136292919517,463.0120849609375,2260.05810546875,2114.291259765625,2560.0
NewCon4.png,DENT,0.0003423663729336113,2238.413818359375,14.112955093383789,2560.0,852.5235595703125
NewCon4.png,DENT,0.0003403026203159243,909.07470703125,959.2393798828125,1290.4833984375,1349.96240234375
NewCon4.png,DENT,0.0003387915494386107,1753.549560546875,1358.6478271484375,1937.1282958984375,1615.1630859375
NewCon4.png,DENT,0.0003379146510269493,2370.893798828125,8.548990249633789,2560.0,780.9691162109375
NewCon4.png,DENT,0.0003374500956851989,821.8651733398438,19.810688018798828,2437.50244140625,1206.93798828125
NewCon4.png,DENT,0.0003365760203450918,0.1570637971162796,724.5267333984375,301.7760009765625,1036.7056884765625
NewCon4.png,DENT,0.0003338833339512348,0.0,5.748697757720947,1343.8380126953125,926.6522216796875
NewCon4.png,DENT,0.00033351173624396324,0.0,0.0,2560.0,2395.632568359375
NewCon4.png,DENT,0.00033252721186727285,2182.041015625,2376.315673828125,2557.03076171875,2560.0
NewCon4.png,DENT,0.00033053095103241503,1983.751220703125,1341.7066650390625,2281.73046875,1700.8502197265625
NewCon4.png,DAMAGE - RUST,0.00032843765802681446,1725.8782958984375,2038.62744140625,2473.55078125,2508.0439453125
NewCon4.png,DENT,0.000326121284160763,2307.78466796875,876.0194702148438,2557.64404296875,1483.345703125
NewCon4.png,DENT,0.00032466513221152127,89.10257720947266,7.6091508865356445,964.7989501953125,969.8004150390625
NewCon4.png,DENT,0.00032262838794849813,1519.9222412109375,558.546142578125,1806.23388671875,892.583984375
NewCon4.png,DENT,0.00031688640592619777,3.3172097206115723,0.0,504.0966796875,211.14828491210938
NewCon4.png,DENT,0.0003166221722494811,0.1840718537569046,12.328287124633789,228.65879821777344,652.20458984375
NewCon4.png,DENT,0.0003156781895086169,1687.12109375,1410.7655029296875,1825.8560791015625,1609.3201904296875
NewCon4.png,DENT,0.0003156510938424617,0.0,1113.6907958984375,247.1937255859375,1450.5823974609375
NewCon4.png,DENT,0.0003141053894069046,0.9458414316177368,3.07708740234375,247.3275146484375,335.1033020019531
NewCon4.png,DENT,0.000313135125907138,754.9545288085938,1293.2086181640625,1072.984130859375,1522.2568359375
NewCon4.png,DENT,0.00031146008404903114,2396.5224609375,1285.364990234375,2560.0,1790.2237548828125
NewCon4.png,DENT,0.00030986781348474324,1226.3101806640625,158.61375427246094,1887.7481689453125,969.7634887695312
NewCon4.png,DENT,0.0003035849367734045,444.62005615234375,810.1410522460938,853.8487548828125,1390.7650146484375
NewCon4.png,DENT,0.00030130843515507877,0.0,901.2520141601562,278.5406799316406,1271.658447265625
NewCon4.png,DENT,0.0002994184324052185,1.1261621713638306,1368.50927734375,149.6927490234375,1901.585205078125
NewCon4.png,DENT,0.0002991371147800237,222.05978393554688,1041.322998046875,412.83868408203125,1435.8831787109375
NewCon4.png,DENT,0.0002982656878884882,952.994140625,1115.9471435546875,1213.7579345703125,1534.2275390625
NewCon4.png,DENT,0.00029746259679086506,2072.943603515625,1334.337890625,2489.849609375,1712.642822265625
NewCon4.png,DENT,0.00028385332552716136,0.0,852.9714965820312,284.99835205078125,1069.38525390625
NewCon4.png,DENT,0.00028251257026568055,642.6065063476562,2390.159912109375,1032.9381103515625,2558.885498046875
NewCon4.png,DENT,0.0002799596986733377,657.5321044921875,2380.355224609375,1869.52880859375,2560.0
NewCon4.png,DENT,0.0002798169443849474,1704.3712158203125,2400.156982421875,2218.059326171875,2559.722412109375
NewCon4.png,DENT,0.0002748236001934856,2311.362548828125,1187.6356201171875,2558.580322265625,1763.708251953125
NewCon4.png,DENT,0.0002743217919487506,1834.65087890625,1926.776123046875,2465.722900390625,2457.2529296875
NewCon4.png,DENT,0.0002737808972597122,500.87518310546875,935.8280029296875,1251.49658203125,1487.672119140625
NewCon4.png,DENT,0.0002735943126026541,723.1146850585938,2404.11083984375,1073.2843017578125,2557.76611328125
NewCon4.png,DENT,0.0002731077547650784,1863.2392578125,835.1639404296875,2169.42822265625,1418.2496337890625
NewCon4.png,DENT,0.00026910609449259937,1575.4237060546875,1412.931640625,1760.733154296875,1609.5484619140625
NewCon4.png,DENT,0.00026753637939691544,212.29798889160156,852.8878784179688,426.2188415527344,1375.5888671875
NewCon4.png,DENT,0.0002667832013685256,384.15447998046875,2364.36181640625,1151.8804931640625,2559.370849609375
NewCon4.png,DENT,0.0002654835407156497,15.392328262329102,804.37109375,305.1274108886719,1057.4468994140625
NewCon4.png,DENT,0.0002636670833453536,698.5171508789062,909.661865234375,1425.900146484375,1477.020263671875
NewCon4.png,DENT,0.0002636014833115041,762.520751953125,0.0,1790.15625,972.7429809570312
NewCon4.png,DENT,0.0002629957452882081,842.9555053710938,2260.79833984375,2296.310546875,2560.0
NewCon4.png,DENT,0.00026275712298229337,324.7371826171875,497.5791320800781,1505.379638671875,1271.255859375
NewCon4.png,DENT,0.00026056900969706476,722.8797607421875,2283.162353515625,1369.9481201171875,2559.98193359375
NewCon4.png,DENT,0.0002595283731352538,2081.823974609375,903.2625122070312,2266.681884765625,1208.623046875
NewCon4.png,DENT,0.00025748199550434947,0.0,1255.2103271484375,604.7642822265625,2425.130615234375
NewCon4.png,DENT,0.0002564172900747508,2140.216064453125,894.4656982421875,2444.114990234375,1307.747314453125
NewCon4.png,DENT,0.000253274425631389,255.2800750732422,485.8811340332031,650.0525512695312,989.8721313476562
NewCon4.png,DENT,0.0002517862303648144,1470.380859375,0.0,2438.021484375,1122.23583984375
NewCon4.png,DENT,0.0002495925291441381,2386.515380859375,1799.60400390625,2560.0,2506.972900390625
NewCon4.png,DENT,0.0002489290200173855,401.76422119140625,0.0,1172.0262451171875,166.44395446777344
NewCon4.png,DENT,0.00024828381719999015,2404.65966796875,98.52508544921875,2560.0,845.4794311523438
NewCon4.png,DAMAGE - RUST,0.0002465354045853019,4.2791748046875,2091.013427734375,977.2501220703125,2549.360595703125
NewCon4.png,DENT,0.0002455150242894888,346.6495666503906,950.2886962890625,1022.446044921875,1451.3779296875
NewCon4.png,DENT,0.00024120659509208053,735.585693359375,2392.138427734375,1392.281494140625,2559.313232421875
NewCon4.png,DENT,0.00023885849805083126,0.0,2031.578369140625,2552.83447265625,2559.498291015625
NewCon4.png,DENT,0.0002385280531598255,1092.3221435546875,2389.200439453125,2190.859375,2560.0
NewCon4.png,DENT,0.00023618017439730465,0.0,813.9328002929688,87.84134674072266,1086.3912353515625
NewCon4.png,DENT,0.00023211759980767965,1041.5689697265625,2276.030029296875,1836.3089599609375,2560.0
NewCon4.png,DENT,0.00023060166859067976,1163.267822265625,1745.7431640625,1447.1748046875,1982.1448974609375
NewCon4.png,DENT,0.0002231998078059405,614.8049926757812,137.60552978515625,1175.8702392578125,751.125
NewCon4.png,DENT,0.00022309983614832163,583.01123046875,1780.3809814453125,2552.741455078125,2560.0
NewCon4.png,DENT,0.00022284769511315972,0.0,1385.40380859375,247.9936981201172,1940.001953125
NewCon4.png,DENT,0.00022278459800872952,762.3478393554688,111.25404357910156,1410.804443359375,755.833740234375
NewCon4.png,DENT,0.00022264615108724684,1634.653076171875,517.9242553710938,2168.35546875,928.2467651367188
NewCon4.png,DAMAGE - RUST,0.00021609215764328837,6.8011474609375,2096.472412109375,645.7483520507812,2512.489013671875
NewCon4.png,DENT,0.00021554643171839416,299.00927734375,165.67758178710938,1249.3433837890625,960.6203002929688
NewCon4.png,DENT,0.00021552384714595973,1096.30810546875,2140.02392578125,1909.65673828125,2559.472900390625
NewCon4.png,DENT,0.00021245663810987025,2380.410400390625,813.69384765625,2560.0,1424.4031982421875
NewCon4.png,DENT,0.00021165578800719231,1248.615234375,1980.1541748046875,2443.193603515625,2560.0
NewCon4.png,DENT,0.00020785891683772206,1.3401920795440674,1427.6063232421875,172.70236206054688,2033.4112548828125
NewCon4.png,DENT,0.00020760421466547996,1619.83642578125,1132.3492431640625,1761.660888671875,1517.5281982421875
NewCon4.png,DENT,0.00020659080473706126,203.1204376220703,851.2133178710938,394.5029296875,1105.1846923828125
NewCon4.png,DENT,0.00020068320736754686,0.0,2332.65771484375,1454.6458740234375,2560.0
NewCon4.png,DENT,0.000199973612325266,313.97271728515625,761.0684204101562,717.2657470703125,1355.930908203125
NewCon4.png,DENT,0.0001994193298742175,658.1129760742188,2145.662353515625,1675.2552490234375,2559.01611328125
NewCon4.png,DENT,0.00019824922492261976,668.5878295898438,971.0220947265625,1380.5079345703125,1589.497802734375
NewCon4.png,DENT,0.0001956213527591899,1031.47412109375,1040.3502197265625,1298.2498779296875,1525.2781982421875
NewCon4.png,DENT,0.0001944953837664798,0.8876419067382812,1457.82421875,185.2751922607422,2286.148193359375
NewCon4.png,DENT,0.00019318773411214352,1959.800537109375,4.4981889724731445,2560.0,1125.442626953125
NewCon4.png,DENT,0.0001915908942464739,442.7215576171875,80.28778076171875,1647.1844482421875,1036.1456298828125
NewCon4.png,DENT,0.00018813955830410123,13.454690933227539,1095.5509033203125,821.8988037109375,1632.444580078125
NewCon4.png,DENT,0.00018777878722175956,0.0,1485.7052001953125,298.7795715332031,2249.07421875
NewCon4.png,DENT,0.000186004996066913,0.0,1479.1826171875,270.7015075683594,2002.18701171875
NewCon4.png,DENT,0.00018562973127700388,913.829345703125,907.5042724609375,1311.0953369140625,1257.9395751953125
NewCon4.png,DENT,0.00018472166266292334,774.6990356445312,908.317626953125,1727.414306640625,1455.2808837890625
NewCon4.png,DAMAGE - RUST,0.00018289004219695926,4.33258056640625,1938.9395751953125,838.012451171875,2523.997314453125
NewCon4.png,DENT,0.00018288500723429024,307.2178955078125,2171.802734375,1327.661865234375,2560.0
NewCon4.png,DENT,0.0001815108407754451,52.77791213989258,0.0,1191.4420166015625,184.9676513671875
NewCon4.png,DENT,0.00018112442921847105,401.9333190917969,1023.4979248046875,1238.435302734375,1582.3380126953125
NewCon4.png,DENT,0.00017997513350564986,974.8516845703125,2383.332763671875,1817.3638916015625,2559.4013671875
NewCon4.png,DENT,0.00017777954053599387,1614.4803466796875,1197.6849365234375,1773.7890625,1584.9110107421875
NewCon4.png,DENT,0.0001758617436280474,0.0,1480.2362060546875,348.5496520996094,2477.61328125
NewCon4.png,DAMAGE - RUST,0.00017577690596226603,1.3368732929229736,2128.266845703125,435.10577392578125,2463.17529296875
NewCon4.png,DAMAGE - RUST,0.0001754264667397365,1950.437744140625,790.8753051757812,2347.37060546875,1368.02001953125
NewCon4.png,DENT,0.00017516672960482538,279.6850280761719,1051.501953125,1029.0675048828125,1577.40625
NewCon4.png,DENT,0.00017415713227819651,191.44302368164062,797.8339233398438,390.73272705078125,1055.2198486328125
NewCon4.png,DENT,0.00017305997607763857,1271.0858154296875,2404.1396484375,1769.595947265625,2559.2216796875
NewCon4.png,DENT,0.0001726097398204729,1.2293497323989868,1111.337646484375,326.7826843261719,1863.8458251953125
NewCon4.png,DENT,0.00017122342251241207,1441.122802734375,1423.5849609375,1650.987060546875,1616.41796875
NewCon4.png,DAMAGE - RUST,0.00017076121002901345,0.0,1944.854736328125,1161.917724609375,2556.029052734375
NewCon4.png,DENT,0.00017016792844515294,429.8046875,558.5280151367188,985.5194091796875,1099.7083740234375
NewCon4.png,DENT,0.00016969787247944623,1616.0413818359375,286.1820373535156,2430.03564453125,1422.39208984375
NewCon4.png,DENT,0.00016805142513476312,65.61920166015625,966.73828125,834.3202514648438,1449.385986328125
NewCon4.png,DENT,0.0001679915003478527,1613.206787109375,1057.996826171875,1779.4091796875,1468.8895263671875
NewCon4.png,DENT,0.00016364514885935932,109.19775390625,1149.3582763671875,437.7707214355469,1535.8280029296875
NewCon4.png,DENT,0.00016248103929683566,373.6070556640625,345.004150390625,866.8069458007812,1137.794189453125
NewCon4.png,DENT,0.00016232323832809925,1063.01123046875,1748.658447265625,1382.3297119140625,2001.916015625
NewCon4.png,DENT,0.00015988982340786606,9.361572265625,2202.498291015625,1150.429443359375,2559.6064453125
NewCon4.png,DENT,0.0001575355272507295,1984.17236328125,1496.8690185546875,2437.064453125,2067.772705078125
NewCon4.png,DENT,0.000156157067976892,220.81204223632812,1164.260498046875,399.9438171386719,1453.70263671875
NewCon4.png,DENT,0.00015499329310841858,1931.4088134765625,1716.720703125,2445.4189453125,2203.699462890625
NewCon4.png,DENT,0.00015385069127660245,0.0,1501.649658203125,466.5814514160156,2138.987548828125
NewCon4.png,DENT,0.0001526588312117383,2.9385883808135986,1065.818603515625,521.1927490234375,1707.7198486328125
NewCon4.png,DENT,0.00015264573448803276,2257.708251953125,1580.9754638671875,2559.702880859375,2435.8232421875
NewCon4.png,DENT,0.00015200243797153234,4.399261474609375,905.3766479492188,323.73388671875,1499.2076416015625
NewCon4.png,DENT,0.00015092676039785147,1057.9508056640625,1820.0501708984375,1387.0263671875,2054.52734375
NewCon5.png,DENT,0.06888256222009659,1082.1622314453125,226.9451141357422,1147.84228515625,378.8183898925781
NewCon5.png,DENT,0.016996610909700394,1071.60205078125,215.60145568847656,1159.6444091796875,368.32965087890625
NewCon5.png,DENT,0.013376048766076565,1064.896728515625,217.62522888183594,1200.042236328125,385.7594909667969
NewCon5.png,DENT,0.012241166085004807,482.1595458984375,315.04937744140625,545.6436157226562,385.27154541015625
NewCon5.png,DENT,0.009391720406711102,657.6251220703125,336.8620300292969,708.575927734375,501.4729919433594
NewCon5.png,DENT,0.00921107642352581,661.2947998046875,397.3701171875,707.892333984375,500.35321044921875
NewCon5.png,DENT,0.004970568232238293,1028.1162109375,213.5208740234375,1213.6640625,390.2174377441406
NewCon5.png,DENT,0.0049544693902134895,637.71337890625,363.8658142089844,710.5823364257812,504.5505676269531
NewCon5.png,DENT,0.004765239078551531,711.4265747070312,328.5360412597656,787.2723999023438,497.1076965332031
NewCon5.png,DENT,0.004706734791398048,1055.4384765625,242.43833923339844,1145.024658203125,379.5526428222656
NewCon5.png,DENT,0.0046843960881233215,726.6175537109375,275.6454772949219,797.7034912109375,494.3570556640625
NewCon5.png,DENT,0.004604496527463198,660.4972534179688,375.4151611328125,728.6976318359375,501.4606018066406
NewCon5.png,DENT,0.004452247638255358,559.1685180664062,187.9474334716797,610.808837890625,270.6218566894531
NewCon5.png,DENT,0.004411153960973024,473.879150390625,292.8460693359375,554.7161254882812,403.3622131347656
NewCon5.png,DENT,0.004164151381701231,731.109619140625,250.30532836914062,792.8241577148438,431.55523681640625
NewCon5.png,DENT,0.0037973516155034304,716.261962890625,259.1304016113281,866.5686645507812,491.4228820800781
NewCon5.png,DENT,0.0037457155995070934,725.2437133789062,204.32728576660156,788.6763305664062,421.7320861816406
NewCon5.png,DENT,0.0036841684486716986,1078.9822998046875,244.70188903808594,1160.9307861328125,398.75469970703125
NewCon5.png,DENT,0.0036446533631533384,483.9342346191406,200.49954223632812,674.6356201171875,504.32720947265625
NewCon5.png,DENT,0.0036375245545059443,668.3726806640625,253.55450439453125,799.5980224609375,510.6891174316406
NewCon5.png,DENT,0.0036236837040632963,555.6913452148438,166.97239685058594,619.72607421875,318.10491943359375
NewCon5.png,DENT,0.003540111007168889,457.303466796875,194.38839721679688,594.5590209960938,489.887451171875
NewCon5.png,DENT,0.003374671097844839,740.4583740234375,285.49359130859375,812.5170288085938,480.355712890625
NewCon5.png,DENT,0.0033623799681663513,1108.9305419921875,230.4569854736328,1224.5316162109375,375.23663330078125
NewCon5.png,DENT,0.0032033040188252926,652.6160278320312,386.5685729980469,713.7994995117188,508.6634521484375
NewCon5.png,DENT,0.0031178928911685944,474.396728515625,308.9894104003906,555.9627075195312,387.0839538574219
NewCon5.png,DENT,0.003051742212846875,634.4427490234375,297.3917541503906,713.2691650390625,509.7845764160156
NewCon5.png,DENT,0.003049662569537759,457.3409118652344,281.1236267089844,560.8787231445312,446.9371643066406
NewCon5.png,DENT,0.0028916604351252317,1046.42041015625,209.98776245117188,1169.1358642578125,367.17266845703125
NewCon5.png,DENT,0.0028330497443675995,659.7843627929688,285.933837890625,732.0250244140625,500.4972229003906
NewCon5.png,DENT,0.002581292064860463,746.34716796875,326.8492431640625,818.655517578125,491.60675048828125
NewCon5.png,DENT,0.0025106596294790506,774.8961791992188,263.19921875,937.919921875,468.8670349121094
NewCon5.png,DENT,0.0024123266339302063,739.464599609375,285.29815673828125,804.6111450195312,438.8961181640625
NewCon5.png,DENT,0.002351687289774418,572.2191162109375,166.67666625976562,645.2367553710938,340.18255615234375
NewCon5.png,DENT,0.0021969927474856377,452.7350158691406,302.3665771484375,556.8626708984375,420.4886474609375
NewCon5.png,DENT,0.002050581621006131,469.53515625,277.2444152832031,572.203125,407.6474914550781
NewCon5.png,DENT,0.001937151770107448,559.9290771484375,172.56568908691406,639.43310546875,276.72149658203125
NewCon5.png,DENT,0.0019020918989554048,491.904541015625,171.77723693847656,617.4290161132812,399.3141174316406
NewCon5.png,DENT,0.0018955166451632977,685.909423828125,200.42652893066406,794.7504272460938,507.2922058105469
NewCon5.png,DENT,0.0018831177148967981,569.2637329101562,265.6474914550781,731.3146362304688,519.257080078125
NewCon5.png,DENT,0.001866444363258779,665.922607421875,241.295166015625,760.6727294921875,505.8121032714844
NewCon5.png,DENT,0.0018480793805792928,493.9989013671875,161.20594787597656,636.2020263671875,440.77593994140625
NewCon5.png,DENT,0.0016567908460274339,665.31640625,190.7750701904297,824.0350341796875,490.7269287109375
NewCon5.png,DENT,0.0014690910466015339,573.1349487304688,166.1540985107422,652.9483032226562,435.7960205078125
NewCon5.png,DENT,0.0014473425690084696,1052.134765625,175.0580596923828,1205.1834716796875,364.072509765625
NewCon5.png,DENT,0.0014330913545563817,536.7425537109375,184.0358123779297,758.5298461914062,492.46197509765625
NewCon5.png,DENT,0.0014072686899453402,786.9111938476562,303.4262390136719,845.6240234375,477.3764343261719
NewCon5.png,DENT,0.0013866163790225983,570.6992797851562,170.1614532470703,680.84521484375,501.36865234375
NewCon5.png,DENT,0.0013646673178300261,1051.8123779296875,253.5546417236328,1130.52392578125,405.1200866699219
NewCon5.png,DENT,0.0013275942765176296,837.7320556640625,331.73065185546875,882.5887451171875,471.04827880859375
NewCon5.png,DENT,0.0013071446446701884,451.5155029296875,269.0231018066406,699.9002075195312,525.440673828125
NewCon5.png,DENT,0.0012919859727844596,624.6325073242188,212.4509735107422,709.2953491210938,508.7908020019531
NewCon5.png,DENT,0.0012033942621201277,860.6449584960938,348.3051452636719,910.498046875,463.18096923828125
NewCon5.png,DENT,0.0011970954947173595,528.0625610351562,181.87901306152344,616.708984375,279.3740234375
NewCon5.png,DENT,0.001178623759187758,792.1439208984375,368.5132141113281,846.998779296875,485.4791259765625
NewCon5.png,DENT,0.0011746544623747468,470.4915466308594,266.4146423339844,615.8670654296875,438.84149169921875
NewCon5.png,DENT,0.0011374381138011813,995.8187866210938,210.04747009277344,1188.6746826171875,448.9213562011719
NewCon5.png,DENT,0.0011347968829795718,1055.7822265625,209.7662811279297,1233.427978515625,361.5520935058594
NewCon5.png,DENT,0.0011332407593727112,444.49395751953125,278.4153747558594,534.0116577148438,468.1875
NewCon5.png,DENT,0.0011078285751864314,379.7734069824219,168.54519653320312,521.01513671875,518.9483642578125
NewCon5.png,DENT,0.0011006538989022374,697.4884033203125,202.8884735107422,768.841064453125,402.56939697265625
NewCon5.png,DENT,0.0010983223328366876,708.2035522460938,195.18263244628906,890.146240234375,482.4821472167969
NewCon5.png,DENT,0.0010544182732701302,722.4514770507812,196.62625122070312,775.9852905273438,364.3253173828125
NewCon5.png,DENT,0.0010011441772803664,838.1029052734375,298.9331970214844,884.4547729492188,452.9291076660156
NewCon5.png,DENT,0.000989528838545084,835.4843139648438,249.76475524902344,884.5394897460938,430.4616394042969
NewCon5.png,DENT,0.000987865263596177,592.393310546875,171.2543182373047,665.2935791015625,366.06646728515625
NewCon5.png,DENT,0.0009823429863899946,649.3173217773438,192.9672088623047,713.231201171875,515.3671264648438
NewCon5.png,DENT,0.0009654044406488538,599.8260498046875,169.9467010498047,702.4107666015625,514.970947265625
NewCon5.png,DENT,0.0009315364877693355,858.955078125,324.2476501464844,915.1802368164062,440.7073669433594
NewCon5.png,DENT,0.0009087182115763426,743.949462890625,239.94923400878906,849.1732177734375,440.9836730957031
NewCon5.png,DENT,0.000906631350517273,438.4580078125,273.0723876953125,503.7170715332031,508.3600769042969
NewCon5.png,DENT,0.0008998650591820478,754.4789428710938,283.1547546386719,844.1980590820312,458.8132019042969
NewCon5.png,DENT,0.0008862223476171494,829.3469848632812,261.11358642578125,1000.4853515625,458.9875183105469
NewCon5.png,DENT,0.0008809058926999569,782.8618774414062,209.87969970703125,857.7212524414062,430.12420654296875
NewCon5.png,DENT,0.0008720762562006712,704.6441650390625,388.7772216796875,782.45361328125,504.2219543457031
NewCon5.png,DENT,0.0008670155657455325,586.4022216796875,303.4864807128906,716.8289794921875,517.1028442382812
NewCon5.png,DENT,0.0008456139476038516,799.3307495117188,221.47470092773438,857.70263671875,381.02252197265625
NewCon5.png,DENT,0.0008254757849499583,837.2470092773438,240.04522705078125,880.481689453125,378.33685302734375
NewCon5.png,DENT,0.0008250447572208941,408.07647705078125,240.95217895507812,612.97021484375,530.8450927734375
NewCon5.png,DENT,0.0008024926646612585,672.88037109375,276.2957763671875,868.98828125,510.2240905761719
NewCon5.png,DENT,0.000801512913312763,583.83837890625,370.1412658691406,686.8048095703125,529.5967407226562
NewCon5.png,DENT,0.0007668000762350857,900.8455200195312,328.0718078613281,944.6928100585938,424.9367980957031
NewCon5.png,DENT,0.0007152624311856925,494.4725036621094,261.95977783203125,626.8142700195312,470.30487060546875
NewCon5.png,DENT,0.0006943577318452299,482.8368835449219,282.12835693359375,581.2471313476562,497.7704772949219
NewCon5.png,DENT,0.0006887636263854802,898.7760620117188,344.5541687011719,947.6881713867188,454.3368835449219
NewCon5.png,DENT,0.0006839089910499752,408.4594421386719,281.8384094238281,530.5977172851562,474.1136169433594
NewCon5.png,DENT,0.0006715385825373232,1030.285400390625,220.85134887695312,1305.1201171875,387.09869384765625
NewCon5.png,DENT,0.000664520135615021,382.60662841796875,245.26170349121094,459.56103515625,512.7876586914062
NewCon5.png,DENT,0.000661892001517117,830.94384765625,386.8928527832031,879.0116577148438,478.40216064453125
NewCon5.png,DENT,0.0006361475097946823,894.8484497070312,275.2839050292969,947.8565063476562,420.49676513671875
NewCon5.png,DENT,0.0006342864944599569,426.74310302734375,327.4070129394531,499.6932678222656,533.4976196289062
NewCon5.png,DENT,0.0006283275433816016,633.629150390625,167.52609252929688,728.1375732421875,495.5926513671875
NewCon5.png,DENT,0.00062812544638291,1012.2560424804688,262.53802490234375,1112.9044189453125,375.3711853027344
NewCon5.png,DENT,0.0006226137629710138,398.558349609375,272.1429138183594,490.07598876953125,502.92510986328125
NewCon5.png,DENT,0.0006208514096215367,847.2249755859375,266.3996887207031,920.120849609375,431.5958251953125
NewCon5.png,DENT,0.0006119124591350555,398.9504089355469,462.0041809082031,456.4963684082031,549.20556640625
NewCon5.png,DENT,0.0006026377668604255,1058.8170166015625,260.0133972167969,1156.276123046875,431.8835754394531
NewCon5.png,DENT,0.0005978898843750358,588.2720947265625,181.3500213623047,662.6249389648438,328.93572998046875
NewCon5.png,DENT,0.0005961594870314002,695.58447265625,193.34922790527344,762.309326171875,357.2326965332031
NewCon5.png,DENT,0.0005830525187775493,391.9375915527344,354.7916259765625,457.21160888671875,541.2727661132812
NewCon5.png,DENT,0.0005704918294213712,940.3678588867188,327.757080078125,981.2218627929688,429.53057861328125
NewCon5.png,DENT,0.000563648238312453,1302.810302734375,262.03814697265625,1343.1502685546875,336.1886901855469
NewCon5.png,DENT,0.0005581114673987031,835.0411376953125,231.01834106445312,879.185546875,328.45245361328125
NewCon5.png,DENT,0.000549345335457474,1013.7273559570312,247.98709106445312,1132.3046875,354.0428161621094
NewCon5.png,DENT,0.0005351800355128944,469.9560852050781,196.0018768310547,571.95263671875,420.6508483886719
NewCon5.png,DENT,0.0005314549780450761,1290.9307861328125,248.847412109375,1348.75927734375,373.9476013183594
NewCon5.png,DENT,0.000528032542206347,468.07830810546875,348.5213623046875,543.5352783203125,525.8036499023438
NewCon5.png,DENT,0.0005130094359628856,916.9229736328125,234.18324279785156,1125.9024658203125,449.61773681640625
NewCon5.png,DENT,0.000506221957039088,795.260986328125,201.30543518066406,852.9815673828125,320.0125732421875
NewCon5.png,DENT,0.0005017861258238554,723.9573364257812,197.4841766357422,807.6925048828125,368.574951171875
NewCon5.png,DENT,0.0004870330449193716,399.0612487792969,200.2509765625,481.6665344238281,466.2179870605469
NewCon5.png,DENT,0.00048281639465130866,537.292724609375,386.9919738769531,629.4586791992188,526.355712890625
NewCon5.png,DENT,0.00047526933485642076,933.03515625,283.17449951171875,982.489501953125,407.5373840332031
NewCon5.png,DENT,0.00046239528455771506,897.1317138671875,243.23170471191406,950.7191772460938,380.4547119140625
NewCon5.png,DENT,0.00045781946391798556,524.2423095703125,284.6063537597656,634.4215698242188,508.98773193359375
NewCon5.png,DENT,0.00044550414895638824,854.5262451171875,383.9481506347656,906.165283203125,473.7945556640625
NewCon5.png,DENT,0.0004446085658855736,356.5373229980469,191.07449340820312,421.7728271484375,540.4055786132812
NewCon5.png,DENT,0.0004427963576745242,1096.90283203125,253.86476135253906,1231.62353515625,403.36102294921875
NewCon5.png,DENT,0.00043949842802248895,422.7945556640625,178.38499450683594,515.2936401367188,412.7804870605469
NewCon5.png,DENT,0.000435317779192701,1004.5701293945312,289.4570617675781,1071.537109375,410.72332763671875
NewCon5.png,DENT,0.0004283578891772777,940.4866333007812,351.6545104980469,983.7774047851562,450.807861328125
NewCon5.png,DENT,0.0004213374631945044,843.2630615234375,242.55543518066406,916.8724975585938,391.1504211425781
NewCon5.png,DENT,0.00041474465979263186,1326.5711669921875,234.01121520996094,1365.4027099609375,346.9178771972656
NewCon5.png,DENT,0.00041285104816779494,569.7244262695312,169.12652587890625,666.1596069335938,302.2344055175781
NewCon5.png,DENT,0.0004104206745978445,746.5565185546875,405.4504089355469,820.697509765625,501.1960144042969
NewCon5.png,DENT,0.00040792726213112473,551.5777587890625,155.7824249267578,656.1553955078125,293.7380676269531
NewCon5.png,DENT,0.0003980912151746452,361.3005676269531,356.0289001464844,420.6989440917969,551.1328125
NewCon5.png,DENT,0.0003880851436406374,579.1405639648438,468.62744140625,643.9503784179688,542.4961547851562
NewCon5.png,DAMAGE - RUST,0.00038593390490859747,348.3466491699219,135.31732177734375,396.53118896484375,645.236083984375
NewCon5.png,DENT,0.0003829066699836403,400.3320007324219,166.0963134765625,458.2409973144531,431.2486877441406
NewCon5.png,DENT,0.0003769011818803847,959.855224609375,321.1001281738281,1015.2003784179688,420.74542236328125
NewCon5.png,DENT,0.000375374365830794,939.5018310546875,225.94686889648438,1120.800537109375,411.9770202636719
NewCon5.png,DENT,0.0003749035531654954,1041.34228515625,310.3992919921875,1110.6768798828125,434.0047607421875
NewCon5.png,DENT,0.0003715008788276464,739.23095703125,196.9314727783203,956.7333374023438,467.6625061035156
NewCon5.png,DENT,0.0003639550704974681,1069.9700927734375,251.30174255371094,1181.14794921875,432.4000244140625
NewCon5.png,DENT,0.0003550826804712415,504.6928405761719,387.9954528808594,584.5989990234375,523.8562622070312
NewCon5.png,DENT,0.0003500515886116773,1326.6036376953125,253.122314453125,1361.5472412109375,340.7995300292969
NewCon5.png,DENT,0.0003440649015828967,962.2069091796875,282.70257568359375,1022.3943481445312,379.8212890625
NewCon5.png,DENT,0.00032550751348026097,632.11962890625,381.71234130859375,727.0642700195312,534.4448852539062
NewCon5.png,DENT,0.000325391796650365,1255.6671142578125,253.66468811035156,1309.96728515625,381.3943786621094
NewCon5.png,DENT,0.00032345406361855567,534.8884887695312,475.4538879394531,629.6372680664062,542.5191650390625
NewCon5.png,DENT,0.0003168670809827745,326.1263427734375,144.7350311279297,447.8153381347656,559.37744140625
NewCon5.png,DENT,0.0003130644035991281,1195.8233642578125,245.3433074951172,1261.6514892578125,380.3499450683594
NewCon5.png,DENT,0.0003099180175922811,364.0870361328125,408.7177734375,428.4328308105469,568.0869140625
NewCon5.png,DENT,0.00029229713254608214,510.7294921875,154.34182739257812,649.5464477539062,286.2897644042969
NewCon5.png,DENT,0.00029031274607405066,930.4656982421875,246.2330780029297,982.069580078125,361.5574951171875
NewCon5.png,DENT,0.00028073746943846345,1265.445068359375,250.84417724609375,1317.1884765625,344.9682312011719
NewCon5.png,DENT,0.0002803598181344569,424.590576171875,467.71295166015625,495.7489929199219,544.8162231445312
NewCon5.png,DENT,0.00027214709552936256,959.0220336914062,359.5166320800781,1014.579833984375,444.5036315917969
NewCon5.png,DENT,0.00027030103956349194,643.6682739257812,181.3688507080078,715.7384033203125,418.6546325683594
NewCon5.png,DENT,0.0002687478845473379,611.0661010742188,410.59136962890625,695.4989013671875,540.1565551757812
NewCon5.png,DENT,0.0002563882153481245,1012.3671875,202.32762145996094,1134.130859375,307.2238464355469
NewCon5.png,DAMAGE - RUST,0.00025622229441069067,350.5849914550781,304.2318115234375,389.8976135253906,550.1350708007812
NewCon5.png,DAMAGE - RUST,0.0002487586752977222,299.0534973144531,174.48370361328125,372.57513427734375,595.9605102539062
NewCon5.png,DAMAGE - RUST,0.00024427889729849994,304.7028503417969,403.6027526855469,358.6675109863281,518.0426635742188
NewCon5.png,DENT,0.00024189655960071832,162.8311004638672,137.00485229492188,375.57464599609375,608.7828369140625
NewCon5.png,DAMAGE - RUST,0.00024062911688815802,156.46421813964844,138.7839813232422,346.50146484375,547.3790283203125
NewCon5.png,DENT,0.00023896535276435316,1250.3065185546875,296.431884765625,1397.0,668.7682495117188
NewCon5.png,DENT,0.00023358351609203964,1325.922119140625,234.59332275390625,1375.7659912109375,412.89886474609375
NewCon5.png,DENT,0.00023295832215808332,409.1496887207031,166.48809814453125,456.64825439453125,333.40155029296875
NewCon5.png,DENT,0.00023292965488508344,998.7138061523438,354.8881530761719,1056.987060546875,438.8366394042969
NewCon5.png,DAMAGE - RUST,0.00023128229076974094,150.17601013183594,151.24127197265625,327.8553161621094,409.7053527832031
NewCon5.png,DENT,0.0002308634720975533,1036.9124755859375,143.7144317626953,1260.76318359375,334.4990234375
NewCon5.png,DENT,0.00023084630083758384,0.3993018567562103,31.421627044677734,96.42424774169922,669.5213623046875
NewCon5.png,DENT,0.0002299397310707718,925.6163940429688,200.87258911132812,1157.867431640625,388.6528015136719
NewCon5.png,DENT,0.00022880383767187595,967.6024780273438,254.04318237304688,1033.39501953125,349.617431640625
NewCon5.png,DENT,0.0002240433095721528,839.63525390625,234.3676300048828,914.5377807617188,330.2163391113281
NewCon5.png,DENT,0.0002209650701843202,482.92626953125,170.67347717285156,600.2359619140625,328.25665283203125
NewCon5.png,DENT,0.00021679072233382612,1193.28466796875,236.88931274414062,1257.399169921875,353.7383728027344
NewCon5.png,DENT,0.00021496150293387473,499.8324890136719,475.5901184082031,595.8056030273438,541.8999633789062
NewCon5.png,DENT,0.0002141346485586837,715.6983032226562,187.42483520507812,779.4456176757812,335.0985412597656
NewCon5.png,DAMAGE - RUST,0.00021344178821891546,270.3036804199219,417.67230224609375,339.7391052246094,494.90008544921875
NewCon5.png,DENT,0.0002116095565725118,783.6825561523438,411.135498046875,849.689208984375,498.1700134277344
NewCon5.png,DENT,0.00020898468210361898,0.24735498428344727,293.1045227050781,45.896175384521484,587.7251586914062
NewCon5.png,DENT,0.00020610858337022364,412.5644226074219,161.7995147705078,457.9410400390625,269.240478515625
NewCon5.png,DENT,0.00020592354121617973,1272.5030517578125,274.0450744628906,1357.254150390625,424.1344909667969
NewCon5.png,DENT,0.00020338685135357082,727.6986083984375,187.26661682128906,813.8992309570312,312.75836181640625
NewCon5.png,DAMAGE - DEFRAME,0.0002019624225795269,138.5982666015625,142.6675262451172,368.35174560546875,588.700927734375
NewCon5.png,DAMAGE - RUST,0.0002019192761508748,160.5675048828125,156.07557678222656,299.86309814453125,347.10760498046875
NewCon5.png,DAMAGE - RUST,0.00020160186977591366,161.70458984375,340.3302307128906,298.9194030761719,560.134765625
NewCon5.png,DENT,0.00020026936545036733,891.888427734375,381.3406982421875,950.7147216796875,468.67352294921875
NewCon5.png,DENT,0.00019986343977507204,823.2757568359375,208.0807647705078,879.4599609375,324.29541015625
NewCon5.png,DENT,0.00019891420379281044,1266.9371337890625,238.084228515625,1318.964111328125,323.844482421875
NewCon5.png,DENT,0.00019889220129698515,1322.8626708984375,196.53237915039062,1384.8133544921875,350.758544921875
NewCon5.png,DENT,0.00019674237410072237,934.3311767578125,386.1434020996094,984.669921875,465.9496154785156
NewCon5.png,DAMAGE - RUST,0.00019309474737383425,251.45606994628906,358.7652893066406,351.5133361816406,512.8578491210938
NewCon5.png,DAMAGE - RUST,0.000192921026609838,299.2282409667969,364.0720520019531,366.30682373046875,592.123046875
NewCon5.png,DAMAGE - RUST,0.00019151273590978235,270.32843017578125,430.2042236328125,342.7754211425781,518.8895874023438
NewCon5.png,DENT,0.0001905504468595609,644.12158203125,188.23159790039062,705.1561279296875,346.70233154296875
NewCon5.png,DENT,0.00019024945504497737,1058.1063232421875,214.14111328125,1270.6448974609375,319.9306945800781
NewCon5.png,DENT,0.00018941864254884422,482.5166015625,163.0181427001953,600.5307006835938,273.2572021484375
NewCon5.png,DENT,0.00018830504268407822,355.779052734375,144.19964599609375,435.3015441894531,514.5194091796875
NewCon5.png,DENT,0.00018785454449243844,1350.6942138671875,222.72727966308594,1395.0128173828125,346.13824462890625
NewCon5.png,DAMAGE - RUST,0.00018761915271170437,288.15960693359375,121.00293731689453,384.1318359375,720.0
NewCon5.png,DENT,0.00018367962911725044,469.33258056640625,474.0239562988281,539.3818359375,543.2537841796875
NewCon5.png,DENT,0.0001821703917812556,414.93548583984375,164.47622680664062,491.0204162597656,368.40618896484375
NewCon5.png,DENT,0.00017410251894034445,955.5980834960938,384.7095031738281,1023.5021362304688,464.8504638671875
NewCon5.png,DAMAGE - RUST,0.0001734855759423226,154.62489318847656,148.37689208984375,256.3725280761719,289.5047912597656
NewCon5.png,DAMAGE - RUST,0.0001711354561848566,194.5179443359375,163.16983032226562,295.9251403808594,297.16107177734375
NewCon5.png,DENT,0.000166336540132761,1295.4757080078125,226.51348876953125,1353.8787841796875,317.7888488769531
NewCon5.png,DENT,0.00016600174421910197,1111.047119140625,230.1331024169922,1256.8951416015625,336.49871826171875
NewCon5.png,DENT,0.00016478929319418967,371.1481628417969,163.60653686523438,436.6883544921875,432.1656188964844
NewCon5.png,DENT,0.0001633486244827509,589.7564086914062,169.8885498046875,705.2402954101562,329.2377014160156
NewCon5.png,DENT,0.00016224742284975946,381.0094299316406,153.3688507080078,438.8338317871094,342.6075439453125
NewCon5.png,DENT,0.00015956191055011004,900.3309936523438,232.1948699951172,950.3899536132812,316.9834289550781
NewCon5.png,DAMAGE - RUST,0.00015913706738501787,144.66754150390625,365.1376037597656,239.18563842773438,532.2467651367188
NewCon5.png,DENT,0.0001577795046614483,389.72235107421875,485.20318603515625,462.8219299316406,579.2730712890625
NewCon5.png,DENT,0.00015747830912005156,777.9418334960938,186.24229431152344,854.0333251953125,275.7598571777344
NewCon5.png,DENT,0.00015567359514534473,1280.5968017578125,227.59976196289062,1395.976806640625,453.0060729980469
NewCon5.png,DAMAGE - RUST,0.0001490573340561241,144.1688995361328,339.7225646972656,240.1559600830078,585.6155395507812
NewCon5.png,DAMAGE - RUST,0.000145579528179951,212.34237670898438,141.97154235839844,377.8917541503906,682.7269287109375
NewCon5.png,DENT,0.00013887614477425814,986.61328125,401.2449951171875,1073.21142578125,470.44903564453125
NewCon5.png,DENT,0.00013847601076122373,413.7707214355469,162.18096923828125,485.7601013183594,269.4110412597656
NewCon5.png,DENT,0.00013825368660036474,1350.8310546875,244.05392456054688,1394.3282470703125,375.1742858886719
NewCon5.png,DENT,0.00013664214930031449,1021.5306396484375,402.311279296875,1119.7633056640625,483.97625732421875
NewCon5.png,DENT,0.0001358549779979512,1195.4532470703125,280.5241394042969,1280.907470703125,408.65850830078125
NewCon5.png,DAMAGE - RUST,0.00013375005801208317,252.35704040527344,389.3436584472656,356.5401916503906,584.4791259765625
NewCon5.png,DAMAGE - RUST,0.0001334566477453336,225.5191650390625,396.2284240722656,329.6401062011719,509.8641662597656
NewCon5.png,DENT,0.0001311942032771185,817.0234985351562,406.3482971191406,884.2632446289062,496.1365966796875
NewCon5.png,DENT,0.000131179069285281,1247.7811279296875,311.330078125,1308.3914794921875,404.85003662109375
NewCon5.png,DAMAGE - RUST,0.00012982664338778704,142.62655639648438,243.2506866455078,273.60369873046875,457.1068420410156
NewCon5.png,DENT,0.0001288545608986169,1079.177490234375,249.0164794921875,1239.4097900390625,443.3961181640625
NewCon5.png,DENT,0.0001269102212972939,0.3053259551525116,225.077880859375,46.404998779296875,523.03759765625
NewCon5.png,DENT,0.00012610114936251193,1241.1756591796875,529.6036987304688,1397.0,720.0
NewCon5.png,DENT,0.00012510348460637033,430.4260559082031,146.02810668945312,620.71142578125,239.24215698242188
NewCon5.png,DENT,0.0001236809475813061,970.252685546875,233.868896484375,1033.7711181640625,319.8780822753906
NewCon5.png,DENT,0.00012298872752580792,0.0,325.26690673828125,41.65519332885742,717.795166015625
NewCon5.png,DENT,0.00012277498899493366,1259.2344970703125,222.1488037109375,1326.3253173828125,299.4718933105469
NewCon5.png,DAMAGE - RUST,0.0001220499980263412,145.36830139160156,217.5723114013672,268.4051208496094,410.57733154296875
NewCon5.png,DENT,0.00011976223322562873,145.84718322753906,155.76416015625,297.23638916015625,383.10028076171875
NewCon5.png,DENT,0.00011921861005248502,837.4727172851562,209.0151824951172,919.744873046875,320.71923828125
NewCon5.png,DENT,0.00011919496319023892,1349.12939453125,108.63728332519531,1397.0,346.98284912109375
NewCon5.png,DAMAGE - RUST,0.00011801561049651355,207.49334716796875,152.72482299804688,348.6669921875,435.07476806640625
NewCon5.png,DENT,0.00011739928595488891,590.3052978515625,0.0,1200.963623046875,0.0
NewCon5.png,DENT,0.00011628202628344297,555.4376831054688,144.33204650878906,685.229248046875,300.8519592285156
NewCon5.png,DENT,0.00011461172107374296,345.4361877441406,18.797746658325195,765.31103515625,211.81716918945312
NewCon5.png,DENT,0.00011447715951362625,351.7311096191406,339.1007995605469,390.82708740234375,591.048828125
NewCon5.png,DENT,0.00011412805179134011,992.28955078125,150.15505981445312,1183.712646484375,259.4908142089844
NewCon5.png,DENT,0.00011358389019733295,784.5623168945312,198.9163055419922,1035.2952880859375,412.2270812988281
NewCon5.png,DENT,0.00011107730097137392,363.664306640625,485.9450988769531,430.3735656738281,584.808349609375
NewCon5.png,DENT,0.00010922398359980434,1324.28955078125,240.50338745117188,1388.984130859375,501.62420654296875
NewCon5.png,DENT,0.00010911936260527,478.3668518066406,506.4490051269531,650.7073974609375,580.8410034179688
NewCon5.png,DENT,0.00010804111661855131,927.0657958984375,233.8528289794922,980.7177734375,314.5196533203125
NewCon5.png,DENT,0.00010773853864520788,1044.38525390625,369.91497802734375,1182.8541259765625,503.4807434082031
NewCon5.png,DENT,0.00010694547381717712,410.0873718261719,132.92849731445312,705.9191284179688,387.9371337890625
NewCon5.png,DENT,0.00010643830319168046,936.2446899414062,233.09396362304688,1277.996826171875,577.3123168945312
NewCon5.png,DAMAGE - RUST,0.00010530507279327139,184.4649658203125,151.3775177001953,265.7106628417969,279.1783752441406
NewCon5.png,DENT,0.00010459841723786667,1.5415263175964355,140.07879638671875,67.72985076904297,381.4501037597656
NewCon5.png,DENT,0.00010368460789322853,1165.2017822265625,664.79150390625,1397.0,720.0
NewCon5.png,DENT,0.00010298853158019483,699.3783569335938,0.0,1300.4815673828125,0.0
NewCon5.png,DENT,0.00010268571350025013,658.9298095703125,373.428466796875,764.4043579101562,532.7489624023438
NewCon5.png,DENT,0.00010262051364406943,186.6378936767578,170.93458557128906,267.0979309082031,288.9920349121094
NewCon5.png,DENT,0.00010187803854933009,401.8675842285156,486.1331481933594,523.5769653320312,579.0633544921875
NewCon5.png,DENT,0.00010171563917538151,1265.26220703125,192.31800842285156,1393.8450927734375,376.4807434082031
NewCon5.png,DENT,0.0001008327744784765,0.0,199.62075805664062,71.28695678710938,550.4130859375
NewCon5.png,DENT,0.00010011697304435074,461.1977233886719,0.0,1054.33740234375,0.0
NewCon5.png,DENT,9.871443035081029e-05,1046.146728515625,120.50785827636719,1341.0120849609375,249.43621826171875
NewCon5.png,DENT,9.810876508709043e-05,361.23095703125,0.0,937.974365234375,0.0
NewCon5.png,DENT,9.59231547312811e-05,507.2952880859375,501.5821228027344,682.2986450195312,578.961181640625
NewCon5.png,DAMAGE - RUST,9.561447222949937e-05,220.20359802246094,170.97760009765625,340.62066650390625,335.0553283691406
NewCon5.png,DENT,9.51099646044895e-05,697.07177734375,296.10601806640625,939.4661254882812,513.2963256835938
NewCon5.png,DENT,9.419547131983563e-05,939.127197265625,284.3408203125,1397.0,623.3646240234375
NewCon5.png,DAMAGE - RUST,9.417229011887684e-05,150.39064025878906,452.1881408691406,221.16236877441406,569.9779663085938
NewCon5.png,DENT,9.399018017575145e-05,401.62945556640625,148.84951782226562,464.95294189453125,259.87091064453125
NewCon5.png,DENT,9.163833601633087e-05,0.6256650686264038,79.0771713256836,39.46455383300781,382.3286437988281
NewCon5.png,DENT,8.995409734779969e-05,281.9033508300781,0.0,812.6129760742188,0.0
NewCon5.png,DENT,8.845310367178172e-05,805.9688720703125,185.915283203125,888.23388671875,275.1397399902344
NewCon5.png,DENT,8.832363528199494e-05,95.2370376586914,0.0,633.8269653320312,0.0
NewCon5.png,DENT,8.716088632354513e-05,1094.647705078125,267.0466613769531,1283.288818359375,461.40631103515625
NewCon5.png,DAMAGE - RUST,8.679735037731007e-05,139.8180389404297,348.1601867675781,190.0455780029297,521.5423583984375
NewCon5.png,DENT,8.586961484979838e-05,1275.556396484375,229.30215454101562,1395.3603515625,572.3880615234375
NewCon5.png,DENT,8.418247307417914e-05,971.867919921875,228.7802276611328,1377.7237548828125,589.8555908203125
NewCon5.png,DAMAGE - RUST,8.415446063736454e-05,132.30874633789062,252.50599670410156,197.0286865234375,409.9663391113281
NewCon5.png,DAMAGE - RUST,8.395975601160899e-05,141.84654235839844,321.4836120605469,188.11502075195312,564.0594482421875
NewCon5.png,DENT,8.311901183333248e-05,1264.6209716796875,369.2325744628906,1376.182861328125,492.0412292480469
NewCon5.png,DENT,8.306100789923221e-05,968.8464965820312,202.06117248535156,1050.7308349609375,287.0888671875
NewCon5.png,DENT,8.288424578495324e-05,1352.8968505859375,234.57553100585938,1397.0,473.2255859375
NewCon5.png,DENT,8.177930430974811e-05,820.7085571289062,0.0,1367.4312744140625,0.0
NewCon5.png,DENT,8.176152186933905e-05,1108.31884765625,221.90713500976562,1383.364990234375,415.8026428222656
NewCon5.png,DENT,8.095575321931392e-05,201.50706481933594,0.0,712.087158203125,0.0
NewCon5.png,DENT,8.074635115917772e-05,7.841217994689941,0.0,453.5216979980469,0.0
NewCon5.png,DENT,7.926802936708555e-05,407.0601501464844,148.58673095703125,498.9683532714844,228.1296844482422
NewCon5.png,DENT,7.920803182059899e-05,1180.8524169921875,351.6943664550781,1342.171630859375,480.590087890625
NewCon5.png,DENT,7.745629409328103e-05,1228.228515625,359.0786437988281,1367.1611328125,501.6850891113281
NewCon5.png,DENT,7.735981489531696e-05,373.6820068359375,142.14920043945312,444.7711486816406,298.6250305175781
NewCon5.png,DENT,7.722213922534138e-05,0.16678518056869507,310.09112548828125,70.31403350830078,577.8298950195312
NewCon5.png,DENT,7.720027497271076e-05,421.0052795410156,497.3221130371094,606.246337890625,583.84521484375
NewCon5.png,DENT,7.657580135855824e-05,874.1846923828125,380.0556945800781,1397.0,720.0
NewCon5.png,DENT,7.609616295667365e-05,1014.0557250976562,214.69354248046875,1316.998779296875,496.638671875
NewCon5.png,DAMAGE - RUST,7.602080586366355e-05,224.1509552001953,397.5044860839844,337.2239990234375,565.3355102539062
NewCon5.png,DENT,7.582409307360649e-05,340.3974304199219,51.53120803833008,680.9098510742188,170.5331268310547
NewCon5.png,DENT,7.581758836749941e-05,554.317626953125,498.6595458984375,686.8971557617188,573.3775634765625
NewCon5.png,DENT,7.57128291297704e-05,954.306884765625,0.0,1396.68017578125,215.13429260253906
NewCon5.png,DENT,7.34100176487118e-05,247.86676025390625,450.5633544921875,356.48492431640625,593.1527709960938
NewCon5.png,DENT,7.33045962988399e-05,892.3306274414062,206.75611877441406,954.6372680664062,304.3031005859375
NewCon5.png,DENT,7.298381387954578e-05,963.5126342773438,27.954486846923828,1250.3057861328125,268.595458984375
NewCon5.png,DENT,7.074483437463641e-05,1242.102294921875,412.5444030761719,1397.0,720.0
NewCon5.png,DENT,6.983240018598735e-05,981.1644287109375,455.173828125,1091.712890625,521.4949951171875
NewCon5.png,DENT,6.890735676279292e-05,0.0,366.7623291015625,73.82112884521484,599.4517822265625
NewCon5.png,DAMAGE - RUST,6.884679169161245e-05,306.14044189453125,155.12535095214844,363.6351318359375,367.2614440917969
